{
"type": "FeatureCollection",
"name": "segmentos_indice_exposicion",
"crs": { "type": "name", "properties": { "name": "urn:ogc:def:crs:OGC:1.3:CRS84" } },
"features": [
{ "type": "Feature", "properties": { "km_inicio": 0, "km_fin": 1, "s_inicio_km": 0.0, "s_fin_km": 0.912141, "longitud_traza_km": 0.910406, "factor_local": 0.910406, "metodo_calibracion": "solo_puntos_confianza_alta", "subindice_topografia": 0.0, "subindice_hidrologia": 0.1823222556786348, "subindice_clima": 0.27674330126325691, "indice_exposicion": 15.302185231396392, "ranking_exposicion": 113, "clase_exposicion": "muy_baja" }, "geometry": { "type": "LineString", "coordinates": [ [ -68.580246374470718, -29.509454675254201 ], [ -68.581106548766726, -29.508966146299162 ], [ -68.581457331989228, -29.508128461595923 ], [ -68.581667743521137, -29.507242961020967 ], [ -68.581878155053033, -29.506357460446015 ], [ -68.582088566584929, -29.505471959871063 ], [ -68.582298978116839, -29.504586459296114 ], [ -68.582509389648749, -29.503700958721158 ], [ -68.582719801180644, -29.502815458146205 ], [ -68.582930212712554, -29.501929957571253 ], [ -68.582955757020102, -29.501822456338719 ] ] } },
{ "type": "Feature", "properties": { "km_inicio": 1, "km_fin": 2, "s_inicio_km": 0.912141, "s_fin_km": 1.824281, "longitud_traza_km": 0.912137, "factor_local": 0.912137, "metodo_calibracion": "solo_puntos_confianza_alta", "subindice_topografia": 0.1379969720148676, "subindice_hidrologia": 0.017256455079828401, "subindice_clima": 0.27776169730872519, "indice_exposicion": 14.433837480114043, "ranking_exposicion": 118, "clase_exposicion": "muy_baja" }, "geometry": { "type": "LineString", "coordinates": [ [ -68.582955757020102, -29.501822456338719 ], [ -68.583157774083432, -29.500935451518664 ], [ -68.583357663414347, -29.500048065420028 ], [ -68.583557618753559, -29.499160690836419 ], [ -68.583763044942003, -29.498274301460647 ], [ -68.583975325282765, -29.497389146314543 ], [ -68.584187605623555, -29.496503991168435 ], [ -68.584399885964331, -29.495618836022327 ], [ -68.584612166305106, -29.494733680876219 ], [ -68.584820826135228, -29.493847859947316 ], [ -68.58484611846437, -29.493740312592855 ] ] } },
{ "type": "Feature", "properties": { "km_inicio": 2, "km_fin": 3, "s_inicio_km": 1.824281, "s_fin_km": 2.736421, "longitud_traza_km": 0.912136, "factor_local": 0.912136, "metodo_calibracion": "solo_puntos_confianza_alta", "subindice_topografia": 0.00032097432740300002, "subindice_hidrologia": 0.052611836831255497, "subindice_clima": 0.27808206979766309, "indice_exposicion": 11.033829365210719, "ranking_exposicion": 128, "clase_exposicion": "muy_baja" }, "geometry": { "type": "LineString", "coordinates": [ [ -68.58484611846437, -29.493740312592855 ], [ -68.585054454419918, -29.492854432106025 ], [ -68.585262790375467, -29.491968551619188 ], [ -68.585471126331029, -29.491082671132357 ], [ -68.585679462286578, -29.490196790645523 ], [ -68.58588779824214, -29.489310910158693 ], [ -68.586156448951172, -29.488437728869915 ], [ -68.586426372611712, -29.487564815599523 ], [ -68.586696296272223, -29.486691902329135 ], [ -68.586966219932762, -29.485818989058746 ], [ -68.586998989111024, -29.48571301594578 ] ] } },
{ "type": "Feature", "properties": { "km_inicio": 3, "km_fin": 4, "s_inicio_km": 2.736421, "s_fin_km": 3.648561, "longitud_traza_km": 0.912091, "factor_local": 0.912091, "metodo_calibracion": "solo_puntos_confianza_alta", "subindice_topografia": 0.12728615147454181, "subindice_hidrologia": 0.054982182718665, "subindice_clima": 0.27850551443659999, "indice_exposicion": 15.359128287660232, "ranking_exposicion": 111, "clase_exposicion": "muy_baja" }, "geometry": { "type": "LineString", "coordinates": [ [ -68.586998989111024, -29.48571301594578 ], [ -68.587268912771549, -29.484840102675388 ], [ -68.587488398055342, -29.483956768373179 ], [ -68.587688191458312, -29.483069365547554 ], [ -68.587887984861283, -29.482181962721935 ], [ -68.588087778264253, -29.481294559896309 ], [ -68.588287571667237, -29.480407157070683 ], [ -68.588487365070222, -29.479519754245061 ], [ -68.588687158473178, -29.478632351419439 ], [ -68.588886951876162, -29.477744948593816 ], [ -68.588911207125321, -29.47763721642491 ] ] } },
{ "type": "Feature", "properties": { "km_inicio": 4, "km_fin": 5, "s_inicio_km": 3.648561, "s_fin_km": 4.560701, "longitud_traza_km": 0.91214, "factor_local": 0.91214, "metodo_calibracion": "solo_puntos_confianza_alta", "subindice_topografia": 0.12935759381970921, "subindice_hidrologia": 0.055093850014479702, "subindice_clima": 0.27818219028211633, "indice_exposicion": 15.42112113721018, "ranking_exposicion": 110, "clase_exposicion": "muy_baja" }, "geometry": { "type": "LineString", "coordinates": [ [ -68.588911207125321, -29.47763721642491 ], [ -68.589111000528291, -29.476749813599287 ], [ -68.589310793931261, -29.475862410773665 ], [ -68.589510587334246, -29.474975007948039 ], [ -68.589710380737216, -29.474087605122413 ], [ -68.589910174140201, -29.473200202296795 ], [ -68.590109967543157, -29.472312799471169 ], [ -68.590309760946141, -29.471425396645547 ], [ -68.590509554349111, -29.470537993819921 ], [ -68.590709347752096, -29.469650590994302 ], [ -68.59073360300124, -29.469542858825395 ] ] } },
{ "type": "Feature", "properties": { "km_inicio": 5, "km_fin": 6, "s_inicio_km": 4.560701, "s_fin_km": 5.472841, "longitud_traza_km": 0.91214, "factor_local": 0.91214, "metodo_calibracion": "solo_puntos_confianza_alta", "subindice_topografia": 0.040997566315110603, "subindice_hidrologia": 0.028047593083918101, "subindice_clima": 0.27761210863941999, "indice_exposicion": 11.555242267948296, "ranking_exposicion": 127, "clase_exposicion": "muy_baja" }, "geometry": { "type": "LineString", "coordinates": [ [ -68.59073360300124, -29.469542858825395 ], [ -68.590933396404225, -29.46865545599977 ], [ -68.591133189807195, -29.467768053174147 ], [ -68.591332983210179, -29.466880650348525 ], [ -68.59153277661315, -29.465993247522899 ], [ -68.59173257001612, -29.465105844697277 ], [ -68.591932363419104, -29.464218441871655 ], [ -68.592132156822075, -29.463331039046032 ], [ -68.592331950225045, -29.462443636220407 ], [ -68.592531743628015, -29.461556233394788 ], [ -68.592555998877174, -29.461448501225878 ] ] } },
{ "type": "Feature", "properties": { "km_inicio": 6, "km_fin": 7, "s_inicio_km": 5.472841, "s_fin_km": 6.384982, "longitud_traza_km": 0.911714, "factor_local": 0.911714, "metodo_calibracion": "solo_puntos_confianza_alta", "subindice_topografia": 0.095501455886356501, "subindice_hidrologia": 0.034762960654359402, "subindice_clima": 0.27686350401270149, "indice_exposicion": 13.570930685113918, "ranking_exposicion": 121, "clase_exposicion": "muy_baja" }, "geometry": { "type": "LineString", "coordinates": [ [ -68.592555998877174, -29.461448501225878 ], [ -68.592755792280158, -29.460561098400255 ], [ -68.592955585683129, -29.459673695574629 ], [ -68.593155379086099, -29.458786292749011 ], [ -68.593355172489083, -29.457898889923385 ], [ -68.593668402652497, -29.457041303095373 ], [ -68.594054468709487, -29.456202860633088 ], [ -68.594440534766477, -29.455364418170802 ], [ -68.594826600823453, -29.454525975708517 ], [ -68.595212666880442, -29.453687533246232 ], [ -68.595259535937487, -29.453585744946313 ] ] } },
{ "type": "Feature", "properties": { "km_inicio": 7, "km_fin": 8, "s_inicio_km": 6.384982, "s_fin_km": 7.297122, "longitud_traza_km": 0.895151, "factor_local": 0.895151, "metodo_calibracion": "solo_puntos_confianza_alta", "subindice_topografia": 0.33946050921408838, "subindice_hidrologia": 0.065492815389775499, "subindice_clima": 0.27716806848400699, "indice_exposicion": 22.737379769595695, "ranking_exposicion": 85, "clase_exposicion": "baja" }, "geometry": { "type": "LineString", "coordinates": [ [ -68.595259535937487, -29.453585744946313 ], [ -68.595645601994477, -29.452747302484024 ], [ -68.596031668051467, -29.451908860021739 ], [ -68.595872918626213, -29.451074301200673 ], [ -68.595723221510497, -29.450273725249897 ], [ -68.596323128854678, -29.449541399474029 ], [ -68.596968560861342, -29.44883724353976 ], [ -68.597613992867991, -29.448133087605495 ], [ -68.598259424874641, -29.447428931671222 ], [ -68.598904937232149, -29.446724838148224 ], [ -68.598991611000812, -29.44664581275212 ] ] } },
{ "type": "Feature", "properties": { "km_inicio": 8, "km_fin": 9, "s_inicio_km": 7.297122, "s_fin_km": 8.209262, "longitud_traza_km": 0.910271, "factor_local": 0.910271, "metodo_calibracion": "solo_puntos_confianza_alta", "subindice_topografia": 0.18049877776430981, "subindice_hidrologia": 0.018028672170111001, "subindice_clima": 0.27867499133914692, "indice_exposicion": 15.906748042452261, "ranking_exposicion": 109, "clase_exposicion": "muy_baja" }, "geometry": { "type": "LineString", "coordinates": [ [ -68.598991611000812, -29.44664581275212 ], [ -68.599572065137593, -29.445915301177784 ], [ -68.599709088960239, -29.445022237134495 ], [ -68.59980803811041, -29.444121923372151 ], [ -68.599879737331946, -29.44321947615127 ], [ -68.599951436553511, -29.44231702893039 ], [ -68.600023135775061, -29.441414581709505 ], [ -68.600094834996611, -29.440512134488625 ], [ -68.600166534218161, -29.439609687267737 ], [ -68.600238233439711, -29.438707240046856 ], [ -68.60024693784365, -29.438597681463516 ] ] } },
{ "type": "Feature", "properties": { "km_inicio": 9, "km_fin": 10, "s_inicio_km": 8.209262, "s_fin_km": 9.121402, "longitud_traza_km": 0.91214, "factor_local": 0.91214, "metodo_calibracion": "solo_puntos_confianza_alta", "subindice_topografia": 0.093405178554464396, "subindice_hidrologia": 0.043107331380469897, "subindice_clima": 0.2772967494238156, "indice_exposicion": 13.793641978625001, "ranking_exposicion": 120, "clase_exposicion": "muy_baja" }, "geometry": { "type": "LineString", "coordinates": [ [ -68.60024693784365, -29.438597681463516 ], [ -68.6003186370652, -29.437695234242629 ], [ -68.60039033628675, -29.436792787021748 ], [ -68.600462035508315, -29.435890339800867 ], [ -68.600533734729865, -29.434987892579983 ], [ -68.600605433951401, -29.434085445359102 ], [ -68.600677133172965, -29.433182998138221 ], [ -68.600748832394515, -29.432280550917334 ], [ -68.600820531616066, -29.431378103696453 ], [ -68.600892230837616, -29.430475656475569 ], [ -68.600900935241555, -29.430366097892225 ] ] } },
{ "type": "Feature", "properties": { "km_inicio": 10, "km_fin": 11, "s_inicio_km": 9.121402, "s_fin_km": 10.033542, "longitud_traza_km": 0.91214, "factor_local": 0.91214, "metodo_calibracion": "solo_puntos_confianza_alta", "subindice_topografia": 0.052765875203637999, "subindice_hidrologia": 0.2468387358951348, "subindice_clima": 0.27589320882320051, "indice_exposicion": 19.183260664065781, "ranking_exposicion": 98, "clase_exposicion": "baja" }, "geometry": { "type": "LineString", "coordinates": [ [ -68.600900935241555, -29.430366097892225 ], [ -68.600972634463105, -29.429463650671345 ], [ -68.601044333684655, -29.42856120345046 ], [ -68.601116032906205, -29.427658756229579 ], [ -68.601187732127769, -29.426756309008699 ], [ -68.60125943134932, -29.425853861787811 ], [ -68.601331130570856, -29.42495141456693 ], [ -68.601402829792406, -29.424048967346046 ], [ -68.60147452901397, -29.423146520125165 ], [ -68.60154622823552, -29.422244072904284 ], [ -68.601554932639459, -29.422134514320938 ] ] } },
{ "type": "Feature", "properties": { "km_inicio": 11, "km_fin": 12, "s_inicio_km": 10.033542, "s_fin_km": 10.945682, "longitud_traza_km": 0.909223, "factor_local": 0.909223, "metodo_calibracion": "solo_puntos_confianza_alta", "subindice_topografia": 0.066012583851112097, "subindice_hidrologia": 0.0208417352623794, "subindice_clima": 0.27551953304565469, "indice_exposicion": 12.079128405304877, "ranking_exposicion": 124, "clase_exposicion": "muy_baja" }, "geometry": { "type": "LineString", "coordinates": [ [ -68.601554932639459, -29.422134514320938 ], [ -68.601626616413412, -29.421232066150115 ], [ -68.601730865841446, -29.420332683575968 ], [ -68.602117527484779, -29.419508468659082 ], [ -68.602616851594249, -29.418717683104362 ], [ -68.603116175703747, -29.417926897549634 ], [ -68.603615499813216, -29.417136111994914 ], [ -68.604250222728027, -29.416440823308896 ], [ -68.605018658004283, -29.415839842041571 ], [ -68.60578709328054, -29.415238860774242 ], [ -68.605880382592431, -29.415165900655644 ] ] } },
{ "type": "Feature", "properties": { "km_inicio": 12, "km_fin": 13, "s_inicio_km": 10.945682, "s_fin_km": 11.857823, "longitud_traza_km": 0.912056, "factor_local": 0.912056, "metodo_calibracion": "solo_puntos_confianza_alta", "subindice_topografia": 0.12436543639996429, "subindice_hidrologia": 0.00034636165823409998, "subindice_clima": 0.28028653515786123, "indice_exposicion": 13.499944440535325, "ranking_exposicion": 122, "clase_exposicion": "muy_baja" }, "geometry": { "type": "LineString", "coordinates": [ [ -68.605880382592431, -29.415165900655644 ], [ -68.606648817868688, -29.414564919388315 ], [ -68.607417253144945, -29.41396393812099 ], [ -68.608185688421202, -29.413362956853657 ], [ -68.608954123697458, -29.412761975586331 ], [ -68.609722558973715, -29.412160994319002 ], [ -68.610503020983046, -29.411573306796864 ], [ -68.611340894348587, -29.411049078897218 ], [ -68.612178767714141, -29.410524850997568 ], [ -68.613016641079682, -29.410000623097922 ], [ -68.613118360290315, -29.409936980964947 ] ] } },
{ "type": "Feature", "properties": { "km_inicio": 13, "km_fin": 14, "s_inicio_km": 11.857823, "s_fin_km": 12.769963, "longitud_traza_km": 0.910502, "factor_local": 0.910502, "metodo_calibracion": "solo_puntos_confianza_alta", "subindice_topografia": 0.0057558118345715998, "subindice_hidrologia": 0.0030946331922019998, "subindice_clima": 0.28570676389598332, "indice_exposicion": 9.818573630758566, "ranking_exposicion": 129, "clase_exposicion": "muy_baja" }, "geometry": { "type": "LineString", "coordinates": [ [ -68.613118360290315, -29.409936980964947 ], [ -68.613956233655855, -29.4094127530653 ], [ -68.614794107021396, -29.408888525165651 ], [ -68.615631980386937, -29.408364297266004 ], [ -68.616345233413142, -29.407733513340009 ], [ -68.616916706096234, -29.406981500808335 ], [ -68.617488178779311, -29.406229488276661 ], [ -68.618059651462389, -29.405477475744984 ], [ -68.618631124145466, -29.40472546321331 ], [ -68.619202596828544, -29.403973450681633 ], [ -68.61927197455627, -29.403882155118062 ] ] } },
{ "type": "Feature", "properties": { "km_inicio": 14, "km_fin": 15, "s_inicio_km": 12.769963, "s_fin_km": 13.682103, "longitud_traza_km": 0.912001, "factor_local": 0.912001, "metodo_calibracion": "solo_puntos_confianza_alta", "subindice_topografia": 0.1091479504027392, "subindice_hidrologia": 0.0030946331922019998, "subindice_clima": 0.28826438402804683, "indice_exposicion": 13.3502322540996, "ranking_exposicion": 123, "clase_exposicion": "muy_baja" }, "geometry": { "type": "LineString", "coordinates": [ [ -68.61927197455627, -29.403882155118062 ], [ -68.619843447239347, -29.403130142586388 ], [ -68.620414919922425, -29.402378130054711 ], [ -68.620986392605502, -29.401626117523037 ], [ -68.62155786528858, -29.400874104991367 ], [ -68.622129337971657, -29.400122092459689 ], [ -68.622700810654734, -29.399370079928016 ], [ -68.623272283337812, -29.398618067396342 ], [ -68.623833816215026, -29.397861787568001 ], [ -68.624155682502845, -29.397002615545258 ], [ -68.62419475760187, -29.39689831064246 ] ] } },
{ "type": "Feature", "properties": { "km_inicio": 15, "km_fin": 16, "s_inicio_km": 13.682103, "s_fin_km": 14.594243, "longitud_traza_km": 0.89963, "factor_local": 0.89963, "metodo_calibracion": "solo_puntos_confianza_alta", "subindice_topografia": 0.1519774647403726, "subindice_hidrologia": 0.016712809507760999, "subindice_clima": 0.29200647237141442, "indice_exposicion": 15.356558220651609, "ranking_exposicion": 112, "clase_exposicion": "muy_baja" }, "geometry": { "type": "LineString", "coordinates": [ [ -68.62419475760187, -29.39689831064246 ], [ -68.62451662388969, -29.39603913861972 ], [ -68.62483849017751, -29.395179966596977 ], [ -68.625160356465315, -29.394320794574238 ], [ -68.625482253415925, -29.393461631448709 ], [ -68.625764430700684, -29.392594309936491 ], [ -68.625242574010784, -29.391862030183564 ], [ -68.624724137139026, -29.39116354773342 ], [ -68.624627845124621, -29.390262874594594 ], [ -68.624531553110216, -29.389362201455764 ], [ -68.624519863100602, -29.38925285824892 ] ] } },
{ "type": "Feature", "properties": { "km_inicio": 16, "km_fin": 17, "s_inicio_km": 14.594243, "s_fin_km": 15.506383, "longitud_traza_km": 0.906811, "factor_local": 0.906811, "metodo_calibracion": "solo_puntos_confianza_alta", "subindice_topografia": 0.21926077719265011, "subindice_hidrologia": 0.090965739284851604, "subindice_clima": 0.29117985977747218, "indice_exposicion": 20.046879208499131, "ranking_exposicion": 92, "clase_exposicion": "baja" }, "geometry": { "type": "LineString", "coordinates": [ [ -68.624519863100602, -29.38925285824892 ], [ -68.624423571086197, -29.38835218511009 ], [ -68.624327281573926, -29.387451511764148 ], [ -68.624230995212059, -29.386550838157419 ], [ -68.624135485075868, -29.385650113982486 ], [ -68.623981137883291, -29.384759357256655 ], [ -68.623423667810954, -29.384052676910919 ], [ -68.622515990575806, -29.383628210814706 ], [ -68.621650427734892, -29.383140121859064 ], [ -68.620785475355873, -29.382651131364938 ], [ -68.620680468708272, -29.382591767111208 ] ] } },
{ "type": "Feature", "properties": { "km_inicio": 17, "km_fin": 18, "s_inicio_km": 15.506383, "s_fin_km": 16.418523, "longitud_traza_km": 0.91214, "factor_local": 0.91214, "metodo_calibracion": "solo_puntos_confianza_alta", "subindice_topografia": 0.050507518916268798, "subindice_hidrologia": 0.0258392577713609, "subindice_clima": 0.28534625597626012, "indice_exposicion": 12.056434422129664, "ranking_exposicion": 126, "clase_exposicion": "muy_baja" }, "geometry": { "type": "LineString", "coordinates": [ [ -68.620680468708272, -29.382591767111208 ], [ -68.61981551632924, -29.382102776617081 ], [ -68.618950563950222, -29.381613786122958 ], [ -68.618085611571203, -29.381124795628839 ], [ -68.617220659192171, -29.380635805134716 ], [ -68.616355706813152, -29.380146814640597 ], [ -68.61549075443412, -29.379657824146474 ], [ -68.614625802055102, -29.379168833652351 ], [ -68.613760849676069, -29.378679843158231 ], [ -68.612895897297051, -29.378190852664108 ], [ -68.61279089064945, -29.378131488410371 ] ] } },
{ "type": "Feature", "properties": { "km_inicio": 18, "km_fin": 19, "s_inicio_km": 16.418523, "s_fin_km": 17.330664, "longitud_traza_km": 0.91214, "factor_local": 0.91214, "metodo_calibracion": "solo_puntos_confianza_alta", "subindice_topografia": 0.1229528843140856, "subindice_hidrologia": 0.046883849280238199, "subindice_clima": 0.27924964780957767, "indice_exposicion": 14.969546046796722, "ranking_exposicion": 114, "clase_exposicion": "muy_baja" }, "geometry": { "type": "LineString", "coordinates": [ [ -68.61279089064945, -29.378131488410371 ], [ -68.611925938270431, -29.377642497916252 ], [ -68.611060985891399, -29.377153507422129 ], [ -68.610196033512381, -29.37666451692801 ], [ -68.609331081133362, -29.376175526433887 ], [ -68.60846612875433, -29.375686535939764 ], [ -68.607601176375312, -29.375197545445644 ], [ -68.606736223996293, -29.374708554951521 ], [ -68.605871271617261, -29.374219564457398 ], [ -68.605006319238242, -29.373730573963279 ], [ -68.604901312590641, -29.373671209709542 ] ] } },
{ "type": "Feature", "properties": { "km_inicio": 19, "km_fin": 20, "s_inicio_km": 17.330664, "s_fin_km": 18.242804, "longitud_traza_km": 0.908373, "factor_local": 0.908373, "metodo_calibracion": "solo_puntos_confianza_alta", "subindice_topografia": 0.0, "subindice_hidrologia": 0.015853296830720499, "subindice_clima": 0.27341659070201441, "indice_exposicion": 9.6423295844245018, "ranking_exposicion": 130, "clase_exposicion": "muy_baja" }, "geometry": { "type": "LineString", "coordinates": [ [ -68.604901312590641, -29.373671209709542 ], [ -68.604036360211609, -29.373182219215419 ], [ -68.60317140783259, -29.3726932287213 ], [ -68.602306455453558, -29.372204238227177 ], [ -68.60144150307454, -29.371715247733057 ], [ -68.600576550695521, -29.371226257238934 ], [ -68.599876972254819, -29.370596281275994 ], [ -68.599856762522279, -29.369702042520725 ], [ -68.599905602706912, -29.368798414014094 ], [ -68.599954442891544, -29.367894785507463 ], [ -68.599960372170642, -29.367785083514079 ] ] } },
{ "type": "Feature", "properties": { "km_inicio": 20, "km_fin": 21, "s_inicio_km": 18.242804, "s_fin_km": 19.154944, "longitud_traza_km": 0.908651, "factor_local": 0.908651, "metodo_calibracion": "solo_puntos_confianza_alta", "subindice_topografia": 0.24917288380567909, "subindice_hidrologia": 0.0060354089731968, "subindice_clima": 0.27401560534596281, "indice_exposicion": 17.640796604161295, "ranking_exposicion": 103, "clase_exposicion": "baja" }, "geometry": { "type": "LineString", "coordinates": [ [ -68.599960372170642, -29.367785083514079 ], [ -68.600009212355261, -29.366881455007444 ], [ -68.600058052539907, -29.365977826500814 ], [ -68.60010689272454, -29.365074197994183 ], [ -68.600155732909158, -29.364170569487552 ], [ -68.600204572652729, -29.363266940962465 ], [ -68.60025341151605, -29.362363312400532 ], [ -68.600376954984284, -29.361474320036098 ], [ -68.6008772901789, -29.360697914726636 ], [ -68.601791558308463, -29.360307497647234 ], [ -68.601910752712342, -29.36027492210043 ] ] } },
{ "type": "Feature", "properties": { "km_inicio": 21, "km_fin": 22, "s_inicio_km": 19.154944, "s_fin_km": 20.067084, "longitud_traza_km": 0.850312, "factor_local": 0.850312, "metodo_calibracion": "solo_puntos_confianza_alta", "subindice_topografia": 0.89431666874794868, "subindice_hidrologia": 0.066356472047776296, "subindice_clima": 0.27781737869286138, "indice_exposicion": 41.283017316286212, "ranking_exposicion": 45, "clase_exposicion": "alta" }, "geometry": { "type": "LineString", "coordinates": [ [ -68.601910752712342, -29.36027492210043 ], [ -68.602913159900041, -29.360086403980283 ], [ -68.603253780813063, -29.359351222481958 ], [ -68.603572792506725, -29.358517839881269 ], [ -68.603467213459481, -29.357652199444487 ], [ -68.604262656324551, -29.357753743966406 ], [ -68.604651405167601, -29.358460364645026 ], [ -68.605421831905204, -29.359006116155413 ], [ -68.605898433813181, -29.35979827510722 ], [ -68.606447527380553, -29.360530954475379 ], [ -68.606498411826124, -29.360631238745366 ] ] } },
{ "type": "Feature", "properties": { "km_inicio": 22, "km_fin": 23, "s_inicio_km": 20.067084, "s_fin_km": 20.979224, "longitud_traza_km": 0.854235, "factor_local": 0.854235, "metodo_calibracion": "solo_puntos_confianza_alta", "subindice_topografia": 0.96763774990571039, "subindice_hidrologia": 0.058773551541458198, "subindice_clima": 0.2821147483526612, "indice_exposicion": 43.617534993327659, "ranking_exposicion": 43, "clase_exposicion": "alta" }, "geometry": { "type": "LineString", "coordinates": [ [ -68.606498411826124, -29.360631238745366 ], [ -68.607345175791139, -29.360925677681163 ], [ -68.608186400609128, -29.360838755481357 ], [ -68.60856103014909, -29.36002396331336 ], [ -68.609203381399112, -29.359324804766963 ], [ -68.610067784441654, -29.359343712056155 ], [ -68.61106723108189, -29.359514030955285 ], [ -68.612094709460962, -29.359482986062051 ], [ -68.612940288396103, -29.35909465843795 ], [ -68.612723708124165, -29.358222302899158 ], [ -68.612693166767087, -29.358115815763163 ] ] } },
{ "type": "Feature", "properties": { "km_inicio": 23, "km_fin": 24, "s_inicio_km": 20.979224, "s_fin_km": 21.891364, "longitud_traza_km": 0.869406, "factor_local": 0.869406, "metodo_calibracion": "solo_puntos_confianza_alta", "subindice_topografia": 0.64929962614863634, "subindice_hidrologia": 0.031111122338928501, "subindice_clima": 0.28672933815453222, "indice_exposicion": 32.238002888069907, "ranking_exposicion": 67, "clase_exposicion": "media" }, "geometry": { "type": "LineString", "coordinates": [ [ -68.612693166767087, -29.358115815763163 ], [ -68.612441593937547, -29.357238668423307 ], [ -68.612857175982938, -29.356666918131154 ], [ -68.613804554594481, -29.356548215816563 ], [ -68.614789100522913, -29.356760647993653 ], [ -68.615700053117223, -29.35644720956228 ], [ -68.616407150283678, -29.355808783318277 ], [ -68.617374511261502, -29.355544616181508 ], [ -68.618356753469556, -29.355290564546657 ], [ -68.619356509524849, -29.355447632838207 ], [ -68.619468035414599, -29.355496788450836 ] ] } },
{ "type": "Feature", "properties": { "km_inicio": 24, "km_fin": 25, "s_inicio_km": 21.891364, "s_fin_km": 22.803505, "longitud_traza_km": 0.787344, "factor_local": 0.787344, "metodo_calibracion": "solo_puntos_confianza_alta", "subindice_topografia": 0.77913311932769092, "subindice_hidrologia": 0.0133959852010251, "subindice_clima": 0.29180005613510418, "indice_exposicion": 36.144305355460673, "ranking_exposicion": 56, "clase_exposicion": "media" }, "geometry": { "type": "LineString", "coordinates": [ [ -68.619468035414599, -29.355496788450836 ], [ -68.620216126226481, -29.356104240798608 ], [ -68.620658631152821, -29.356893607002707 ], [ -68.621516566998281, -29.356838875593034 ], [ -68.621967866989564, -29.356383693435252 ], [ -68.622112316525104, -29.355739997334982 ], [ -68.622225214095664, -29.354949289163688 ], [ -68.622880530861281, -29.354327878539625 ], [ -68.623263596792086, -29.353558028429671 ], [ -68.624060245419969, -29.3533189517536 ], [ -68.624174803682806, -29.353344472589107 ] ] } },
{ "type": "Feature", "properties": { "km_inicio": 25, "km_fin": 26, "s_inicio_km": 22.803505, "s_fin_km": 23.753001, "longitud_traza_km": 0.91665, "factor_local": 0.91665, "metodo_calibracion": "solo_puntos_confianza_alta", "subindice_topografia": 0.42471692201884681, "subindice_hidrologia": 0.13979652053081501, "subindice_clima": 0.29607768633485559, "indice_exposicion": 28.686370962817254, "ranking_exposicion": 73, "clase_exposicion": "media" }, "geometry": { "type": "LineString", "coordinates": [ [ -68.624174803682806, -29.353344472589107 ], [ -68.624593270067734, -29.352805121368274 ], [ -68.625267062764394, -29.352132690782526 ], [ -68.625882839053489, -29.351411557670453 ], [ -68.626486108395667, -29.350695770768407 ], [ -68.627348846624415, -29.350203760963144 ], [ -68.628181093558169, -29.349675463465548 ], [ -68.628950722756699, -29.34907619419042 ], [ -68.629538640682171, -29.348347304458308 ], [ -68.629686204150957, -29.347460526396485 ], [ -68.629660909037867, -29.347013308841419 ] ] } },
{ "type": "Feature", "properties": { "km_inicio": 26, "km_fin": 27, "s_inicio_km": 23.753001, "s_fin_km": 24.702498, "longitud_traza_km": 0.934837, "factor_local": 0.934837, "metodo_calibracion": "solo_puntos_confianza_alta", "subindice_topografia": 0.40137262685834763, "subindice_hidrologia": 0.042859384905993697, "subindice_clima": 0.29780057120733128, "indice_exposicion": 24.734419432389089, "ranking_exposicion": 77, "clase_exposicion": "media" }, "geometry": { "type": "LineString", "coordinates": [ [ -68.629660909037867, -29.347013308841419 ], [ -68.629427532702508, -29.346160460746862 ], [ -68.62986564387181, -29.345362732658138 ], [ -68.629390761501199, -29.344580013126965 ], [ -68.628950434037151, -29.34377328529899 ], [ -68.629097119756125, -29.342890730735689 ], [ -68.629937717908135, -29.342426271878388 ], [ -68.630181994803522, -29.341558175556063 ], [ -68.630768267435286, -29.340818474515583 ], [ -68.631515993118114, -29.340200620485795 ], [ -68.631898758167594, -29.339905998877317 ] ] } },
{ "type": "Feature", "properties": { "km_inicio": 27, "km_fin": 28, "s_inicio_km": 24.702498, "s_fin_km": 25.651994, "longitud_traza_km": 0.941716, "factor_local": 0.941716, "metodo_calibracion": "solo_puntos_confianza_alta", "subindice_topografia": 0.35504732650898108, "subindice_hidrologia": 0.067364325656386198, "subindice_clima": 0.302786467660904, "indice_exposicion": 24.173270660875712, "ranking_exposicion": 80, "clase_exposicion": "baja" }, "geometry": { "type": "LineString", "coordinates": [ [ -68.631898758167594, -29.339905998877317 ], [ -68.632578801904089, -29.33922753484218 ], [ -68.633316705281445, -29.338612815516093 ], [ -68.634218996764503, -29.338179204676287 ], [ -68.635155517802914, -29.337808497196736 ], [ -68.636116729314992, -29.33748844816736 ], [ -68.637033058976613, -29.337097158620672 ], [ -68.637860966169484, -29.336575542136909 ], [ -68.638341640545406, -29.33579109618373 ], [ -68.638574904583479, -29.334938842429697 ], [ -68.63890655250097, -29.334599233114574 ] ] } },
{ "type": "Feature", "properties": { "km_inicio": 28, "km_fin": 29, "s_inicio_km": 25.651994, "s_fin_km": 26.601491, "longitud_traza_km": 0.890621, "factor_local": 0.890621, "metodo_calibracion": "solo_puntos_confianza_alta", "subindice_topografia": 0.63132849247412071, "subindice_hidrologia": 0.067364325656386198, "subindice_clima": 0.30617979569899278, "indice_exposicion": 33.495753794316656, "ranking_exposicion": 63, "clase_exposicion": "media" }, "geometry": { "type": "LineString", "coordinates": [ [ -68.63890655250097, -29.334599233114574 ], [ -68.639607035257583, -29.3339397980344 ], [ -68.640482353440817, -29.333485863021437 ], [ -68.641199017112697, -29.332987077357288 ], [ -68.640805971720056, -29.332154921480104 ], [ -68.640559042799268, -29.331284794964155 ], [ -68.64096699727132, -29.330475093183157 ], [ -68.641647600690433, -29.330607912182103 ], [ -68.642431795078636, -29.330149690025294 ], [ -68.642876583596561, -29.329358129034826 ], [ -68.643188665128577, -29.329004469699196 ] ] } },
{ "type": "Feature", "properties": { "km_inicio": 29, "km_fin": 30, "s_inicio_km": 26.601491, "s_fin_km": 27.550988, "longitud_traza_km": 0.882798, "factor_local": 0.882798, "metodo_calibracion": "solo_puntos_confianza_alta", "subindice_topografia": 0.52964173503260048, "subindice_hidrologia": 0.049256272037886802, "subindice_clima": 0.30980406100699792, "indice_exposicion": 29.62340226924951, "ranking_exposicion": 72, "clase_exposicion": "media" }, "geometry": { "type": "LineString", "coordinates": [ [ -68.643188665128577, -29.329004469699196 ], [ -68.643913097714204, -29.329035403041285 ], [ -68.644562751336053, -29.329606296995863 ], [ -68.645018217322999, -29.328990097498192 ], [ -68.645665111409642, -29.328288796136043 ], [ -68.646118751426727, -29.32749879675475 ], [ -68.646418205577746, -29.326651966212538 ], [ -68.646589937768866, -29.325761454146939 ], [ -68.646624173809869, -29.324864270464204 ], [ -68.646637486046728, -29.323978204342122 ], [ -68.646659201319238, -29.323535882033216 ] ] } },
{ "type": "Feature", "properties": { "km_inicio": 30, "km_fin": 31, "s_inicio_km": 27.550988, "s_fin_km": 28.500484, "longitud_traza_km": 0.942778, "factor_local": 0.942778, "metodo_calibracion": "solo_puntos_confianza_alta", "subindice_topografia": 0.42675927259418839, "subindice_hidrologia": 0.046703934246814099, "subindice_clima": 0.3108940090252445, "indice_exposicion": 26.145240528874901, "ranking_exposicion": 75, "clase_exposicion": "media" }, "geometry": { "type": "LineString", "coordinates": [ [ -68.646659201319238, -29.323535882033216 ], [ -68.647046482151168, -29.3227138771719 ], [ -68.647437735793247, -29.321891420745647 ], [ -68.64731578303612, -29.32100712416074 ], [ -68.647532122553386, -29.320131094040494 ], [ -68.64809132958149, -29.319379725258262 ], [ -68.648527265867202, -29.318561669094162 ], [ -68.649041805941025, -29.317778496607769 ], [ -68.649569029410983, -29.31700195549379 ], [ -68.650157414912869, -29.316262175689531 ], [ -68.650520914387215, -29.315950941660681 ] ] } },
{ "type": "Feature", "properties": { "km_inicio": 31, "km_fin": 32, "s_inicio_km": 28.500484, "s_fin_km": 29.449981, "longitud_traza_km": 0.938586, "factor_local": 0.938586, "metodo_calibracion": "solo_puntos_confianza_alta", "subindice_topografia": 0.34571511954399831, "subindice_hidrologia": 0.0040542922850068004, "subindice_clima": 0.31486828888989382, "indice_exposicion": 22.154590023963294, "ranking_exposicion": 87, "clase_exposicion": "baja" }, "geometry": { "type": "LineString", "coordinates": [ [ -68.650520914387215, -29.315950941660681 ], [ -68.651280268708746, -29.315341271644368 ], [ -68.652108744670159, -29.314805606176577 ], [ -68.652986325116586, -29.31434862279821 ], [ -68.6539482987165, -29.314029625003624 ], [ -68.654949714195652, -29.313988667953808 ], [ -68.655946347572069, -29.314208491018835 ], [ -68.656893296456872, -29.314078635150057 ], [ -68.657865278301401, -29.313805389229778 ], [ -68.658847214920485, -29.313537395336059 ], [ -68.65933335120603, -29.313405062207121 ] ] } },
{ "type": "Feature", "properties": { "km_inicio": 32, "km_fin": 33, "s_inicio_km": 29.449981, "s_fin_km": 30.399477, "longitud_traza_km": 0.932606, "factor_local": 0.932606, "metodo_calibracion": "solo_puntos_confianza_alta", "subindice_topografia": 0.16533564915018209, "subindice_hidrologia": 0.0073937731313916, "subindice_clima": 0.32025048823333968, "indice_exposicion": 16.432663683830452, "ranking_exposicion": 106, "clase_exposicion": "muy_baja" }, "geometry": { "type": "LineString", "coordinates": [ [ -68.65933335120603, -29.313405062207121 ], [ -68.660325266538692, -29.313171713652284 ], [ -68.66130234742738, -29.31289041958313 ], [ -68.66228807085902, -29.312633782509014 ], [ -68.66323411106552, -29.312295534400359 ], [ -68.664087271095184, -29.311802563438295 ], [ -68.665074273359508, -29.311691698603347 ], [ -68.666060426125526, -29.311944446823624 ], [ -68.667008592381165, -29.3122767313065 ], [ -68.66787929567154, -29.312019042171976 ], [ -68.668136510084054, -29.311639674438538 ] ] } },
{ "type": "Feature", "properties": { "km_inicio": 33, "km_fin": 34, "s_inicio_km": 30.399477, "s_fin_km": 31.348974, "longitud_traza_km": 0.947567, "factor_local": 0.947567, "metodo_calibracion": "solo_puntos_confianza_alta", "subindice_topografia": 0.032120885769994702, "subindice_hidrologia": 0.0051782330038260002, "subindice_clima": 0.32443777996140682, "indice_exposicion": 12.057896624507586, "ranking_exposicion": 125, "clase_exposicion": "muy_baja" }, "geometry": { "type": "LineString", "coordinates": [ [ -68.668136510084054, -29.311639674438538 ], [ -68.668621683983901, -29.310852027825653 ], [ -68.669336497136683, -29.310208214485861 ], [ -68.67014401951694, -29.309650855690691 ], [ -68.670865803610496, -29.309010113671167 ], [ -68.671566178295521, -29.308347857817065 ], [ -68.672265946829526, -29.307685106038385 ], [ -68.672965675199791, -29.3070223213996 ], [ -68.673665403570055, -29.306359536760816 ], [ -68.674393534528051, -29.305721020625988 ], [ -68.674756012322021, -29.305406751924291 ] ] } },
{ "type": "Feature", "properties": { "km_inicio": 34, "km_fin": 35, "s_inicio_km": 31.348974, "s_fin_km": 32.298471, "longitud_traza_km": 0.949493, "factor_local": 0.949493, "metodo_calibracion": "solo_puntos_confianza_alta", "subindice_topografia": 0.090632217560456502, "subindice_hidrologia": 0.024682706780669601, "subindice_clima": 0.3276900507528559, "indice_exposicion": 14.76683250313274, "ranking_exposicion": 116, "clase_exposicion": "muy_baja" }, "geometry": { "type": "LineString", "coordinates": [ [ -68.674756012322021, -29.305406751924291 ], [ -68.675488340723589, -29.304771822282262 ], [ -68.676220669125158, -29.304136892640233 ], [ -68.676957285278561, -29.3035058335462 ], [ -68.67769730986727, -29.302877851242283 ], [ -68.678437334455992, -29.302249868938368 ], [ -68.679177359044715, -29.301621886634454 ], [ -68.679917383633438, -29.300993904330536 ], [ -68.680657408222146, -29.300365922026618 ], [ -68.681410265322285, -29.29974988685505 ], [ -68.681783586483647, -29.299445605553938 ] ] } },
{ "type": "Feature", "properties": { "km_inicio": 35, "km_fin": 36, "s_inicio_km": 32.298471, "s_fin_km": 33.268426, "longitud_traza_km": 0.96512, "factor_local": 0.96512, "metodo_calibracion": "solo_puntos_confianza_alta", "subindice_topografia": 0.087668792362338904, "subindice_hidrologia": 0.016712809507760999, "subindice_clima": 0.3317281337268197, "indice_exposicion": 14.536991186563988, "ranking_exposicion": 117, "clase_exposicion": "muy_baja" }, "geometry": { "type": "LineString", "coordinates": [ [ -68.681783586483647, -29.299445605553938 ], [ -68.682537817874532, -29.298830849772393 ], [ -68.683289189492854, -29.298223488202712 ], [ -68.684224483978113, -29.297854411410423 ], [ -68.684982675475382, -29.297263540922415 ], [ -68.685529190307747, -29.296520722261359 ], [ -68.686420794602498, -29.296070624256444 ], [ -68.687313407032761, -29.295621770063811 ], [ -68.688202308492436, -29.295167679199562 ], [ -68.689053158659945, -29.294659892916282 ], [ -68.689655831611162, -29.29431568855621 ] ] } },
{ "type": "Feature", "properties": { "km_inicio": 36, "km_fin": 37, "s_inicio_km": 33.268426, "s_fin_km": 34.238381, "longitud_traza_km": 0.965565, "factor_local": 0.965565, "metodo_calibracion": "solo_puntos_confianza_alta", "subindice_topografia": 0.089460854975320706, "subindice_hidrologia": 0.021291509945253501, "subindice_clima": 0.33696703862677929, "indice_exposicion": 14.923980118245122, "ranking_exposicion": 115, "clase_exposicion": "muy_baja" }, "geometry": { "type": "LineString", "coordinates": [ [ -68.689655831611162, -29.29431568855621 ], [ -68.690652995812428, -29.294208631459096 ], [ -68.691677878286313, -29.294210208361751 ], [ -68.69269667189694, -29.29410071490873 ], [ -68.693722515287632, -29.294071125781397 ], [ -68.694673372190792, -29.293755580317953 ], [ -68.695419522357867, -29.293136612461371 ], [ -68.696221260519081, -29.292570666163723 ], [ -68.697020757313012, -29.292001923061928 ], [ -68.697841801030492, -29.291457855408044 ], [ -68.698422743138522, -29.291084786641498 ] ] } },
{ "type": "Feature", "properties": { "km_inicio": 37, "km_fin": 38, "s_inicio_km": 34.238381, "s_fin_km": 35.208336, "longitud_traza_km": 0.969307, "factor_local": 0.969307, "metodo_calibracion": "solo_puntos_confianza_alta", "subindice_topografia": 0.12893932633918481, "subindice_hidrologia": 0.017565962769339399, "subindice_clima": 0.33982095569109227, "indice_exposicion": 16.210874826653885, "ranking_exposicion": 108, "clase_exposicion": "muy_baja" }, "geometry": { "type": "LineString", "coordinates": [ [ -68.698422743138522, -29.291084786641498 ], [ -68.699252110974314, -29.290550189574766 ], [ -68.700119683510508, -29.290073130894932 ], [ -68.701055711001899, -29.289698966808409 ], [ -68.701998463884124, -29.289338180278083 ], [ -68.702939847892083, -29.288975096031592 ], [ -68.703826206815904, -29.288519084026756 ], [ -68.704680657093292, -29.288016001772814 ], [ -68.705534412890188, -29.287512005855383 ], [ -68.70638816868707, -29.287008009937953 ], [ -68.706985415133772, -29.286655438661789 ] ] } },
{ "type": "Feature", "properties": { "km_inicio": 38, "km_fin": 39, "s_inicio_km": 35.208336, "s_fin_km": 36.178291, "longitud_traza_km": 0.967784, "factor_local": 0.967784, "metodo_calibracion": "solo_puntos_confianza_alta", "subindice_topografia": 0.22059972188076171, "subindice_hidrologia": 0.0064616192392219001, "subindice_clima": 0.33858556444840909, "indice_exposicion": 18.854896852279762, "ranking_exposicion": 99, "clase_exposicion": "baja" }, "geometry": { "type": "LineString", "coordinates": [ [ -68.706985415133772, -29.286655438661789 ], [ -68.707838813719462, -29.286150982496078 ], [ -68.708724511397861, -29.285697809962869 ], [ -68.709707219809061, -29.28544354189636 ], [ -68.710704036714134, -29.285237114442126 ], [ -68.711648836339009, -29.284883833951181 ], [ -68.71243086309795, -29.284307800540972 ], [ -68.713009610136609, -29.283561259877139 ], [ -68.713723443894239, -29.282910281754162 ], [ -68.714421726386348, -29.282246417240913 ], [ -68.714905623239815, -29.281778251946029 ] ] } },
{ "type": "Feature", "properties": { "km_inicio": 39, "km_fin": 40, "s_inicio_km": 36.178291, "s_fin_km": 37.148247, "longitud_traza_km": 0.968793, "factor_local": 0.968793, "metodo_calibracion": "solo_puntos_confianza_alta", "subindice_topografia": 0.25295986499120499, "subindice_hidrologia": 0.00061520455975550004, "subindice_clima": 0.33776050693786352, "indice_exposicion": 19.711185882960805, "ranking_exposicion": 95, "clase_exposicion": "baja" }, "geometry": { "type": "LineString", "coordinates": [ [ -68.714905623239815, -29.281778251946029 ], [ -68.715571051412681, -29.281088658051974 ], [ -68.716236479585547, -29.280399064157919 ], [ -68.716963376112744, -29.279760069518602 ], [ -68.717786328928071, -29.279226434340597 ], [ -68.718713380509229, -29.27883538667286 ], [ -68.719631058789616, -29.278427544165037 ], [ -68.720577164135506, -29.278081448338956 ], [ -68.721503593498468, -29.27769267820198 ], [ -68.72240285257358, -29.27725483000301 ], [ -68.723026038573892, -29.276938927449148 ] ] } },
{ "type": "Feature", "properties": { "km_inicio": 40, "km_fin": 41, "s_inicio_km": 37.148247, "s_fin_km": 38.205326, "longitud_traza_km": 1.022424, "factor_local": 1.022424, "metodo_calibracion": "solo_puntos_confianza_alta", "subindice_topografia": 0.5661757372714542, "subindice_hidrologia": 0.19323119893794849, "subindice_clima": 0.3369452684481018, "indice_exposicion": 36.545073488583483, "ranking_exposicion": 55, "clase_exposicion": "media" }, "geometry": { "type": "LineString", "coordinates": [ [ -68.723026038573892, -29.276938927449148 ], [ -68.723890822110803, -29.276452163300071 ], [ -68.724572733953551, -29.275788223077143 ], [ -68.724627838991893, -29.274889815047519 ], [ -68.725149968558043, -29.274193726867811 ], [ -68.725136350146286, -29.273460229194917 ], [ -68.725507906839056, -29.272624095092976 ], [ -68.725875391014824, -29.271807071181094 ], [ -68.726203726334489, -29.270951635614555 ], [ -68.726423349860767, -29.270068229430418 ], [ -68.726763655767812, -29.269235552749098 ], [ -68.727042003716278, -29.268782280410033 ] ] } },
{ "type": "Feature", "properties": { "km_inicio": 41, "km_fin": 42, "s_inicio_km": 38.205326, "s_fin_km": 39.262404, "longitud_traza_km": 1.048696, "factor_local": 1.048696, "metodo_calibracion": "solo_puntos_confianza_alta", "subindice_topografia": 0.5517892997970999, "subindice_hidrologia": 0.061021753709509602, "subindice_clima": 0.33717829821956219, "indice_exposicion": 31.666311724205727, "ranking_exposicion": 70, "clase_exposicion": "media" }, "geometry": { "type": "LineString", "coordinates": [ [ -68.727042003716278, -29.268782280410033 ], [ -68.72741932047461, -29.267940986940548 ], [ -68.727769067712117, -29.267107359307449 ], [ -68.727817694751536, -29.266204969458403 ], [ -68.727659101384688, -29.265324825099245 ], [ -68.727466226731934, -29.264444145105514 ], [ -68.727137730595317, -29.263592406249945 ], [ -68.727388611920034, -29.26274026399447 ], [ -68.727781375602703, -29.261908108060755 ], [ -68.728337175326018, -29.261148333520879 ], [ -68.72897347720901, -29.260441367349642 ], [ -68.729346886338291, -29.260043061350629 ] ] } },
{ "type": "Feature", "properties": { "km_inicio": 42, "km_fin": 43, "s_inicio_km": 39.262404, "s_fin_km": 40.319483, "longitud_traza_km": 1.049021, "factor_local": 1.049021, "metodo_calibracion": "solo_puntos_confianza_alta", "subindice_topografia": 0.59321085517893901, "subindice_hidrologia": 0.090474054643580604, "subindice_clima": 0.33708689449054269, "indice_exposicion": 34.025726810435408, "ranking_exposicion": 59, "clase_exposicion": "media" }, "geometry": { "type": "LineString", "coordinates": [ [ -68.729346886338291, -29.260043061350629 ], [ -68.729865661622739, -29.259273888560809 ], [ -68.730243585044335, -29.258433249224304 ], [ -68.730517356667505, -29.257561635534135 ], [ -68.730729602561723, -29.256684835734326 ], [ -68.730995461327723, -29.255812300606284 ], [ -68.730895988344571, -29.254921504586875 ], [ -68.730978430972073, -29.254041938184031 ], [ -68.731478202571765, -29.25326306355031 ], [ -68.732058752913474, -29.252518074335018 ], [ -68.732444366690203, -29.251688976911066 ], [ -68.732632388173485, -29.25120006121686 ] ] } },
{ "type": "Feature", "properties": { "km_inicio": 43, "km_fin": 44, "s_inicio_km": 40.319483, "s_fin_km": 41.376562, "longitud_traza_km": 1.039311, "factor_local": 1.039311, "metodo_calibracion": "solo_puntos_confianza_alta", "subindice_topografia": 0.79296996018016053, "subindice_hidrologia": 0.065441810045627394, "subindice_clima": 0.33724377853673659, "indice_exposicion": 39.855184958750826, "ranking_exposicion": 47, "clase_exposicion": "alta" }, "geometry": { "type": "LineString", "coordinates": [ [ -68.732632388173485, -29.25120006121686 ], [ -68.732718857215659, -29.250306230789224 ], [ -68.733032503460862, -29.249451463187746 ], [ -68.73317978579415, -29.248558193460539 ], [ -68.733480539537339, -29.247693308157235 ], [ -68.733335547945131, -29.246839595051927 ], [ -68.733087782523299, -29.245965227033842 ], [ -68.732660187224752, -29.245177529065483 ], [ -68.732136458826403, -29.244401206098658 ], [ -68.731351377178811, -29.243875068264053 ], [ -68.73067776101432, -29.243206984948376 ], [ -68.73031891381369, -29.242821663063037 ] ] } },
{ "type": "Feature", "properties": { "km_inicio": 44, "km_fin": 45, "s_inicio_km": 41.376562, "s_fin_km": 42.433641, "longitud_traza_km": 1.039236, "factor_local": 1.039236, "metodo_calibracion": "solo_puntos_confianza_alta", "subindice_topografia": 0.54598148500523458, "subindice_hidrologia": 0.015460481208096, "subindice_clima": 0.33890596414913071, "indice_exposicion": 30.011597678748707, "ranking_exposicion": 71, "clase_exposicion": "media" }, "geometry": { "type": "LineString", "coordinates": [ [ -68.73031891381369, -29.242821663063037 ], [ -68.730030070199362, -29.242035059927939 ], [ -68.729873496831331, -29.24114939361997 ], [ -68.729336436038864, -29.240379739409857 ], [ -68.728501362524668, -29.239883052818733 ], [ -68.727567193911597, -29.239505308779613 ], [ -68.726825189323606, -29.238888864439772 ], [ -68.72612941877982, -29.23822286144102 ], [ -68.725225958132128, -29.237822926817724 ], [ -68.724229480505684, -29.237822248479713 ], [ -68.723211211498565, -29.237762225417988 ], [ -68.722625787742203, -29.237726642069159 ] ] } },
{ "type": "Feature", "properties": { "km_inicio": 45, "km_fin": 46, "s_inicio_km": 42.433641, "s_fin_km": 43.445993, "longitud_traza_km": 0.986789, "factor_local": 0.986789, "metodo_calibracion": "solo_puntos_confianza_alta", "subindice_topografia": 0.3015914004429413, "subindice_hidrologia": 0.079587455416487304, "subindice_clima": 0.34099094678759068, "indice_exposicion": 24.072326754900644, "ranking_exposicion": 81, "clase_exposicion": "baja" }, "geometry": { "type": "LineString", "coordinates": [ [ -68.722625787742203, -29.237726642069159 ], [ -68.721603935395038, -29.237735472510057 ], [ -68.720740611309438, -29.237434590574161 ], [ -68.719749133837311, -29.237295494634029 ], [ -68.718803964744239, -29.236948194088516 ], [ -68.717939903136738, -29.236492626889863 ], [ -68.716956055376855, -29.236256558796931 ], [ -68.715928822403924, -29.236224379187512 ], [ -68.714967476554676, -29.235961544890486 ], [ -68.714204125784363, -29.235430065793885 ], [ -68.713713674097832, -29.234658924602659 ], [ -68.713675885323283, -29.234552250062787 ] ] } },
{ "type": "Feature", "properties": { "km_inicio": 46, "km_fin": 47, "s_inicio_km": 43.445993, "s_fin_km": 44.458344, "longitud_traza_km": 0.965959, "factor_local": 0.965959, "metodo_calibracion": "solo_puntos_confianza_alta", "subindice_topografia": 0.33364260059797851, "subindice_hidrologia": 0.82299980395758143, "subindice_clima": 0.34284257503728549, "indice_exposicion": 49.982832653094846, "ranking_exposicion": 31, "clase_exposicion": "alta" }, "geometry": { "type": "LineString", "coordinates": [ [ -68.713675885323283, -29.234552250062787 ], [ -68.713121273068055, -29.233798597715381 ], [ -68.712645790229573, -29.233012014703316 ], [ -68.712224870482515, -29.232344871600603 ], [ -68.711280504207167, -29.232018920415964 ], [ -68.710261181197751, -29.23209557005471 ], [ -68.709574464308332, -29.231627424744232 ], [ -68.708587955140814, -29.23149724730062 ], [ -68.707616942804819, -29.231354148216511 ], [ -68.706618642467717, -29.231272825067212 ], [ -68.70629628167741, -29.23042773992065 ], [ -68.706259572078935, -29.230320774000909 ] ] } },
{ "type": "Feature", "properties": { "km_inicio": 47, "km_fin": 48, "s_inicio_km": 44.458344, "s_fin_km": 45.470695, "longitud_traza_km": 1.010319, "factor_local": 1.010319, "metodo_calibracion": "solo_puntos_confianza_alta", "subindice_topografia": 0.1212536992097263, "subindice_hidrologia": 0.82182413461475334, "subindice_clima": 0.34447066895877843, "indice_exposicion": 42.918283426108601, "ranking_exposicion": 44, "clase_exposicion": "alta" }, "geometry": { "type": "LineString", "coordinates": [ [ -68.706259572078935, -29.230320774000909 ], [ -68.705944809175406, -29.229459775234847 ], [ -68.705635157503039, -29.228597619653065 ], [ -68.705345055986101, -29.22773107203626 ], [ -68.704954159223249, -29.226898189649436 ], [ -68.704542078187771, -29.226070164644728 ], [ -68.703976837916898, -29.225320409916336 ], [ -68.70349795397955, -29.224522057623407 ], [ -68.703241134402276, -29.223650392979181 ], [ -68.702990373329541, -29.222773094694301 ], [ -68.702655701448066, -29.221918941545063 ], [ -68.702608077458251, -29.221815368066601 ] ] } },
{ "type": "Feature", "properties": { "km_inicio": 48, "km_fin": 49, "s_inicio_km": 45.470695, "s_fin_km": 46.483047, "longitud_traza_km": 1.011547, "factor_local": 1.011547, "metodo_calibracion": "solo_puntos_confianza_alta", "subindice_topografia": 0.0602342105426657, "subindice_hidrologia": 0.75262669898969525, "subindice_clima": 0.34584548187712999, "indice_exposicion": 38.62354638031637, "ranking_exposicion": 52, "clase_exposicion": "alta" }, "geometry": { "type": "LineString", "coordinates": [ [ -68.702608077458251, -29.221815368066601 ], [ -68.702157413770507, -29.221003835766592 ], [ -68.701817774228942, -29.220150414478635 ], [ -68.70152553576672, -29.219283389720694 ], [ -68.701309850682563, -29.218399056483829 ], [ -68.701138585427756, -29.217508395352397 ], [ -68.700905210516453, -29.216627825703696 ], [ -68.700702369715088, -29.215741804299242 ], [ -68.700376682010656, -29.214885800996463 ], [ -68.699941958296904, -29.214066469102729 ], [ -68.699486002537839, -29.213255654815992 ], [ -68.699429685625674, -29.213155507913445 ] ] } },
{ "type": "Feature", "properties": { "km_inicio": 49, "km_fin": 50, "s_inicio_km": 46.483047, "s_fin_km": 47.495398, "longitud_traza_km": 0.996679, "factor_local": 0.996679, "metodo_calibracion": "solo_puntos_confianza_alta", "subindice_topografia": 0.048679292045942298, "subindice_hidrologia": 0.2136600855159507, "subindice_clima": 0.34656301405194129, "indice_exposicion": 20.296746387127811, "ranking_exposicion": 91, "clase_exposicion": "baja" }, "geometry": { "type": "LineString", "coordinates": [ [ -68.699429685625674, -29.213155507913445 ], [ -68.698992423443713, -29.212338670269645 ], [ -68.699023480572393, -29.21145470712348 ], [ -68.699466133558346, -29.210680222505836 ], [ -68.700056679018971, -29.209985010264543 ], [ -68.700730481141363, -29.209328903225817 ], [ -68.701580545454775, -29.208826270235459 ], [ -68.701914784308698, -29.207979534623632 ], [ -68.702557604380956, -29.2072845164668 ], [ -68.703139496535996, -29.206544258271364 ], [ -68.703916287742516, -29.205951906184541 ], [ -68.704016017186404, -29.205882739186443 ] ] } },
{ "type": "Feature", "properties": { "km_inicio": 50, "km_fin": 51, "s_inicio_km": 47.495398, "s_fin_km": 48.466325, "longitud_traza_km": 0.966125, "factor_local": 0.966125, "metodo_calibracion": "solo_puntos_confianza_alta", "subindice_topografia": 0.078944667647471295, "subindice_hidrologia": 0.0015956336742369, "subindice_clima": 0.34576856367239422, "indice_exposicion": 14.21029549980342, "ranking_exposicion": 119, "clase_exposicion": "muy_baja" }, "geometry": { "type": "LineString", "coordinates": [ [ -68.704016017186404, -29.205882739186443 ], [ -68.704773311933167, -29.205271774887475 ], [ -68.705505609250494, -29.204637378922705 ], [ -68.706250822220809, -29.204014269712211 ], [ -68.706657780751456, -29.203189315864304 ], [ -68.707164925120892, -29.20240551982463 ], [ -68.707600641287186, -29.201589164554424 ], [ -68.708255361816967, -29.200931393552143 ], [ -68.709067229640951, -29.200378188482716 ], [ -68.709828592587087, -29.199770349097733 ], [ -68.710357705015085, -29.19932912351851 ] ] } },
{ "type": "Feature", "properties": { "km_inicio": 51, "km_fin": 52, "s_inicio_km": 48.466325, "s_fin_km": 49.437252, "longitud_traza_km": 0.962468, "factor_local": 0.962468, "metodo_calibracion": "solo_puntos_confianza_alta", "subindice_topografia": 0.64995509922066375, "subindice_hidrologia": 0.035757167019826203, "subindice_clima": 0.34546954538092872, "indice_exposicion": 34.372727054047289, "ranking_exposicion": 58, "clase_exposicion": "media" }, "geometry": { "type": "LineString", "coordinates": [ [ -68.710357705015085, -29.19932912351851 ], [ -68.711089987009643, -29.198694152434566 ], [ -68.711952310669773, -29.198219997775904 ], [ -68.712884977289661, -29.197932364809787 ], [ -68.713651192158622, -29.197332492108288 ], [ -68.71430127491027, -29.196631764121491 ], [ -68.714805274678426, -29.195873252192683 ], [ -68.715552344519807, -29.195255082857059 ], [ -68.716358685979401, -29.194694487893486 ], [ -68.717152143179732, -29.194120143105401 ], [ -68.717654881494525, -29.193655504867845 ] ] } },
{ "type": "Feature", "properties": { "km_inicio": 52, "km_fin": 53, "s_inicio_km": 49.437252, "s_fin_km": 50.408178, "longitud_traza_km": 0.967458, "factor_local": 0.967458, "metodo_calibracion": "solo_puntos_confianza_alta", "subindice_topografia": 0.61398997488815021, "subindice_hidrologia": 0.040223241069399202, "subindice_clima": 0.34676487108430781, "indice_exposicion": 33.365936234728572, "ranking_exposicion": 64, "clase_exposicion": "media" }, "geometry": { "type": "LineString", "coordinates": [ [ -68.717654881494525, -29.193655504867845 ], [ -68.718372266826037, -29.193013093564616 ], [ -68.718519062879921, -29.192128616703581 ], [ -68.71858436493693, -29.191225942327439 ], [ -68.718695805001374, -29.190326622798462 ], [ -68.718800298614539, -29.189426768235474 ], [ -68.718868112634624, -29.188524088513407 ], [ -68.718939138993747, -29.187621603536805 ], [ -68.718832454289242, -29.186738042294369 ], [ -68.718580626106842, -29.18586117402559 ], [ -68.718407614881144, -29.185237857213988 ] ] } },
{ "type": "Feature", "properties": { "km_inicio": 53, "km_fin": 54, "s_inicio_km": 50.408178, "s_fin_km": 51.379105, "longitud_traza_km": 0.969878, "factor_local": 0.969878, "metodo_calibracion": "solo_puntos_confianza_alta", "subindice_topografia": 0.62202792123909867, "subindice_hidrologia": 0.80010538443525792, "subindice_clima": 0.34978937899332863, "indice_exposicion": 59.064089488922846, "ranking_exposicion": 12, "clase_exposicion": "muy_alta" }, "geometry": { "type": "LineString", "coordinates": [ [ -68.718407614881144, -29.185237857213988 ], [ -68.718168116819356, -29.18435810098142 ], [ -68.717930721929491, -29.183477899148134 ], [ -68.717693327039612, -29.182597697314851 ], [ -68.717474188698816, -29.181714448988071 ], [ -68.717335099600419, -29.180818133213908 ], [ -68.7171606978726, -29.17992717843746 ], [ -68.716921082865468, -29.179048095617315 ], [ -68.716621496537755, -29.178182958549936 ], [ -68.716652515997936, -29.17728611544943 ], [ -68.716759657762751, -29.176651465986946 ] ] } },
{ "type": "Feature", "properties": { "km_inicio": 54, "km_fin": 55, "s_inicio_km": 51.379105, "s_fin_km": 52.350032, "longitud_traza_km": 0.959949, "factor_local": 0.959949, "metodo_calibracion": "solo_puntos_confianza_alta", "subindice_topografia": 1.0, "subindice_hidrologia": 0.068462884039314401, "subindice_clima": 0.35230423627464819, "indice_exposicion": 47.358904010465423, "ranking_exposicion": 37, "clase_exposicion": "alta" }, "geometry": { "type": "LineString", "coordinates": [ [ -68.716759657762751, -29.176651465986946 ], [ -68.71683539118051, -29.175761284583928 ], [ -68.717104037560404, -29.174892543468708 ], [ -68.717304119535726, -29.174012091606137 ], [ -68.717691900461077, -29.173175235695155 ], [ -68.718183295038756, -29.172380678609542 ], [ -68.718703795103707, -29.171600615077892 ], [ -68.719181666727238, -29.170803668931097 ], [ -68.719864114699234, -29.170132501639213 ], [ -68.720292194878425, -29.169383657951151 ], [ -68.720455367382172, -29.168759515125245 ] ] } },
{ "type": "Feature", "properties": { "km_inicio": 55, "km_fin": 56, "s_inicio_km": 52.350032, "s_fin_km": 53.33132, "longitud_traza_km": 0.974825, "factor_local": 0.974825, "metodo_calibracion": "solo_puntos_confianza_alta", "subindice_topografia": 0.55912214034333085, "subindice_hidrologia": 0.81547926364454093, "subindice_clima": 0.35333918134226788, "indice_exposicion": 57.598019511004658, "ranking_exposicion": 17, "clase_exposicion": "muy_alta" }, "geometry": { "type": "LineString", "coordinates": [ [ -68.720455367382172, -29.168759515125245 ], [ -68.721019237284082, -29.168018642328121 ], [ -68.721606606727022, -29.167276188600404 ], [ -68.722296420044316, -29.166608675117775 ], [ -68.72301202682641, -29.165961418371719 ], [ -68.723901533406789, -29.165514312445364 ], [ -68.72476330247126, -29.165027792498794 ], [ -68.72564914380979, -29.164571398857344 ], [ -68.726453456551937, -29.164010850174918 ], [ -68.727004563844702, -29.163264822371783 ], [ -68.727490809232705, -29.162687076837479 ] ] } },
{ "type": "Feature", "properties": { "km_inicio": 56, "km_fin": 57, "s_inicio_km": 53.33132, "s_fin_km": 54.312609, "longitud_traza_km": 0.973971, "factor_local": 0.973971, "metodo_calibracion": "solo_puntos_confianza_alta", "subindice_topografia": 0.70617096607839813, "subindice_hidrologia": 0.1722288174064408, "subindice_clima": 0.35450031333520088, "indice_exposicion": 41.09666989400133, "ranking_exposicion": 46, "clase_exposicion": "alta" }, "geometry": { "type": "LineString", "coordinates": [ [ -68.727490809232705, -29.162687076837479 ], [ -68.72812932301882, -29.161985613468779 ], [ -68.728632428011963, -29.161197292068749 ], [ -68.728850904880844, -29.160323942560414 ], [ -68.72891518734707, -29.15942230611088 ], [ -68.728989275781146, -29.158526485392027 ], [ -68.729314810341521, -29.157696283734282 ], [ -68.72953613200238, -29.156819643041583 ], [ -68.730036391004617, -29.156036058479383 ], [ -68.730644714780709, -29.155308269852814 ], [ -68.731022091868979, -29.154653833390462 ] ] } },
{ "type": "Feature", "properties": { "km_inicio": 57, "km_fin": 58, "s_inicio_km": 54.312609, "s_fin_km": 55.293897, "longitud_traza_km": 0.972412, "factor_local": 0.972412, "metodo_calibracion": "solo_puntos_confianza_alta", "subindice_topografia": 0.67677125133283833, "subindice_hidrologia": 0.1386666165046648, "subindice_clima": 0.35609682332165121, "indice_exposicion": 39.051156371971807, "ranking_exposicion": 51, "clase_exposicion": "alta" }, "geometry": { "type": "LineString", "coordinates": [ [ -68.731022091868979, -29.154653833390462 ], [ -68.731512935523071, -29.153863283892207 ], [ -68.732072608256956, -29.153118321822124 ], [ -68.732549056474525, -29.152323004282703 ], [ -68.732951097124982, -29.151503110415188 ], [ -68.733512613513767, -29.150745475699239 ], [ -68.733867797781542, -29.149923984541598 ], [ -68.733948937490055, -29.149031187514009 ], [ -68.734502610445574, -29.148280144562708 ], [ -68.735076507548229, -29.147533396233662 ], [ -68.735429589020114, -29.146867019474225 ] ] } },
{ "type": "Feature", "properties": { "km_inicio": 58, "km_fin": 59, "s_inicio_km": 55.293897, "s_fin_km": 56.275185, "longitud_traza_km": 0.974536, "factor_local": 0.974536, "metodo_calibracion": "solo_puntos_confianza_alta", "subindice_topografia": 0.54774489731822984, "subindice_hidrologia": 0.059956646239274602, "subindice_clima": 0.3574210664749809, "indice_exposicion": 32.170753667749509, "ranking_exposicion": 68, "clase_exposicion": "media" }, "geometry": { "type": "LineString", "coordinates": [ [ -68.735429589020114, -29.146867019474225 ], [ -68.735850350084903, -29.146041615901314 ], [ -68.736429476471713, -29.145306969913321 ], [ -68.737107649005694, -29.144630996757762 ], [ -68.737761631951813, -29.143935478358024 ], [ -68.738354699070683, -29.143219944844542 ], [ -68.738746171915309, -29.142385023536509 ], [ -68.739162339647066, -29.141562548975909 ], [ -68.739717046113014, -29.140808603869569 ], [ -68.740004252773915, -29.139941459600934 ], [ -68.740234682583193, -29.139248001127751 ] ] } },
{ "type": "Feature", "properties": { "km_inicio": 59, "km_fin": 60, "s_inicio_km": 56.275185, "s_fin_km": 57.256473, "longitud_traza_km": 0.975802, "factor_local": 0.975802, "metodo_calibracion": "solo_puntos_confianza_alta", "subindice_topografia": 0.44955470931935348, "subindice_hidrologia": 0.99749442422446521, "subindice_clima": 0.35842293197363229, "indice_exposicion": 60.18240218391503, "ranking_exposicion": 11, "clase_exposicion": "muy_alta" }, "geometry": { "type": "LineString", "coordinates": [ [ -68.740234682583193, -29.139248001127751 ], [ -68.739976846521387, -29.138385282381559 ], [ -68.739923570427436, -29.137500921004964 ], [ -68.73995205202705, -29.136597071597809 ], [ -68.74011801481528, -29.135705518643928 ], [ -68.740376442976341, -29.134832756257875 ], [ -68.740806236725447, -29.134011294468085 ], [ -68.741447698399057, -29.133305529332933 ], [ -68.742015837659181, -29.132554028259563 ], [ -68.742533317339351, -29.131784167827512 ], [ -68.74265366180488, -29.131056525809981 ] ] } },
{ "type": "Feature", "properties": { "km_inicio": 60, "km_fin": 61, "s_inicio_km": 57.256473, "s_fin_km": 58.268438, "longitud_traza_km": 1.004719, "factor_local": 1.004719, "metodo_calibracion": "solo_puntos_confianza_alta", "subindice_topografia": 0.76304981469422473, "subindice_hidrologia": 0.97007273024739438, "subindice_clima": 0.35955520954698039, "indice_exposicion": 69.755925149619998, "ranking_exposicion": 1, "clase_exposicion": "muy_alta" }, "geometry": { "type": "LineString", "coordinates": [ [ -68.74265366180488, -29.131056525809981 ], [ -68.742872569607258, -29.1301761710485 ], [ -68.743073048447229, -29.129293947466838 ], [ -68.743358806716003, -29.128424945400713 ], [ -68.743607884981984, -29.127547696254982 ], [ -68.743942713316116, -29.126698673326572 ], [ -68.744122641594856, -29.1258342669007 ], [ -68.744668849188315, -29.125081856705762 ], [ -68.744922139268624, -29.124206046244062 ], [ -68.74542221710648, -29.123424428990599 ], [ -68.74578198310077, -29.122581707495776 ], [ -68.745850755393988, -29.122491966653534 ] ] } },
{ "type": "Feature", "properties": { "km_inicio": 61, "km_fin": 62, "s_inicio_km": 58.268438, "s_fin_km": 59.280403, "longitud_traza_km": 1.002522, "factor_local": 1.002522, "metodo_calibracion": "solo_puntos_confianza_alta", "subindice_topografia": 0.59654280164944529, "subindice_hidrologia": 0.96694069119870818, "subindice_clima": 0.36077157115525299, "indice_exposicion": 64.141835466780222, "ranking_exposicion": 4, "clase_exposicion": "muy_alta" }, "geometry": { "type": "LineString", "coordinates": [ [ -68.745850755393988, -29.122491966653534 ], [ -68.746566624330754, -29.121867694418249 ], [ -68.747512266864703, -29.121515784459678 ], [ -68.748374864892213, -29.121061630862663 ], [ -68.74892499841998, -29.120300189326688 ], [ -68.749546001006436, -29.119586584425743 ], [ -68.750076061749823, -29.11883039706526 ], [ -68.750504743113893, -29.118011568077954 ], [ -68.750657898990411, -29.117120912524516 ], [ -68.751033339258328, -29.116285255865364 ], [ -68.751307739841792, -29.115421928645311 ], [ -68.751343839832799, -29.115319182176687 ] ] } },
{ "type": "Feature", "properties": { "km_inicio": 62, "km_fin": 63, "s_inicio_km": 59.280403, "s_fin_km": 60.292367, "longitud_traza_km": 1.006127, "factor_local": 1.006127, "metodo_calibracion": "solo_puntos_confianza_alta", "subindice_topografia": 0.4345614494232245, "subindice_hidrologia": 0.95994513388025138, "subindice_clima": 0.36185766963723281, "indice_exposicion": 58.545475098023623, "ranking_exposicion": 13, "clase_exposicion": "muy_alta" }, "geometry": { "type": "LineString", "coordinates": [ [ -68.751343839832799, -29.115319182176687 ], [ -68.751364249351283, -29.114421206553917 ], [ -68.751426364267061, -29.113525397602505 ], [ -68.751645782769742, -29.112643098182925 ], [ -68.751838692335241, -29.111755966255863 ], [ -68.751988497602056, -29.110872462739007 ], [ -68.75187335842736, -29.109974906094575 ], [ -68.752069017799258, -29.109106114952592 ], [ -68.752365878012981, -29.108241339302847 ], [ -68.752649476816131, -29.107374671736263 ], [ -68.753020073293811, -29.106531340788525 ], [ -68.753059474018286, -29.106428805412627 ] ] } },
{ "type": "Feature", "properties": { "km_inicio": 63, "km_fin": 64, "s_inicio_km": 60.292367, "s_fin_km": 61.304332, "longitud_traza_km": 1.004299, "factor_local": 1.004299, "metodo_calibracion": "solo_puntos_confianza_alta", "subindice_topografia": 0.2496966959961387, "subindice_hidrologia": 0.84147990383330451, "subindice_clima": 0.36301879754922911, "indice_exposicion": 48.473179912622413, "ranking_exposicion": 33, "clase_exposicion": "alta" }, "geometry": { "type": "LineString", "coordinates": [ [ -68.753059474018286, -29.106428805412627 ], [ -68.753387700657811, -29.105571499660417 ], [ -68.753736930372042, -29.104721280672173 ], [ -68.754251115470794, -29.103952343359268 ], [ -68.754952097593787, -29.103309003962242 ], [ -68.755569568431, -29.102585703381322 ], [ -68.756148666701918, -29.101843356581643 ], [ -68.756062583233827, -29.100965064236622 ], [ -68.756159514615348, -29.100069275995956 ], [ -68.7561123459149, -29.099175584930581 ], [ -68.755918778333623, -29.098287865853504 ], [ -68.755871979393916, -29.09818776730248 ] ] } },
{ "type": "Feature", "properties": { "km_inicio": 64, "km_fin": 65, "s_inicio_km": 61.304332, "s_fin_km": 62.316297, "longitud_traza_km": 1.010268, "factor_local": 1.010268, "metodo_calibracion": "solo_puntos_confianza_alta", "subindice_topografia": 0.22468663181686679, "subindice_hidrologia": 0.78777638047910248, "subindice_clima": 0.3659460251570405, "indice_exposicion": 45.946967915100331, "ranking_exposicion": 41, "clase_exposicion": "alta" }, "geometry": { "type": "LineString", "coordinates": [ [ -68.755871979393916, -29.09818776730248 ], [ -68.75564343899768, -29.097307467033787 ], [ -68.75540580949891, -29.096428227142656 ], [ -68.755098745069617, -29.095565375254484 ], [ -68.75489436906399, -29.094685199932599 ], [ -68.755144844251603, -29.093812928712953 ], [ -68.755550513834564, -29.092982053967393 ], [ -68.755915644174081, -29.092137050064707 ], [ -68.756359925581137, -29.091321233076954 ], [ -68.756796298194473, -29.090502173984127 ], [ -68.757220269427989, -29.08967803111014 ], [ -68.757272581466154, -29.089580105109572 ] ] } },
{ "type": "Feature", "properties": { "km_inicio": 65, "km_fin": 66, "s_inicio_km": 62.316297, "s_fin_km": 63.328261, "longitud_traza_km": 1.007068, "factor_local": 1.007068, "metodo_calibracion": "solo_puntos_confianza_alta", "subindice_topografia": 0.28331152558937089, "subindice_hidrologia": 0.78777638047910248, "subindice_clima": 0.36438043625580602, "indice_exposicion": 47.848944744142649, "ranking_exposicion": 36, "clase_exposicion": "alta" }, "geometry": { "type": "LineString", "coordinates": [ [ -68.757272581466154, -29.089580105109572 ], [ -68.757749083281297, -29.088778490677555 ], [ -68.758225585096426, -29.087976876245538 ], [ -68.758702086911569, -29.087175261813524 ], [ -68.759251361548451, -29.086415317804384 ], [ -68.759763580235699, -29.085641582201475 ], [ -68.760127881880493, -29.084795697100464 ], [ -68.76083801700851, -29.084154305808656 ], [ -68.761566243415302, -29.08352054764352 ], [ -68.761931544826155, -29.082693341352886 ], [ -68.762432607202783, -29.081904822530007 ], [ -68.762490046284825, -29.081809109685643 ] ] } },
{ "type": "Feature", "properties": { "km_inicio": 66, "km_fin": 67, "s_inicio_km": 63.328261, "s_fin_km": 64.340226, "longitud_traza_km": 1.009501, "factor_local": 1.009501, "metodo_calibracion": "solo_puntos_confianza_alta", "subindice_topografia": 0.16338109198249859, "subindice_hidrologia": 0.0151452623693721, "subindice_clima": 0.36189381182984859, "indice_exposicion": 18.014005539390645, "ranking_exposicion": 102, "clase_exposicion": "baja" }, "geometry": { "type": "LineString", "coordinates": [ [ -68.762490046284825, -29.081809109685643 ], [ -68.763076846101924, -29.081066761874872 ], [ -68.763510873452702, -29.080253116753234 ], [ -68.763756294788564, -29.079382311852378 ], [ -68.764045527760402, -29.07851420486093 ], [ -68.764295986645209, -29.077638034190919 ], [ -68.764493831234645, -29.076750889219174 ], [ -68.764913656329156, -29.075930983200731 ], [ -68.765407856607453, -29.075139383775532 ], [ -68.766058757918202, -29.074439136799025 ], [ -68.766709659228965, -29.073738889822518 ], [ -68.766787537353935, -29.073655107656705 ] ] } },
{ "type": "Feature", "properties": { "km_inicio": 67, "km_fin": 68, "s_inicio_km": 64.340226, "s_fin_km": 65.352191, "longitud_traza_km": 1.011951, "factor_local": 1.011951, "metodo_calibracion": "solo_puntos_confianza_alta", "subindice_topografia": 0.15213150670542649, "subindice_hidrologia": 0.0082346959598668008, "subindice_clima": 0.35939902430863091, "indice_exposicion": 17.32550756579748, "ranking_exposicion": 104, "clase_exposicion": "baja" }, "geometry": { "type": "LineString", "coordinates": [ [ -68.766787537353935, -29.073655107656705 ], [ -68.767438438664684, -29.072954860680202 ], [ -68.7680981795706, -29.072261196941248 ], [ -68.768775445135631, -29.07158058459116 ], [ -68.769452710700648, -29.070899972241079 ], [ -68.770126199356383, -29.070216482213958 ], [ -68.770794854403078, -29.069529309396287 ], [ -68.771463509449759, -29.068842136578624 ], [ -68.772132164496455, -29.06815496376095 ], [ -68.772800819543136, -29.067467790943287 ], [ -68.773469474589817, -29.06678061812562 ], [ -68.773549476888817, -29.066698400238383 ] ] } },
{ "type": "Feature", "properties": { "km_inicio": 68, "km_fin": 69, "s_inicio_km": 65.352191, "s_fin_km": 66.364155, "longitud_traza_km": 1.011963, "factor_local": 1.011963, "metodo_calibracion": "solo_puntos_confianza_alta", "subindice_topografia": 0.1535683092867863, "subindice_hidrologia": 0.89283862150352356, "subindice_clima": 0.3569459308180003, "indice_exposicion": 46.778428720277006, "ranking_exposicion": 39, "clase_exposicion": "alta" }, "geometry": { "type": "LineString", "coordinates": [ [ -68.773549476888817, -29.066698400238383 ], [ -68.774207888185742, -29.066003611808291 ], [ -68.774866201709031, -29.065308750689383 ], [ -68.775524515232334, -29.064613889570474 ], [ -68.776182828755623, -29.063919028451565 ], [ -68.776841142278926, -29.06322416733266 ], [ -68.777496545799011, -29.062527181395815 ], [ -68.778151258126385, -29.06182969076583 ], [ -68.778805970453774, -29.061132200135845 ], [ -68.779460682781149, -29.060434709505859 ], [ -68.780115907273199, -29.059737604892977 ], [ -68.780197585473516, -29.059656672953757 ] ] } },
{ "type": "Feature", "properties": { "km_inicio": 69, "km_fin": 70, "s_inicio_km": 66.364155, "s_fin_km": 67.37612, "longitud_traza_km": 1.00164, "factor_local": 1.00164, "metodo_calibracion": "solo_puntos_confianza_alta", "subindice_topografia": 0.4909880970983807, "subindice_hidrologia": 0.89075887274101007, "subindice_clima": 0.35471938236338829, "indice_exposicion": 57.882211740092643, "ranking_exposicion": 16, "clase_exposicion": "muy_alta" }, "geometry": { "type": "LineString", "coordinates": [ [ -68.780197585473516, -29.059656672953757 ], [ -68.780880247616096, -29.058980248022579 ], [ -68.78153580229143, -29.058307489505641 ], [ -68.782001173941936, -29.05754629066859 ], [ -68.782134258693702, -29.056649300189935 ], [ -68.781999823692246, -29.055781320054521 ], [ -68.781718479853822, -29.054913274014432 ], [ -68.781510480597959, -29.054028354084906 ], [ -68.781240555085972, -29.053155441257807 ], [ -68.781020983362225, -29.05227470951856 ], [ -68.780935063542898, -29.051373224375553 ], [ -68.780924929674228, -29.051265354424878 ] ] } },
{ "type": "Feature", "properties": { "km_inicio": 70, "km_fin": 71, "s_inicio_km": 67.37612, "s_fin_km": 68.364693, "longitud_traza_km": 0.985531, "factor_local": 0.985531, "metodo_calibracion": "solo_puntos_confianza_alta", "subindice_topografia": 0.43382460940175949, "subindice_hidrologia": 0.88263450820000078, "subindice_clima": 0.35316914323704102, "indice_exposicion": 55.654275361293379, "ranking_exposicion": 20, "clase_exposicion": "muy_alta" }, "geometry": { "type": "LineString", "coordinates": [ [ -68.780924929674228, -29.051265354424878 ], [ -68.780833648953546, -29.050365505838251 ], [ -68.780555566657128, -29.049495886285165 ], [ -68.780414952132247, -29.048603599377618 ], [ -68.780503285510974, -29.04770343494609 ], [ -68.780648657609987, -29.046807874605129 ], [ -68.780882236255138, -29.045927134253944 ], [ -68.781135163556613, -29.045050591076887 ], [ -68.781436808559306, -29.04418575642557 ], [ -68.781836187560629, -29.043359138004288 ], [ -68.782354343957962, -29.042716237600231 ] ] } },
{ "type": "Feature", "properties": { "km_inicio": 71, "km_fin": 72, "s_inicio_km": 68.364693, "s_fin_km": 69.353266, "longitud_traza_km": 0.973895, "factor_local": 0.973895, "metodo_calibracion": "solo_puntos_confianza_alta", "subindice_topografia": 0.62053181957339798, "subindice_hidrologia": 0.87944276254559961, "subindice_clima": 0.35130314764933418, "indice_exposicion": 61.709257658944402, "ranking_exposicion": 9, "clase_exposicion": "muy_alta" }, "geometry": { "type": "LineString", "coordinates": [ [ -68.782354343957962, -29.042716237600231 ], [ -68.782416141830069, -29.041823413783835 ], [ -68.782401364042144, -29.040919709583957 ], [ -68.782671476884602, -29.040059368289548 ], [ -68.783056061521052, -29.039231880737528 ], [ -68.782490328631667, -29.038565404303338 ], [ -68.781636600590986, -29.038090419779401 ], [ -68.781119778308309, -29.037311773395221 ], [ -68.780838518448576, -29.03644706905483 ], [ -68.780471782801953, -29.035602004538589 ], [ -68.780048915102228, -29.034894833902676 ] ] } },
{ "type": "Feature", "properties": { "km_inicio": 72, "km_fin": 73, "s_inicio_km": 69.353266, "s_fin_km": 70.341839, "longitud_traza_km": 0.986744, "factor_local": 0.986744, "metodo_calibracion": "solo_puntos_confianza_alta", "subindice_topografia": 0.32726756858188111, "subindice_hidrologia": 0.94517397658825941, "subindice_clima": 0.3504658487510931, "indice_exposicion": 54.09691313070779, "ranking_exposicion": 23, "clase_exposicion": "muy_alta" }, "geometry": { "type": "LineString", "coordinates": [ [ -68.780048915102228, -29.034894833902676 ], [ -68.779411454109905, -29.034185961825898 ], [ -68.778785608908464, -29.033469773145022 ], [ -68.778262225808149, -29.032691231827986 ], [ -68.777719516721845, -29.031922897777058 ], [ -68.777274620810019, -29.031108975503631 ], [ -68.77718892458428, -29.030212609201016 ], [ -68.777079781955919, -29.029313111912742 ], [ -68.776733048919695, -29.028467843923966 ], [ -68.776384171138048, -29.027618182916179 ], [ -68.776134995811375, -29.026848200159414 ] ] } },
{ "type": "Feature", "properties": { "km_inicio": 73, "km_fin": 74, "s_inicio_km": 70.341839, "s_fin_km": 71.330413, "longitud_traza_km": 0.988077, "factor_local": 0.988077, "metodo_calibracion": "solo_puntos_confianza_alta", "subindice_topografia": 0.17438876375566001, "subindice_hidrologia": 0.039074751383794501, "subindice_clima": 0.34886025142531579, "indice_exposicion": 18.744125552159016, "ranking_exposicion": 100, "clase_exposicion": "baja" }, "geometry": { "type": "LineString", "coordinates": [ [ -68.776134995811375, -29.026848200159414 ], [ -68.776046229683033, -29.025949330290533 ], [ -68.776008645002051, -29.025045285118388 ], [ -68.775971060321069, -29.02414123994625 ], [ -68.775933475640102, -29.023237194774104 ], [ -68.77589589095912, -29.022333149601959 ], [ -68.775858306278138, -29.021429104429814 ], [ -68.775762775682921, -29.020529610438643 ], [ -68.775432750449482, -29.019673743086795 ], [ -68.775092520079212, -29.018820067432408 ], [ -68.774791167367141, -29.018063940125209 ] ] } },
{ "type": "Feature", "properties": { "km_inicio": 74, "km_fin": 75, "s_inicio_km": 71.330413, "s_fin_km": 72.318986, "longitud_traza_km": 0.986715, "factor_local": 0.986715, "metodo_calibracion": "solo_puntos_confianza_alta", "subindice_topografia": 0.086840083278080196, "subindice_hidrologia": 0.15784949349743621, "subindice_clima": 0.34729397786374427, "indice_exposicion": 19.732785154642027, "ranking_exposicion": 94, "clase_exposicion": "baja" }, "geometry": { "type": "LineString", "coordinates": [ [ -68.774791167367141, -29.018063940125209 ], [ -68.774468284668842, -29.017205362970742 ], [ -68.774207050460305, -29.016332765687153 ], [ -68.774137597347703, -29.015430182466464 ], [ -68.774068144235102, -29.014527599245774 ], [ -68.773998691122515, -29.013625016025077 ], [ -68.77392373162219, -29.01272281092875 ], [ -68.773828283594668, -29.011822112070199 ], [ -68.773815859240358, -29.010930000833937 ], [ -68.774072174133366, -29.010055025875484 ], [ -68.774083058997704, -29.009254420887515 ] ] } },
{ "type": "Feature", "properties": { "km_inicio": 75, "km_fin": 76, "s_inicio_km": 72.318986, "s_fin_km": 73.307559, "longitud_traza_km": 0.984033, "factor_local": 0.984033, "metodo_calibracion": "solo_puntos_confianza_alta", "subindice_topografia": 0.25822009160694498, "subindice_hidrologia": 0.062496566654864701, "subindice_clima": 0.34546364261836809, "indice_exposicion": 22.206010029339261, "ranking_exposicion": 86, "clase_exposicion": "baja" }, "geometry": { "type": "LineString", "coordinates": [ [ -68.774083058997704, -29.009254420887515 ], [ -68.774181110071652, -29.008353894706207 ], [ -68.774274045501073, -29.007453068161109 ], [ -68.774312832790585, -29.006549062321461 ], [ -68.774351620080083, -29.005645056481818 ], [ -68.774266081171319, -29.004764069269839 ], [ -68.774212763825233, -29.003862929715922 ], [ -68.774088938802066, -29.002965378873181 ], [ -68.77429095831782, -29.002078366366582 ], [ -68.774297980217767, -29.001191442264446 ], [ -68.774147393866571, -29.000401197682645 ] ] } },
{ "type": "Feature", "properties": { "km_inicio": 76, "km_fin": 77, "s_inicio_km": 73.307559, "s_fin_km": 74.296132, "longitud_traza_km": 0.98719, "factor_local": 0.98719, "metodo_calibracion": "solo_puntos_confianza_alta", "subindice_topografia": 0.1861242149599969, "subindice_hidrologia": 0.014353424561253301, "subindice_clima": 0.34418027348029168, "indice_exposicion": 18.155263766718065, "ranking_exposicion": 101, "clase_exposicion": "baja" }, "geometry": { "type": "LineString", "coordinates": [ [ -68.774147393866571, -29.000401197682645 ], [ -68.774076283093336, -28.999499874585212 ], [ -68.773984582607284, -28.998599253094795 ], [ -68.773998630290848, -28.997699248375884 ], [ -68.773957990983618, -28.996800082112099 ], [ -68.773790711463434, -28.995907487631953 ], [ -68.773635747490644, -28.995013616186739 ], [ -68.773562659908322, -28.994111255204956 ], [ -68.773489572325971, -28.993208894223173 ], [ -68.773477441100184, -28.992305359062538 ], [ -68.773499481427876, -28.991504428094565 ] ] } },
{ "type": "Feature", "properties": { "km_inicio": 77, "km_fin": 78, "s_inicio_km": 74.296132, "s_fin_km": 75.284705, "longitud_traza_km": 0.988509, "factor_local": 0.988509, "metodo_calibracion": "solo_puntos_confianza_alta", "subindice_topografia": 0.13730937746318289, "subindice_hidrologia": 0.0149873292194437, "subindice_clima": 0.34343472256952678, "indice_exposicion": 16.524380975071782, "ranking_exposicion": 105, "clase_exposicion": "muy_baja" }, "geometry": { "type": "LineString", "coordinates": [ [ -68.773499481427876, -28.991504428094565 ], [ -68.773434470751312, -28.990601588690115 ], [ -68.773369460074747, -28.989698749285665 ], [ -68.77332709221433, -28.988795084638831 ], [ -68.773307911934552, -28.98789059524119 ], [ -68.773296835996945, -28.986985997841636 ], [ -68.773285760059352, -28.986081400442078 ], [ -68.773318824259192, -28.985177581971286 ], [ -68.773371107763396, -28.984274102658226 ], [ -68.773423391267599, -28.983370623345166 ], [ -68.773469700407418, -28.982570383375123 ] ] } },
{ "type": "Feature", "properties": { "km_inicio": 78, "km_fin": 79, "s_inicio_km": 75.284705, "s_fin_km": 76.273278, "longitud_traza_km": 0.984813, "factor_local": 0.984813, "metodo_calibracion": "solo_puntos_confianza_alta", "subindice_topografia": 0.1248193442726501, "subindice_hidrologia": 0.025045376639645199, "subindice_clima": 0.3426804430672824, "indice_exposicion": 16.418172132652593, "ranking_exposicion": 107, "clase_exposicion": "muy_baja" }, "geometry": { "type": "LineString", "coordinates": [ [ -68.773469700407418, -28.982570383375123 ], [ -68.77375869563771, -28.981711951572812 ], [ -68.774086283650135, -28.980862814627269 ], [ -68.774295103540524, -28.979977022368278 ], [ -68.774503923430913, -28.979091230109287 ], [ -68.774590836576436, -28.978192365544157 ], [ -68.774629885823074, -28.977288368436611 ], [ -68.774819879939315, -28.976412662494852 ], [ -68.775202874795468, -28.975573130130542 ], [ -68.775742350291651, -28.974804078746288 ], [ -68.77618997503167, -28.974106522137742 ] ] } },
{ "type": "Feature", "properties": { "km_inicio": 79, "km_fin": 80, "s_inicio_km": 76.273278, "s_fin_km": 77.261851, "longitud_traza_km": 0.98591, "factor_local": 0.98591, "metodo_calibracion": "solo_puntos_confianza_alta", "subindice_topografia": 0.31157384410431521, "subindice_hidrologia": 0.076708833936621798, "subindice_clima": 0.34205463957294491, "indice_exposicion": 24.344577253796064, "ranking_exposicion": 79, "clase_exposicion": "baja" }, "geometry": { "type": "LineString", "coordinates": [ [ -68.77618997503167, -28.974106522137742 ], [ -68.77656274552487, -28.973272658055059 ], [ -68.776596830718319, -28.972376499274752 ], [ -68.776353754361452, -28.971497498920169 ], [ -68.776110678004599, -28.970618498565592 ], [ -68.775867601647732, -28.969739498211013 ], [ -68.77562452529088, -28.968860497856429 ], [ -68.775427736414983, -28.967974240871715 ], [ -68.77534068622704, -28.967074303638917 ], [ -68.775328614975308, -28.966174136923591 ], [ -68.775087221633896, -28.965401527049178 ] ] } },
{ "type": "Feature", "properties": { "km_inicio": 80, "km_fin": 81, "s_inicio_km": 77.261851, "s_fin_km": 78.28032, "longitud_traza_km": 1.017327, "factor_local": 1.017327, "metodo_calibracion": "solo_puntos_confianza_alta", "subindice_topografia": 0.2229947178413807, "subindice_hidrologia": 0.076708833936621798, "subindice_clima": 0.3413238115826831, "indice_exposicion": 21.367578778689523, "ranking_exposicion": 90, "clase_exposicion": "baja" }, "geometry": { "type": "LineString", "coordinates": [ [ -68.775087221633896, -28.965401527049178 ], [ -68.775007122473411, -28.964507764386337 ], [ -68.775023528573925, -28.963603229680363 ], [ -68.775039934674425, -28.962698694974389 ], [ -68.775150995656972, -28.961800881989337 ], [ -68.775299644461782, -28.96090573822584 ], [ -68.775448293266606, -28.960010594462346 ], [ -68.775628404770927, -28.959120621112209 ], [ -68.775856938677776, -28.958238605243171 ], [ -68.776085812189663, -28.957356660012273 ], [ -68.776330267742779, -28.956477955859153 ], [ -68.776375414717521, -28.956315673457727 ] ] } },
{ "type": "Feature", "properties": { "km_inicio": 81, "km_fin": 82, "s_inicio_km": 78.28032, "s_fin_km": 79.298788, "longitud_traza_km": 1.015008, "factor_local": 1.015008, "metodo_calibracion": "solo_puntos_confianza_alta", "subindice_topografia": 0.3525676475296326, "subindice_hidrologia": 1.0, "subindice_clima": 0.34089599114856622, "indice_exposicion": 56.448787955939963, "ranking_exposicion": 19, "clase_exposicion": "muy_alta" }, "geometry": { "type": "LineString", "coordinates": [ [ -68.776375414717521, -28.956315673457727 ], [ -68.77661987027065, -28.955436969304614 ], [ -68.776864325823766, -28.954558265151494 ], [ -68.777108781376896, -28.953679560998374 ], [ -68.777221764277968, -28.952782191597354 ], [ -68.777440209332639, -28.951898347133461 ], [ -68.777253077914978, -28.951032682341669 ], [ -68.777567264766844, -28.950177516540826 ], [ -68.777902942385509, -28.949322446830987 ], [ -68.778235460528151, -28.948466421455286 ], [ -68.778567543235738, -28.947610266683295 ], [ -68.77862756334234, -28.947451759710098 ] ] } },
{ "type": "Feature", "properties": { "km_inicio": 82, "km_fin": 83, "s_inicio_km": 79.298788, "s_fin_km": 80.317256, "longitud_traza_km": 1.011919, "factor_local": 1.011919, "metodo_calibracion": "solo_puntos_confianza_alta", "subindice_topografia": 0.3697651526504997, "subindice_hidrologia": 1.0, "subindice_clima": 0.34080318913079821, "indice_exposicion": 57.018944726043273, "ranking_exposicion": 18, "clase_exposicion": "muy_alta" }, "geometry": { "type": "LineString", "coordinates": [ [ -68.77862756334234, -28.947451759710098 ], [ -68.778952551859163, -28.946593498220114 ], [ -68.779179490520406, -28.945714518700605 ], [ -68.77949521377333, -28.944871172095457 ], [ -68.779840707825713, -28.944037560076726 ], [ -68.780345729839155, -28.943261724789981 ], [ -68.780696557674915, -28.942414385074173 ], [ -68.78088287201227, -28.941524714646146 ], [ -68.781183910074262, -28.940663020213325 ], [ -68.78154459072627, -28.939815869945779 ], [ -68.781804019642834, -28.938946058636084 ], [ -68.781830448803319, -28.93878061096293 ] ] } },
{ "type": "Feature", "properties": { "km_inicio": 83, "km_fin": 84, "s_inicio_km": 80.317256, "s_fin_km": 81.335725, "longitud_traza_km": 1.013027, "factor_local": 1.013027, "metodo_calibracion": "solo_puntos_confianza_alta", "subindice_topografia": 0.41339524560314012, "subindice_hidrologia": 1.0, "subindice_clima": 0.3408196744402483, "indice_exposicion": 58.473830668112953, "ranking_exposicion": 14, "clase_exposicion": "muy_alta" }, "geometry": { "type": "LineString", "coordinates": [ [ -68.781830448803319, -28.93878061096293 ], [ -68.782011181143019, -28.937890625236371 ], [ -68.782174790322657, -28.937000926849276 ], [ -68.782186263556554, -28.936096333283832 ], [ -68.782438570721112, -28.935226864959777 ], [ -68.782759384666065, -28.934367388239444 ], [ -68.783308277330889, -28.933604636383262 ], [ -68.783738670852642, -28.932785922486335 ], [ -68.784027188281755, -28.931942122625859 ], [ -68.783847405919914, -28.931051412202496 ], [ -68.783764108594127, -28.930159105862099 ], [ -68.783849701475532, -28.930010811346882 ] ] } },
{ "type": "Feature", "properties": { "km_inicio": 84, "km_fin": 85, "s_inicio_km": 81.335725, "s_fin_km": 82.354193, "longitud_traza_km": 1.015232, "factor_local": 1.015232, "metodo_calibracion": "solo_puntos_confianza_alta", "subindice_topografia": 0.49071636200377577, "subindice_hidrologia": 1.0, "subindice_clima": 0.34070809735018648, "indice_exposicion": 61.047481978465413, "ranking_exposicion": 10, "clase_exposicion": "muy_alta" }, "geometry": { "type": "LineString", "coordinates": [ [ -68.783849701475532, -28.930010811346882 ], [ -68.78427642231388, -28.929191852909188 ], [ -68.784508667176411, -28.928322671699142 ], [ -68.784396412881577, -28.927423430581928 ], [ -68.784193552101186, -28.926539377329213 ], [ -68.783922229265869, -28.92566679999247 ], [ -68.783827144070756, -28.924766875261135 ], [ -68.783785823979031, -28.92386332435801 ], [ -68.783764469828185, -28.922958869623844 ], [ -68.783887216686423, -28.92206357288817 ], [ -68.784210084100053, -28.921210605902026 ], [ -68.784270811741095, -28.921053736685344 ] ] } },
{ "type": "Feature", "properties": { "km_inicio": 85, "km_fin": 86, "s_inicio_km": 82.354193, "s_fin_km": 83.325708, "longitud_traza_km": 0.966644, "factor_local": 0.966644, "metodo_calibracion": "solo_puntos_confianza_alta", "subindice_topografia": 0.28763023211617628, "subindice_hidrologia": 1.0, "subindice_clima": 0.3405992963012931, "indice_exposicion": 54.274317613915649, "ranking_exposicion": 22, "clase_exposicion": "muy_alta" }, "geometry": { "type": "LineString", "coordinates": [ [ -68.784270811741095, -28.921053736685344 ], [ -68.784378685034, -28.920154080475054 ], [ -68.784657296086095, -28.919283750360723 ], [ -68.784696894092207, -28.918391463641306 ], [ -68.784626999086342, -28.917488906833238 ], [ -68.784765582857233, -28.916602722157648 ], [ -68.785224971291726, -28.915800783252006 ], [ -68.785557658461101, -28.914956291756869 ], [ -68.785688955203753, -28.91406016155495 ], [ -68.78579828607424, -28.913160651225336 ], [ -68.786027517762875, -28.912549369959393 ] ] } },
{ "type": "Feature", "properties": { "km_inicio": 86, "km_fin": 87, "s_inicio_km": 83.325708, "s_fin_km": 84.297223, "longitud_traza_km": 0.966215, "factor_local": 0.966215, "metodo_calibracion": "solo_puntos_confianza_alta", "subindice_topografia": 0.55608472563783617, "subindice_hidrologia": 1.0, "subindice_clima": 0.3414169280666528, "indice_exposicion": 63.250055123482973, "ranking_exposicion": 5, "clase_exposicion": "muy_alta" }, "geometry": { "type": "LineString", "coordinates": [ [ -68.786027517762875, -28.912549369959393 ], [ -68.786476502337649, -28.911737078798023 ], [ -68.786958600728909, -28.910938059572576 ], [ -68.787346654616428, -28.910106581966147 ], [ -68.787891710430415, -28.909368253325724 ], [ -68.788179642222048, -28.908506801861179 ], [ -68.788243432615147, -28.907607555350481 ], [ -68.788373676901585, -28.906711736512218 ], [ -68.788635099547946, -28.905840910615815 ], [ -68.788902149712229, -28.904967391992145 ], [ -68.789123928585752, -28.904351237950127 ] ] } },
{ "type": "Feature", "properties": { "km_inicio": 87, "km_fin": 88, "s_inicio_km": 84.297223, "s_fin_km": 85.268738, "longitud_traza_km": 0.948283, "factor_local": 0.948283, "metodo_calibracion": "solo_puntos_confianza_alta", "subindice_topografia": 0.2783515267864422, "subindice_hidrologia": 1.0, "subindice_clima": 0.34195914446603931, "indice_exposicion": 54.01035570841605, "ranking_exposicion": 24, "clase_exposicion": "muy_alta" }, "geometry": { "type": "LineString", "coordinates": [ [ -68.789123928585752, -28.904351237950127 ], [ -68.789232751490005, -28.903494442520206 ], [ -68.789088625513756, -28.902629219788992 ], [ -68.789609720586824, -28.901855054683917 ], [ -68.789922453661106, -28.90100375045845 ], [ -68.790136208329372, -28.9001221396429 ], [ -68.790324922234035, -28.899247528399464 ], [ -68.79021878509765, -28.898348652642206 ], [ -68.790053506528665, -28.897456469486489 ], [ -68.790130014041011, -28.89665802277479 ], [ -68.790606890844671, -28.89616560606575 ] ] } },
{ "type": "Feature", "properties": { "km_inicio": 88, "km_fin": 89, "s_inicio_km": 85.268738, "s_fin_km": 86.240253, "longitud_traza_km": 0.963868, "factor_local": 0.963868, "metodo_calibracion": "solo_puntos_confianza_alta", "subindice_topografia": 0.31197732580558518, "subindice_hidrologia": 0.99041800413248882, "subindice_clima": 0.34273646828937671, "indice_exposicion": 54.837726607581693, "ranking_exposicion": 21, "clase_exposicion": "muy_alta" }, "geometry": { "type": "LineString", "coordinates": [ [ -68.790606890844671, -28.89616560606575 ], [ -68.790580579088754, -28.895315866869751 ], [ -68.790310579636625, -28.894442971748685 ], [ -68.78990251379031, -28.893614218510653 ], [ -68.789492241118822, -28.892786014010134 ], [ -68.789206303836679, -28.891917057538755 ], [ -68.788920366554549, -28.89104810106738 ], [ -68.788484917682482, -28.890234780370797 ], [ -68.788040111664216, -28.889425051352656 ], [ -68.787879169450107, -28.888532639605813 ], [ -68.787778136010616, -28.887891817473644 ] ] } },
{ "type": "Feature", "properties": { "km_inicio": 89, "km_fin": 90, "s_inicio_km": 86.240253, "s_fin_km": 87.211768, "longitud_traza_km": 0.969913, "factor_local": 0.969913, "metodo_calibracion": "solo_puntos_confianza_alta", "subindice_topografia": 0.24908377501805301, "subindice_hidrologia": 0.98050748283809719, "subindice_clima": 0.3434260038676431, "indice_exposicion": 52.433908724126447, "ranking_exposicion": 26, "clase_exposicion": "muy_alta" }, "geometry": { "type": "LineString", "coordinates": [ [ -68.787778136010616, -28.887891817473644 ], [ -68.787606837964532, -28.887008033025694 ], [ -68.78768459325137, -28.886112152083168 ], [ -68.787800407635288, -28.885213273667006 ], [ -68.787972404384249, -28.884321373617929 ], [ -68.788144401133209, -28.883429473568853 ], [ -68.78831639788217, -28.88253757351978 ], [ -68.788488394631131, -28.881645673470704 ], [ -68.788660391380091, -28.880753773421628 ], [ -68.788832388129052, -28.879861873372555 ], [ -68.788962324620002, -28.879225313689542 ] ] } },
{ "type": "Feature", "properties": { "km_inicio": 90, "km_fin": 91, "s_inicio_km": 87.211768, "s_fin_km": 88.274964, "longitud_traza_km": 1.053095, "factor_local": 1.053095, "metodo_calibracion": "solo_puntos_confianza_alta", "subindice_topografia": 0.19044900026576639, "subindice_hidrologia": 0.97549989308670382, "subindice_clima": 0.3449437056518263, "indice_exposicion": 50.363086633476549, "ranking_exposicion": 29, "clase_exposicion": "alta" }, "geometry": { "type": "LineString", "coordinates": [ [ -68.788962324620002, -28.879225313689542 ], [ -68.789170427303986, -28.878340354161089 ], [ -68.789160089038148, -28.877478978164561 ], [ -68.78865266791351, -28.876699073953652 ], [ -68.788449405229613, -28.875816408784161 ], [ -68.788645334535246, -28.874960007263276 ], [ -68.789258504691688, -28.874234232233867 ], [ -68.789884250027953, -28.873516449263057 ], [ -68.790420555263665, -28.872745534500556 ], [ -68.790951909400164, -28.871975394140037 ], [ -68.791896672949278, -28.871619506154257 ], [ -68.792400130920484, -28.871259775796574 ] ] } },
{ "type": "Feature", "properties": { "km_inicio": 91, "km_fin": 92, "s_inicio_km": 88.274964, "s_fin_km": 89.338159, "longitud_traza_km": 1.061484, "factor_local": 1.061484, "metodo_calibracion": "solo_puntos_confianza_alta", "subindice_topografia": 0.23286592416395291, "subindice_hidrologia": 0.0050060305086245998, "subindice_clima": 0.34926209933194619, "indice_exposicion": 19.571135133484127, "ranking_exposicion": 96, "clase_exposicion": "baja" }, "geometry": { "type": "LineString", "coordinates": [ [ -68.792400130920484, -28.871259775796574 ], [ -68.793236724960792, -28.870734596844351 ], [ -68.793971394471512, -28.870114572402759 ], [ -68.794614007274234, -28.869408664923469 ], [ -68.795164804407591, -28.868644800319561 ], [ -68.795715601540948, -28.867880935715661 ], [ -68.796266398674305, -28.867117071111757 ], [ -68.796838480361473, -28.866366516894153 ], [ -68.797477162864851, -28.865657611780385 ], [ -68.798115845368216, -28.86494870666661 ], [ -68.798786481094979, -28.864269785868714 ], [ -68.799320474440691, -28.863944127063714 ] ] } },
{ "type": "Feature", "properties": { "km_inicio": 92, "km_fin": 93, "s_inicio_km": 89.338159, "s_fin_km": 90.401355, "longitud_traza_km": 1.061262, "factor_local": 1.061262, "metodo_calibracion": "solo_puntos_confianza_alta", "subindice_topografia": 0.223811292560502, "subindice_hidrologia": 0.0017730013372869999, "subindice_clima": 0.35367414160173621, "indice_exposicion": 19.308614516650845, "ranking_exposicion": 97, "clase_exposicion": "baja" }, "geometry": { "type": "LineString", "coordinates": [ [ -68.799320474440691, -28.863944127063714 ], [ -68.800171366719454, -28.863436673826058 ], [ -68.800983391711654, -28.862900810378434 ], [ -68.801575648812786, -28.862161354675017 ], [ -68.802165779471409, -28.861420677737271 ], [ -68.8027196219101, -28.860659911103131 ], [ -68.803304179051025, -28.859920810108676 ], [ -68.80374788929231, -28.859104752469623 ], [ -68.804246435167215, -28.858313859465476 ], [ -68.804752967887126, -28.857526631706452 ], [ -68.805179342827941, -28.856703635494561 ], [ -68.805446314889792, -28.856182430259611 ] ] } },
{ "type": "Feature", "properties": { "km_inicio": 93, "km_fin": 94, "s_inicio_km": 90.401355, "s_fin_km": 91.464551, "longitud_traza_km": 1.059368, "factor_local": 1.059368, "metodo_calibracion": "solo_puntos_confianza_alta", "subindice_topografia": 0.1588873382643764, "subindice_hidrologia": 0.082528007979863593, "subindice_clima": 0.3580633794730092, "indice_exposicion": 19.982624190574981, "ranking_exposicion": 93, "clase_exposicion": "baja" }, "geometry": { "type": "LineString", "coordinates": [ [ -68.805446314889792, -28.856182430259611 ], [ -68.80584190764155, -28.855347889428465 ], [ -68.806302683079906, -28.854555478160517 ], [ -68.806943594169539, -28.853852397625069 ], [ -68.807516877068537, -28.853101452673314 ], [ -68.80809015996752, -28.852350507721557 ], [ -68.808663442866518, -28.851599562769803 ], [ -68.809334017991731, -28.850928268854545 ], [ -68.810249658778616, -28.85051937564219 ], [ -68.811172314298517, -28.850120322790158 ], [ -68.812036620337821, -28.849638490120469 ], [ -68.812552457598144, -28.849290909532648 ] ] } },
{ "type": "Feature", "properties": { "km_inicio": 94, "km_fin": 95, "s_inicio_km": 91.464551, "s_fin_km": 92.527747, "longitud_traza_km": 1.062671, "factor_local": 1.062671, "metodo_calibracion": "solo_puntos_confianza_alta", "subindice_topografia": 0.2619322222177512, "subindice_hidrologia": 0.078635877408993096, "subindice_clima": 0.36410433392786729, "indice_exposicion": 23.489081118487057, "ranking_exposicion": 82, "clase_exposicion": "baja" }, "geometry": { "type": "LineString", "coordinates": [ [ -68.812552457598144, -28.849290909532648 ], [ -68.81317062041316, -28.848574005337539 ], [ -68.813759654245388, -28.847832558818833 ], [ -68.814348688077629, -28.847091112300124 ], [ -68.814937721909843, -28.846349665781418 ], [ -68.815526755742084, -28.845608219262708 ], [ -68.816115789574312, -28.844866772743998 ], [ -68.816704823406539, -28.844125326225292 ], [ -68.817293857238781, -28.843383879706582 ], [ -68.817882891071008, -28.842642433187876 ], [ -68.818471924903236, -28.841900986669167 ], [ -68.818844169548555, -28.841432423606623 ] ] } },
{ "type": "Feature", "properties": { "km_inicio": 95, "km_fin": 96, "s_inicio_km": 92.527747, "s_fin_km": 93.538013, "longitud_traza_km": 1.010164, "factor_local": 1.010164, "metodo_calibracion": "solo_puntos_confianza_alta", "subindice_topografia": 0.28163202426747108, "subindice_hidrologia": 0.002655770208127, "subindice_clima": 0.37083954311432299, "indice_exposicion": 21.837577919664039, "ranking_exposicion": 89, "clase_exposicion": "baja" }, "geometry": { "type": "LineString", "coordinates": [ [ -68.818844169548555, -28.841432423606623 ], [ -68.819433201470247, -28.840690975912697 ], [ -68.820022233391938, -28.839949528218767 ], [ -68.82065431408526, -28.839237224268626 ], [ -68.821317779106352, -28.838546167308188 ], [ -68.821981244127443, -28.837855110347753 ], [ -68.822645042723252, -28.83716430191151 ], [ -68.823310231273609, -28.836474529037339 ], [ -68.823975419823967, -28.835784756163168 ], [ -68.824640608374324, -28.835094983289 ], [ -68.825305796924667, -28.834405210414829 ], [ -68.825374083078017, -28.834334400512525 ] ] } },
{ "type": "Feature", "properties": { "km_inicio": 96, "km_fin": 97, "s_inicio_km": 93.538013, "s_fin_km": 94.548278, "longitud_traza_km": 1.01012, "factor_local": 1.01012, "metodo_calibracion": "solo_puntos_confianza_alta", "subindice_topografia": 0.28199753831736057, "subindice_hidrologia": 0.0032697117681402001, "subindice_clima": 0.37863393657944311, "indice_exposicion": 22.130039555498136, "ranking_exposicion": 88, "clase_exposicion": "baja" }, "geometry": { "type": "LineString", "coordinates": [ [ -68.825374083078017, -28.834334400512525 ], [ -68.826039271628375, -28.833644627638357 ], [ -68.826704460178732, -28.832954854764182 ], [ -68.827369648729075, -28.832265081890014 ], [ -68.828034837279432, -28.831575309015847 ], [ -68.828700025829775, -28.830885536141675 ], [ -68.829365214380132, -28.830195763267504 ], [ -68.83003040293049, -28.829505990393336 ], [ -68.830721440105108, -28.828836187863658 ], [ -68.83141268098251, -28.82816654271236 ], [ -68.832240031177591, -28.827631744359991 ], [ -68.832325984027506, -28.827577853888474 ] ] } },
{ "type": "Feature", "properties": { "km_inicio": 97, "km_fin": 98, "s_inicio_km": 94.548278, "s_fin_km": 95.558544, "longitud_traza_km": 0.935992, "factor_local": 0.935992, "metodo_calibracion": "solo_puntos_confianza_alta", "subindice_topografia": 0.4861154739115911, "subindice_hidrologia": 0.8734961154835934, "subindice_clima": 0.38736784415103709, "indice_exposicion": 58.232647784874061, "ranking_exposicion": 15, "clase_exposicion": "muy_alta" }, "geometry": { "type": "LineString", "coordinates": [ [ -68.832325984027506, -28.827577853888474 ], [ -68.833169509537868, -28.827060848111689 ], [ -68.834023824676848, -28.826557586618275 ], [ -68.83488686116759, -28.826066179072384 ], [ -68.835685672407578, -28.825504362510586 ], [ -68.836426081344484, -28.824876731089116 ], [ -68.837126626474372, -28.824877406355579 ], [ -68.837949867652029, -28.824340889448962 ], [ -68.838592352015212, -28.824371133647436 ], [ -68.839525175273351, -28.824072169350412 ], [ -68.840505414368863, -28.8238195329094 ], [ -68.840606296484452, -28.823792446737777 ] ] } },
{ "type": "Feature", "properties": { "km_inicio": 98, "km_fin": 99, "s_inicio_km": 95.558544, "s_fin_km": 96.56881, "longitud_traza_km": 0.919909, "factor_local": 0.919909, "metodo_calibracion": "solo_puntos_confianza_alta", "subindice_topografia": 0.6185229779440673, "subindice_hidrologia": 0.87290550524964439, "subindice_clima": 0.39620469184986518, "indice_exposicion": 62.921105834785898, "ranking_exposicion": 7, "clase_exposicion": "muy_alta" }, "geometry": { "type": "LineString", "coordinates": [ [ -68.840606296484452, -28.823792446737777 ], [ -68.841361517293578, -28.823207318631777 ], [ -68.84192495385112, -28.822473412048801 ], [ -68.84254248617242, -28.822388078219827 ], [ -68.843391796497301, -28.821883464846067 ], [ -68.844317068672666, -28.821495818109408 ], [ -68.845226485020774, -28.821087323744585 ], [ -68.846217180361322, -28.821087657596838 ], [ -68.847105431347046, -28.82063249269272 ], [ -68.848049932178881, -28.820283629135986 ], [ -68.848563196774649, -28.820557861517589 ], [ -68.848604927194359, -28.820643162085322 ] ] } },
{ "type": "Feature", "properties": { "km_inicio": 99, "km_fin": 100, "s_inicio_km": 96.56881, "s_fin_km": 97.579075, "longitud_traza_km": 0.997814, "factor_local": 0.997814, "metodo_calibracion": "solo_puntos_confianza_alta", "subindice_topografia": 0.63178273249555561, "subindice_hidrologia": 0.86110311278558083, "subindice_clima": 0.40396240950918688, "indice_exposicion": 63.228275159677452, "ranking_exposicion": 6, "clase_exposicion": "muy_alta" }, "geometry": { "type": "LineString", "coordinates": [ [ -68.848604927194359, -28.820643162085322 ], [ -68.849504078246113, -28.821014731478275 ], [ -68.850419794036355, -28.821424657577435 ], [ -68.851411161171441, -28.82159079971051 ], [ -68.852291286341227, -28.821144671300708 ], [ -68.853296997381889, -28.821154245072677 ], [ -68.854300511568809, -28.821046043830393 ], [ -68.855291375105239, -28.820811172519932 ], [ -68.856171648863196, -28.821264232943928 ], [ -68.85708691695136, -28.821659999759387 ], [ -68.858054434245076, -28.821960891960273 ], [ -68.858130986050654, -28.822022780199045 ] ] } },
{ "type": "Feature", "properties": { "km_inicio": 100, "km_fin": 101, "s_inicio_km": 97.579075, "s_fin_km": 98.589341, "longitud_traza_km": 1.001288, "factor_local": 1.001288, "metodo_calibracion": "solo_puntos_confianza_alta", "subindice_topografia": 0.72720531793922483, "subindice_hidrologia": 0.044339128960927197, "subindice_clima": 0.41068822565396851, "indice_exposicion": 39.407755751804018, "ranking_exposicion": 49, "clase_exposicion": "alta" }, "geometry": { "type": "LineString", "coordinates": [ [ -68.858130986050654, -28.822022780199045 ], [ -68.858834159023345, -28.822678260858023 ], [ -68.859805329592447, -28.822898680595269 ], [ -68.860823333986289, -28.822790722397102 ], [ -68.86181082398339, -28.822649421345602 ], [ -68.862832895974009, -28.822606764490978 ], [ -68.863738684334962, -28.822179572283805 ], [ -68.86471865792015, -28.821986630398449 ], [ -68.865737159876446, -28.821885160819999 ], [ -68.866758115536157, -28.821785867887318 ], [ -68.867762831738659, -28.821594093138785 ], [ -68.867866474418108, -28.821576563729714 ] ] } },
{ "type": "Feature", "properties": { "km_inicio": 101, "km_fin": 102, "s_inicio_km": 98.589341, "s_fin_km": 99.599607, "longitud_traza_km": 0.977586, "factor_local": 0.977586, "metodo_calibracion": "solo_puntos_confianza_alta", "subindice_topografia": 0.66625281985709373, "subindice_hidrologia": 0.78343747611471115, "subindice_clima": 0.42059009791752561, "indice_exposicion": 62.342679796311018, "ranking_exposicion": 8, "clase_exposicion": "muy_alta" }, "geometry": { "type": "LineString", "coordinates": [ [ -68.867866474418108, -28.821576563729714 ], [ -68.86888060107475, -28.821428352416078 ], [ -68.869895621194345, -28.821284594412202 ], [ -68.870905558629943, -28.821216822788916 ], [ -68.870997813011527, -28.820388840186961 ], [ -68.871754794664326, -28.819935859656564 ], [ -68.872666991937905, -28.819528758658297 ], [ -68.873666853676141, -28.819411572956369 ], [ -68.874567879241781, -28.819000754032725 ], [ -68.875311915758772, -28.818445213006218 ], [ -68.87599800592632, -28.817813677029822 ], [ -68.876028563344462, -28.817724786311924 ] ] } },
{ "type": "Feature", "properties": { "km_inicio": 102, "km_fin": 103, "s_inicio_km": 99.599607, "s_fin_km": 100.609872, "longitud_traza_km": 0.999154, "factor_local": 0.999154, "metodo_calibracion": "solo_puntos_confianza_alta", "subindice_topografia": 1.0, "subindice_hidrologia": 0.068462884039314401, "subindice_clima": 0.43260888192133201, "indice_exposicion": 50.035725532021537, "ranking_exposicion": 30, "clase_exposicion": "alta" }, "geometry": { "type": "LineString", "coordinates": [ [ -68.876028563344462, -28.817724786311924 ], [ -68.876321974657714, -28.816868815582584 ], [ -68.877016726646971, -28.816220738053946 ], [ -68.877871256834354, -28.815734846212781 ], [ -68.878731276123077, -28.815264010784031 ], [ -68.879405380785869, -28.814584926299812 ], [ -68.879943645422244, -28.813819581116373 ], [ -68.880506266955734, -28.81308008269141 ], [ -68.881353386272579, -28.812583178007316 ], [ -68.882360443971862, -28.812575837091398 ], [ -68.883380689181692, -28.812501942612087 ], [ -68.883485026692568, -28.812487964538711 ] ] } },
{ "type": "Feature", "properties": { "km_inicio": 103, "km_fin": 104, "s_inicio_km": 100.609872, "s_fin_km": 101.620138, "longitud_traza_km": 1.005321, "factor_local": 1.005321, "metodo_calibracion": "solo_puntos_confianza_alta", "subindice_topografia": 0.77764712117657919, "subindice_hidrologia": 0.7972231323804212, "subindice_clima": 0.4449955963525889, "indice_exposicion": 67.328861663652987, "ranking_exposicion": 3, "clase_exposicion": "muy_alta" }, "geometry": { "type": "LineString", "coordinates": [ [ -68.883485026692568, -28.812487964538711 ], [ -68.884509001876694, -28.812465328235131 ], [ -68.885374894219382, -28.812031210164157 ], [ -68.88619681907646, -28.811487784580919 ], [ -68.886989033199669, -28.810911596948586 ], [ -68.887857208036067, -28.810429086687737 ], [ -68.888813556274911, -28.810097120138973 ], [ -68.88974893986267, -28.809721711308207 ], [ -68.890415044611771, -28.809040846327296 ], [ -68.891026889332139, -28.80832086225471 ], [ -68.89169301055739, -28.807632371962271 ], [ -68.891759597855511, -28.807560320204377 ] ] } },
{ "type": "Feature", "properties": { "km_inicio": 104, "km_fin": 105, "s_inicio_km": 101.620138, "s_fin_km": 102.630404, "longitud_traza_km": 0.976455, "factor_local": 0.976455, "metodo_calibracion": "solo_puntos_confianza_alta", "subindice_topografia": 0.78674293292954545, "subindice_hidrologia": 0.77952013983742596, "subindice_clima": 0.45817489566632819, "indice_exposicion": 67.481265614443316, "ranking_exposicion": 2, "clase_exposicion": "muy_alta" }, "geometry": { "type": "LineString", "coordinates": [ [ -68.891759597855511, -28.807560320204377 ], [ -68.892063517499381, -28.806705108036706 ], [ -68.892163836235369, -28.805805157400076 ], [ -68.892225387731358, -28.804902163805341 ], [ -68.892433613530812, -28.80402229132746 ], [ -68.892985777242586, -28.803281049786424 ], [ -68.893850458580616, -28.802839264770679 ], [ -68.894594594364762, -28.802371761352703 ], [ -68.894496441581083, -28.801618285780059 ], [ -68.894537117247438, -28.800714434058033 ], [ -68.894646456236899, -28.799816268512114 ], [ -68.894644979167609, -28.799723409109234 ] ] } },
{ "type": "Feature", "properties": { "km_inicio": 105, "km_fin": 106, "s_inicio_km": 102.630404, "s_fin_km": 103.640669, "longitud_traza_km": 1.002608, "factor_local": 1.002608, "metodo_calibracion": "solo_puntos_confianza_alta", "subindice_topografia": 0.83494822128401625, "subindice_hidrologia": 0.16535970847181961, "subindice_clima": 0.4687342139937225, "indice_exposicion": 48.968071458318612, "ranking_exposicion": 32, "clase_exposicion": "alta" }, "geometry": { "type": "LineString", "coordinates": [ [ -68.894644979167609, -28.799723409109234 ], [ -68.894719382601565, -28.798825594934538 ], [ -68.894856256467975, -28.797930755036241 ], [ -68.894792669069929, -28.797028220276442 ], [ -68.894709739449681, -28.796129537533844 ], [ -68.894665016465581, -28.795231615468875 ], [ -68.895166188483842, -28.794458135668947 ], [ -68.895792419975919, -28.793740946830113 ], [ -68.896397715213098, -28.793045425017255 ], [ -68.897242143324476, -28.792537012759471 ], [ -68.898222418324465, -28.792286397320954 ], [ -68.898325558214694, -28.792266705148485 ] ] } },
{ "type": "Feature", "properties": { "km_inicio": 106, "km_fin": 107, "s_inicio_km": 103.640669, "s_fin_km": 104.650935, "longitud_traza_km": 1.002738, "factor_local": 1.002738, "metodo_calibracion": "solo_puntos_confianza_alta", "subindice_topografia": 0.96612758553476719, "subindice_hidrologia": 0.1268032741440292, "subindice_clima": 0.48170102731644659, "indice_exposicion": 52.487729566508101, "ranking_exposicion": 25, "clase_exposicion": "muy_alta" }, "geometry": { "type": "LineString", "coordinates": [ [ -68.898325558214694, -28.792266705148485 ], [ -68.899172367777211, -28.791768077302795 ], [ -68.899898667320187, -28.791129175454316 ], [ -68.899933852322278, -28.7902601685172 ], [ -68.89999470134056, -28.789357126957327 ], [ -68.900188657972151, -28.788479134719015 ], [ -68.900585689168068, -28.787647081424023 ], [ -68.901096331144771, -28.786863407382267 ], [ -68.901594921323522, -28.78607599351977 ], [ -68.902163495383931, -28.785322281677342 ], [ -68.902893587932169, -28.784695266734939 ], [ -68.902981420087372, -28.784643775925616 ] ] } },
{ "type": "Feature", "properties": { "km_inicio": 107, "km_fin": 108, "s_inicio_km": 104.650935, "s_fin_km": 105.661201, "longitud_traza_km": 1.00026, "factor_local": 1.00026, "metodo_calibracion": "solo_puntos_confianza_alta", "subindice_topografia": 0.82423360323795802, "subindice_hidrologia": 0.075312386529436004, "subindice_clima": 0.49809521636109239, "indice_exposicion": 46.588040204282883, "ranking_exposicion": 40, "clase_exposicion": "alta" }, "geometry": { "type": "LineString", "coordinates": [ [ -68.902981420087372, -28.784643775925616 ], [ -68.903837010000231, -28.78414219405099 ], [ -68.904772496867011, -28.783776646605375 ], [ -68.90578792754637, -28.783639017545784 ], [ -68.906644543181287, -28.783159953313142 ], [ -68.907295975747289, -28.782514034286656 ], [ -68.907706029316316, -28.781711208010027 ], [ -68.908674739129907, -28.781408225800316 ], [ -68.909580202605895, -28.780998378688121 ], [ -68.910373294068989, -28.780423058533266 ], [ -68.911213512442771, -28.779901808368674 ], [ -68.911305684931364, -28.779856571595836 ] ] } },
{ "type": "Feature", "properties": { "km_inicio": 108, "km_fin": 109, "s_inicio_km": 105.661201, "s_fin_km": 106.671466, "longitud_traza_km": 0.980453, "factor_local": 0.980453, "metodo_calibracion": "solo_puntos_confianza_alta", "subindice_topografia": 0.78849909497900628, "subindice_hidrologia": 0.1056853593160203, "subindice_clima": 0.51442241950382783, "indice_exposicion": 46.953562459961809, "ranking_exposicion": 38, "clase_exposicion": "alta" }, "geometry": { "type": "LineString", "coordinates": [ [ -68.911305684931364, -28.779856571595836 ], [ -68.912176834305711, -28.779387045758334 ], [ -68.912995440110862, -28.778974008427188 ], [ -68.913915168271785, -28.778791638345545 ], [ -68.914604460616204, -28.778134479419496 ], [ -68.91474821814684, -28.777294482329186 ], [ -68.915668690182443, -28.776918091157466 ], [ -68.916647721644736, -28.776655128816451 ], [ -68.917539429320755, -28.776227067985154 ], [ -68.918555038746206, -28.776283286737648 ], [ -68.919567020130032, -28.776315375800738 ], [ -68.919667968929076, -28.776342468724408 ] ] } },
{ "type": "Feature", "properties": { "km_inicio": 109, "km_fin": 110, "s_inicio_km": 106.671466, "s_fin_km": 107.681732, "longitud_traza_km": 0.983565, "factor_local": 0.983565, "metodo_calibracion": "solo_puntos_confianza_alta", "subindice_topografia": 0.93766886756601597, "subindice_hidrologia": 0.082923244629005202, "subindice_clima": 0.53008488154149724, "indice_exposicion": 51.689233124550618, "ranking_exposicion": 27, "clase_exposicion": "alta" }, "geometry": { "type": "LineString", "coordinates": [ [ -68.919667968929076, -28.776342468724408 ], [ -68.920670426921021, -28.776386662837449 ], [ -68.921607922373227, -28.776080306442157 ], [ -68.922455363950689, -28.775585603888203 ], [ -68.923444694217054, -28.775621254711687 ], [ -68.924378858600718, -28.77558167450001 ], [ -68.925323601683061, -28.775851837122232 ], [ -68.92622027267187, -28.776294309286662 ], [ -68.927074185917903, -28.7767383864485 ], [ -68.927591129895276, -28.777520356366711 ], [ -68.928223495594935, -28.77822322178163 ], [ -68.928298953187195, -28.778288151476488 ] ] } },
{ "type": "Feature", "properties": { "km_inicio": 110, "km_fin": 111, "s_inicio_km": 107.681732, "s_fin_km": 108.652083, "longitud_traza_km": 0.942458, "factor_local": 0.942458, "metodo_calibracion": "solo_puntos_confianza_alta", "subindice_topografia": 0.87418564856448633, "subindice_hidrologia": 0.1122937875830408, "subindice_clima": 0.53459991757976322, "indice_exposicion": 50.70264512424302, "ranking_exposicion": 28, "clase_exposicion": "alta" }, "geometry": { "type": "LineString", "coordinates": [ [ -68.928298953187195, -28.778288151476488 ], [ -68.929203941505278, -28.778697970910581 ], [ -68.929822708277769, -28.779333575437267 ], [ -68.930126665343792, -28.780196610382056 ], [ -68.930677608717701, -28.780905752230293 ], [ -68.931572649368348, -28.781264478580649 ], [ -68.932504802965241, -28.781593558077105 ], [ -68.933251219129488, -28.782155782540787 ], [ -68.934086753512446, -28.782659176657962 ], [ -68.934612209467971, -28.783436741293134 ], [ -68.93491333630061, -28.783998804541099 ] ] } },
{ "type": "Feature", "properties": { "km_inicio": 111, "km_fin": 112, "s_inicio_km": 108.652083, "s_fin_km": 109.622435, "longitud_traza_km": 0.95797, "factor_local": 0.95797, "metodo_calibracion": "solo_puntos_confianza_alta", "subindice_topografia": 0.82623959998212415, "subindice_hidrologia": 0.071986698028067106, "subindice_clima": 0.53768269800263757, "indice_exposicion": 47.863633200427628, "ranking_exposicion": 35, "clase_exposicion": "alta" }, "geometry": { "type": "LineString", "coordinates": [ [ -68.93491333630061, -28.783998804541099 ], [ -68.935731627797296, -28.784539204224608 ], [ -68.936526330373894, -28.785050930674071 ], [ -68.936772598860713, -28.785924893721074 ], [ -68.937553413421639, -28.786513390680948 ], [ -68.937801947102059, -28.787350929900317 ], [ -68.937854536051887, -28.78825014992994 ], [ -68.937844466689839, -28.789150167443026 ], [ -68.937998956651967, -28.790044494341068 ], [ -68.938533396330314, -28.790796878594936 ], [ -68.938775642822606, -28.79139655280974 ] ] } },
{ "type": "Feature", "properties": { "km_inicio": 112, "km_fin": 113, "s_inicio_km": 109.622435, "s_fin_km": 110.592786, "longitud_traza_km": 0.952771, "factor_local": 0.952771, "metodo_calibracion": "solo_puntos_confianza_alta", "subindice_topografia": 0.50833796783128005, "subindice_hidrologia": 0.066760671194344604, "subindice_clima": 0.54147801979256505, "indice_exposicion": 37.219221960606326, "ranking_exposicion": 53, "clase_exposicion": "media" }, "geometry": { "type": "LineString", "coordinates": [ [ -68.938775642822606, -28.79139655280974 ], [ -68.939280118634343, -28.792077656031793 ], [ -68.940181511226797, -28.7916712213312 ], [ -68.9407765195553, -28.790982334151185 ], [ -68.941616098029343, -28.79046645337381 ], [ -68.942148112033763, -28.78970189638715 ], [ -68.942596538443752, -28.788887837256336 ], [ -68.942961680351374, -28.788042693786632 ], [ -68.943315140043566, -28.787193190154689 ], [ -68.943630096972868, -28.786334522071908 ], [ -68.943757722543978, -28.785708075529929 ] ] } },
{ "type": "Feature", "properties": { "km_inicio": 113, "km_fin": 114, "s_inicio_km": 110.592786, "s_fin_km": 111.563137, "longitud_traza_km": 0.959286, "factor_local": 0.959286, "metodo_calibracion": "solo_puntos_confianza_alta", "subindice_topografia": 0.44533382778454172, "subindice_hidrologia": 0.0136360913694854, "subindice_clima": 0.55356698146255523, "indice_exposicion": 33.75123002055274, "ranking_exposicion": 62, "clase_exposicion": "media" }, "geometry": { "type": "LineString", "coordinates": [ [ -68.943757722543978, -28.785708075529929 ], [ -68.944163284252312, -28.784907102162766 ], [ -68.944802441965152, -28.784237322597289 ], [ -68.944870166822881, -28.783334637692182 ], [ -68.944868042762522, -28.782431778067238 ], [ -68.94474950446417, -28.781535937587876 ], [ -68.944051033583932, -28.780873709769729 ], [ -68.943389226899512, -28.780181422678268 ], [ -68.943029715828544, -28.779366148382913 ], [ -68.943111106708045, -28.778469436307279 ], [ -68.94327483604404, -28.777850899948174 ] ] } },
{ "type": "Feature", "properties": { "km_inicio": 114, "km_fin": 115, "s_inicio_km": 111.563137, "s_fin_km": 112.533489, "longitud_traza_km": 0.957775, "factor_local": 0.957775, "metodo_calibracion": "solo_puntos_confianza_alta", "subindice_topografia": 0.56982149278815664, "subindice_hidrologia": 0.053746651763077399, "subindice_clima": 0.55674872190586466, "indice_exposicion": 39.343895548569961, "ranking_exposicion": 50, "clase_exposicion": "alta" }, "geometry": { "type": "LineString", "coordinates": [ [ -68.94327483604404, -28.777850899948174 ], [ -68.943201912051578, -28.776960030089679 ], [ -68.942706508186021, -28.776169453138305 ], [ -68.942191660488234, -28.775386413110969 ], [ -68.941661056871183, -28.774611811516323 ], [ -68.941522285144075, -28.77374803902762 ], [ -68.941608378818898, -28.772846566754453 ], [ -68.941695067897101, -28.771945138636383 ], [ -68.941281970426914, -28.771189360208854 ], [ -68.940395901074368, -28.770730577776209 ], [ -68.939855699640276, -28.7703103007834 ] ] } },
{ "type": "Feature", "properties": { "km_inicio": 115, "km_fin": 116, "s_inicio_km": 112.533489, "s_fin_km": 113.543638, "longitud_traza_km": 0.996471, "factor_local": 0.996471, "metodo_calibracion": "solo_puntos_confianza_alta", "subindice_topografia": 0.6956838664650955, "subindice_hidrologia": 0.1040544840900773, "subindice_clima": 0.55730476774256033, "indice_exposicion": 45.234770609924446, "ranking_exposicion": 42, "clase_exposicion": "alta" }, "geometry": { "type": "LineString", "coordinates": [ [ -68.939855699640276, -28.7703103007834 ], [ -68.939115459935053, -28.769682581904387 ], [ -68.938381721820207, -28.769048913696089 ], [ -68.938034058774377, -28.768219016911484 ], [ -68.937623754824045, -28.767400596781346 ], [ -68.936952409972548, -28.766717781188564 ], [ -68.936058752392114, -28.76627099919185 ], [ -68.935636822141831, -28.765538842232957 ], [ -68.935719406539732, -28.764644809862293 ], [ -68.935867260911294, -28.763749577060086 ], [ -68.936011369528913, -28.762853858620076 ], [ -68.936025996159557, -28.762762945647552 ] ] } },
{ "type": "Feature", "properties": { "km_inicio": 116, "km_fin": 117, "s_inicio_km": 113.543638, "s_fin_km": 114.553788, "longitud_traza_km": 1.006533, "factor_local": 1.006533, "metodo_calibracion": "solo_puntos_confianza_alta", "subindice_topografia": 0.75885179751803622, "subindice_hidrologia": 0.1212166065962292, "subindice_clima": 0.56661280051730367, "indice_exposicion": 48.222706821052313, "ranking_exposicion": 34, "clase_exposicion": "alta" }, "geometry": { "type": "LineString", "coordinates": [ [ -68.936025996159557, -28.762762945647552 ], [ -68.936324532148902, -28.761897646120438 ], [ -68.936707057076148, -28.761059319760239 ], [ -68.937122642947301, -28.760231876423987 ], [ -68.937397616893932, -28.759367659416867 ], [ -68.937563082957382, -28.758474803253669 ], [ -68.937527784811479, -28.757573751398603 ], [ -68.937550805920239, -28.756673955294826 ], [ -68.937679118678702, -28.755790826545194 ], [ -68.937986367389172, -28.754927520662847 ], [ -68.938366393662861, -28.754088952276287 ], [ -68.938410249420954, -28.754005635983045 ] ] } },
{ "type": "Feature", "properties": { "km_inicio": 117, "km_fin": 118, "s_inicio_km": 114.553788, "s_fin_km": 115.563938, "longitud_traza_km": 0.998303, "factor_local": 0.998303, "metodo_calibracion": "solo_puntos_confianza_alta", "subindice_topografia": 0.43810800396309008, "subindice_hidrologia": 0.059259012920160899, "subindice_clima": 0.58080717517147473, "indice_exposicion": 35.939139735157525, "ranking_exposicion": 57, "clase_exposicion": "media" }, "geometry": { "type": "LineString", "coordinates": [ [ -68.938410249420954, -28.754005635983045 ], [ -68.939198123925635, -28.753563646177497 ], [ -68.940195728824548, -28.753345001521357 ], [ -68.941193333723461, -28.753126356865216 ], [ -68.942190938622375, -28.752907712209073 ], [ -68.943188543521288, -28.752689067552932 ], [ -68.944194916403049, -28.752587341201522 ], [ -68.94521652201918, -28.752688738591718 ], [ -68.946238127635297, -28.752790135981911 ], [ -68.947259733251443, -28.752891533372104 ], [ -68.948274217207484, -28.752922517799924 ], [ -68.948374212259864, -28.752896275088201 ] ] } },
{ "type": "Feature", "properties": { "km_inicio": 118, "km_fin": 119, "s_inicio_km": 115.563938, "s_fin_km": 116.574088, "longitud_traza_km": 1.010094, "factor_local": 1.010094, "metodo_calibracion": "solo_puntos_confianza_alta", "subindice_topografia": 0.39699230699268451, "subindice_hidrologia": 0.1043461084198769, "subindice_clima": 0.59665242874587732, "indice_exposicion": 36.599694805281295, "ranking_exposicion": 54, "clase_exposicion": "media" }, "geometry": { "type": "LineString", "coordinates": [ [ -68.948374212259864, -28.752896275088201 ], [ -68.949359411729631, -28.752637719239118 ], [ -68.950344611199384, -28.752379163390039 ], [ -68.951329810669151, -28.752120607540952 ], [ -68.952315010138918, -28.751862051691869 ], [ -68.95330020960867, -28.75160349584279 ], [ -68.954285409078437, -28.751344939993704 ], [ -68.955270608548204, -28.751086384144621 ], [ -68.956256959753816, -28.75083304108562 ], [ -68.957280486170816, -28.750747954118701 ], [ -68.958304012587817, -28.750662867151778 ], [ -68.958407897720548, -28.750654231057283 ] ] } },
{ "type": "Feature", "properties": { "km_inicio": 119, "km_fin": 120, "s_inicio_km": 116.574088, "s_fin_km": 117.584237, "longitud_traza_km": 1.010131, "factor_local": 1.010131, "metodo_calibracion": "solo_puntos_confianza_alta", "subindice_topografia": 0.3289238759510566, "subindice_hidrologia": 0.019253562659397001, "subindice_clima": 0.61298361262039924, "indice_exposicion": 32.038701707695097, "ranking_exposicion": 69, "clase_exposicion": "media" }, "geometry": { "type": "LineString", "coordinates": [ [ -68.958407897720548, -28.750654231057283 ], [ -68.959431424137549, -28.750569144090363 ], [ -68.960454950554549, -28.750484057123444 ], [ -68.96147847697155, -28.750398970156521 ], [ -68.962502003388565, -28.750313883189602 ], [ -68.96352702921034, -28.750246374540964 ], [ -68.964553522196653, -28.750196066241049 ], [ -68.965580015182965, -28.750145757941137 ], [ -68.966606508169278, -28.750095449641226 ], [ -68.96763300115559, -28.750045141341314 ], [ -68.968659494141903, -28.749994833041402 ], [ -68.9687636803733, -28.749989726886518 ] ] } },
{ "type": "Feature", "properties": { "km_inicio": 120, "km_fin": 121, "s_inicio_km": 117.584237, "s_fin_km": 118.594387, "longitud_traza_km": 1.008095, "factor_local": 1.008095, "metodo_calibracion": "solo_puntos_confianza_alta", "subindice_topografia": 0.1625156356775965, "subindice_hidrologia": 0.0, "subindice_clima": 0.62852554240889036, "indice_exposicion": 26.368039269549566, "ranking_exposicion": 74, "clase_exposicion": "media" }, "geometry": { "type": "LineString", "coordinates": [ [ -68.9687636803733, -28.749989726886518 ], [ -68.969790173359613, -28.749939418586607 ], [ -68.970816666345925, -28.749889110286695 ], [ -68.971842779219003, -28.749833732347135 ], [ -68.972867885924813, -28.749764934970443 ], [ -68.973885430090519, -28.749859120681119 ], [ -68.97488261395894, -28.749685870728275 ], [ -68.975887708202123, -28.749509661281394 ], [ -68.97691111250667, -28.749423444518065 ], [ -68.977934516811231, -28.749337227754729 ], [ -68.978953412863675, -28.749225245047942 ], [ -68.979055466482578, -28.749206097495264 ] ] } },
{ "type": "Feature", "properties": { "km_inicio": 121, "km_fin": 122, "s_inicio_km": 118.594387, "s_fin_km": 119.604537, "longitud_traza_km": 1.005175, "factor_local": 1.005175, "metodo_calibracion": "solo_puntos_confianza_alta", "subindice_topografia": 0.054263968541254301, "subindice_hidrologia": 0.0, "subindice_clima": 0.64515099666826903, "indice_exposicion": 23.313832173650777, "ranking_exposicion": 84, "clase_exposicion": "baja" }, "geometry": { "type": "LineString", "coordinates": [ [ -68.979055466482578, -28.749206097495264 ], [ -68.980060947942235, -28.749017446574104 ], [ -68.981066429401906, -28.748828795652944 ], [ -68.982045356962089, -28.748575505764894 ], [ -68.982928836839733, -28.748127231801572 ], [ -68.983546454370526, -28.74740401867443 ], [ -68.984212454789528, -28.746717336773287 ], [ -68.984930999816157, -28.746070328380839 ], [ -68.985649544842786, -28.74542331998839 ], [ -68.985941884751298, -28.74458507972696 ], [ -68.986053397741529, -28.743687013786133 ], [ -68.986060012978498, -28.743595378994794 ] ] } },
{ "type": "Feature", "properties": { "km_inicio": 122, "km_fin": 123, "s_inicio_km": 119.604537, "s_fin_km": 120.614686, "longitud_traza_km": 1.009671, "factor_local": 1.009671, "metodo_calibracion": "solo_puntos_confianza_alta", "subindice_topografia": 0.12004562234132039, "subindice_hidrologia": 0.0, "subindice_clima": 0.65765164516051633, "indice_exposicion": 25.923242250061225, "ranking_exposicion": 76, "clase_exposicion": "media" }, "geometry": { "type": "LineString", "coordinates": [ [ -68.986060012978498, -28.743595378994794 ], [ -68.986125189482749, -28.742692548847788 ], [ -68.986190365987014, -28.74178971870078 ], [ -68.986255542491278, -28.740886888553771 ], [ -68.986278195612201, -28.739982871137276 ], [ -68.986279389862759, -28.739078565275687 ], [ -68.986887384611592, -28.738349066094997 ], [ -68.987495379360411, -28.737619566914308 ], [ -68.988103374109244, -28.736890067733611 ], [ -68.98858294099945, -28.736093913941254 ], [ -68.989014342394398, -28.735272762049462 ], [ -68.989058128456435, -28.735189417377697 ] ] } },
{ "type": "Feature", "properties": { "km_inicio": 123, "km_fin": 124, "s_inicio_km": 120.614686, "s_fin_km": 121.624836, "longitud_traza_km": 1.008344, "factor_local": 1.008344, "metodo_calibracion": "solo_puntos_confianza_alta", "subindice_topografia": 0.34673933235509119, "subindice_hidrologia": 0.0, "subindice_clima": 0.66666666666666663, "indice_exposicion": 33.78019996739193, "ranking_exposicion": 61, "clase_exposicion": "media" }, "geometry": { "type": "LineString", "coordinates": [ [ -68.989058128456435, -28.735189417377697 ], [ -68.989566804413869, -28.734411337993951 ], [ -68.990226185050332, -28.733717260748705 ], [ -68.99088556568681, -28.733023183503462 ], [ -68.991614206975044, -28.732389880856591 ], [ -68.992401136875372, -28.731807725100463 ], [ -68.993232758555763, -28.731285888686255 ], [ -68.994156265582063, -28.730888371020821 ], [ -68.995081891189599, -28.730494679940403 ], [ -68.99600751679715, -28.730100988859981 ], [ -68.996933142404686, -28.729707297779562 ], [ -68.997027090872947, -28.729667339211357 ] ] } },
{ "type": "Feature", "properties": { "km_inicio": 124, "km_fin": 125, "s_inicio_km": 121.624836, "s_fin_km": 122.634986, "longitud_traza_km": 1.00919, "factor_local": 1.00919, "metodo_calibracion": "solo_puntos_confianza_alta", "subindice_topografia": 0.34957902739299251, "subindice_hidrologia": 0.0, "subindice_clima": 0.66666666666666663, "indice_exposicion": 33.87485646865531, "ranking_exposicion": 60, "clase_exposicion": "media" }, "geometry": { "type": "LineString", "coordinates": [ [ -68.997027090872947, -28.729667339211357 ], [ -68.997952716480484, -28.729273648130938 ], [ -68.99887834208802, -28.72887995705052 ], [ -68.999842067375155, -28.728566721375159 ], [ -69.000811508901378, -28.72826555672864 ], [ -69.001780950427602, -28.727964392082118 ], [ -69.002716074551898, -28.727595195659468 ], [ -69.003620217598396, -28.727164581482803 ], [ -69.004538433305996, -28.726766082239799 ], [ -69.005537065836535, -28.726551100592594 ], [ -69.00653569836706, -28.726336118945387 ], [ -69.006638040335844, -28.726329637762472 ] ] } },
{ "type": "Feature", "properties": { "km_inicio": 125, "km_fin": 126, "s_inicio_km": 122.634986, "s_fin_km": 123.645136, "longitud_traza_km": 1.002012, "factor_local": 1.002012, "metodo_calibracion": "solo_puntos_confianza_alta", "subindice_topografia": 0.32284962922607929, "subindice_hidrologia": 0.0, "subindice_clima": 0.66666666666666663, "indice_exposicion": 32.983876529758199, "ranking_exposicion": 65, "clase_exposicion": "media" }, "geometry": { "type": "LineString", "coordinates": [ [ -69.006638040335844, -28.726329637762472 ], [ -69.007657816256142, -28.726444413582758 ], [ -69.00867989201538, -28.726437838335301 ], [ -69.009703450121023, -28.726353047037232 ], [ -69.010718091796363, -28.726365221464835 ], [ -69.01173018512857, -28.726487325610069 ], [ -69.012757818670678, -28.726514100255638 ], [ -69.013785452212801, -28.726540874901215 ], [ -69.014813085754909, -28.726567649546784 ], [ -69.015804003182666, -28.726637069238414 ], [ -69.016807829692667, -28.726664404450055 ], [ -69.016910327814628, -28.726681615704464 ] ] } },
{ "type": "Feature", "properties": { "km_inicio": 126, "km_fin": 127, "s_inicio_km": 123.645136, "s_fin_km": 124.655285, "longitud_traza_km": 1.007932, "factor_local": 1.007932, "metodo_calibracion": "solo_puntos_confianza_alta", "subindice_topografia": 0.032936017309947302, "subindice_hidrologia": 0.0, "subindice_clima": 0.66666666666666663, "indice_exposicion": 23.320089465887133, "ranking_exposicion": 83, "clase_exposicion": "baja" }, "geometry": { "type": "LineString", "coordinates": [ [ -69.016910327814628, -28.726681615704464 ], [ -69.017920188732788, -28.72685118928149 ], [ -69.018896326232905, -28.727085330818955 ], [ -69.019733761056855, -28.727600237314824 ], [ -69.020676266513206, -28.727961590836465 ], [ -69.021618771969543, -28.728322944358109 ], [ -69.022561277425893, -28.728684297879752 ], [ -69.023503782882244, -28.729045651401396 ], [ -69.024446288338595, -28.72940700492304 ], [ -69.025388793794932, -28.729768358444684 ], [ -69.026332400965657, -28.730127456993898 ], [ -69.026428465110172, -28.730163309725672 ] ] } },
{ "type": "Feature", "properties": { "km_inicio": 127, "km_fin": 128, "s_inicio_km": 124.655285, "s_fin_km": 125.665435, "longitud_traza_km": 1.009974, "factor_local": 1.009974, "metodo_calibracion": "solo_puntos_confianza_alta", "subindice_topografia": 0.0075240796086886996, "subindice_hidrologia": 0.061550640635359498, "subindice_clima": 0.66666666666666663, "indice_exposicion": 24.524712897023829, "ranking_exposicion": 78, "clase_exposicion": "media" }, "geometry": { "type": "LineString", "coordinates": [ [ -69.026428465110172, -28.730163309725672 ], [ -69.027374935380379, -28.730516548125912 ], [ -69.028321405650573, -28.730869786526156 ], [ -69.02926787592078, -28.731223024926397 ], [ -69.030214346190974, -28.731576263326641 ], [ -69.031160816461181, -28.731929501726881 ], [ -69.032107286731389, -28.732282740127125 ], [ -69.033008856445718, -28.732714302226338 ], [ -69.033894202470819, -28.733174164628913 ], [ -69.03477879150492, -28.733635045378755 ], [ -69.035612371379983, -28.7341645465449 ], [ -69.035696977458059, -28.734218289465463 ] ] } },
{ "type": "Feature", "properties": { "km_inicio": 128, "km_fin": 129, "s_inicio_km": 125.665435, "s_fin_km": 126.675585, "longitud_traza_km": 1.007992, "factor_local": 1.007992, "metodo_calibracion": "solo_puntos_confianza_alta", "subindice_topografia": 0.1855255479469298, "subindice_hidrologia": 0.13540375368825941, "subindice_clima": 0.66666666666666663, "indice_exposicion": 32.919865610061869, "ranking_exposicion": 66, "clase_exposicion": "media" }, "geometry": { "type": "LineString", "coordinates": [ [ -69.035696977458059, -28.734218289465463 ], [ -69.036530557333123, -28.734747790631612 ], [ -69.037269999295589, -28.735352036450045 ], [ -69.037783209122097, -28.736135908540916 ], [ -69.038367407377663, -28.736877934509778 ], [ -69.039005842111777, -28.737586620048113 ], [ -69.039687484261336, -28.73826384096877 ], [ -69.040369126410909, -28.738941061889424 ], [ -69.041050768560467, -28.739618282810081 ], [ -69.041697155575264, -28.740321033492197 ], [ -69.042321224800531, -28.741039945446879 ], [ -69.042384566120518, -28.741112913044581 ] ] } },
{ "type": "Feature", "properties": { "km_inicio": 129, "km_fin": 130, "s_inicio_km": 126.675585, "s_fin_km": 127.685735, "longitud_traza_km": 1.009963, "factor_local": 1.009963, "metodo_calibracion": "solo_puntos_confianza_alta", "subindice_topografia": 0.38081163519747158, "subindice_hidrologia": 0.13568152518577481, "subindice_clima": 0.66666666666666663, "indice_exposicion": 39.438660901663766, "ranking_exposicion": 48, "clase_exposicion": "alta" }, "geometry": { "type": "LineString", "coordinates": [ [ -69.042384566120518, -28.741112913044581 ], [ -69.043008635345785, -28.74183182499927 ], [ -69.043632704571053, -28.742550736953955 ], [ -69.044297196263358, -28.743240186763863 ], [ -69.0449837266396, -28.743913573553748 ], [ -69.045670257015843, -28.744586960343636 ], [ -69.046356787392085, -28.74526034713352 ], [ -69.047094636483635, -28.745889946011776 ], [ -69.047838406050928, -28.74651449321896 ], [ -69.048613115414042, -28.747107997372133 ], [ -69.049413862532262, -28.747675376872028 ], [ -69.04949513617531, -28.7477329643399 ] ] } }
]
}
