{"type": "FeatureCollection", "features": [{"type": "Feature", "geometry": {"type": "LineString", "coordinates": [[-68.5349713, -29.1462334], [-68.5349141, -29.1465021], [-68.5344175, -29.1468929], [-68.534364, -29.146935], [-68.5344539, -29.147149], [-68.5344702, -29.1472418], [-68.5341598, -29.1473583], [-68.5340263, -29.1474416], [-68.5340365, -29.1475847], [-68.5339384, -29.1482316], [-68.5334047, -29.1496586], [-68.5330888, -29.1501057], [-68.5327402, -29.1503911], [-68.5305508, -29.1511997], [-68.5299517, -29.1515231], [-68.5293962, -29.1515897], [-68.5281435, -29.1526266], [-68.5275444, -29.1528359], [-68.5259977, -29.1541677], [-68.5256491, -29.1543009], [-68.5255075, -29.1546433], [-68.5252352, -29.154786], [-68.5247559, -29.1553758], [-68.5243856, -29.1555946], [-68.5227953, -29.156679], [-68.5218585, -29.1569358], [-68.5213792, -29.1572878], [-68.5195492, -29.1585434], [-68.5193641, -29.1589239], [-68.5177193, -29.1599037], [-68.517033, -29.1600368], [-68.5163795, -29.1604649], [-68.5161725, -29.1606741], [-68.5151159, -29.1613495], [-68.5146911, -29.1618822], [-68.5140703, -29.1623197], [-68.5131117, -29.1631948], [-68.512578, -29.1633565], [-68.512273, -29.1638797], [-68.5116412, -29.1640223], [-68.5107589, -29.1647643], [-68.5087873, -29.1654586], [-68.5079377, -29.1658581], [-68.5077307, -29.1660959], [-68.5070663, -29.1666], [-68.5058136, -29.1670661], [-68.5051928, -29.1677414], [-68.5024696, -29.1702143], [-68.5017834, -29.1709276], [-68.5010644, -29.1713461], [-68.5007268, -29.1717551], [-68.5001495, -29.1724684], [-68.4996048, -29.1728679], [-68.4993434, -29.1732293], [-68.4987443, -29.1735432], [-68.4984393, -29.1739521], [-68.4975461, -29.1745703], [-68.4966203, -29.1753217], [-68.4950735, -29.1766532], [-68.4942892, -29.1776423], [-68.4933851, -29.1780607], [-68.4917077, -29.1793066], [-68.4911304, -29.1799438], [-68.4891212, -29.1813835], [-68.4887322, -29.1815617], [-68.4884857, -29.181871], [-68.4876231, -29.1825569], [-68.4873843, -29.1829907], [-68.4866911, -29.1836833], [-68.4865294, -29.1840968], [-68.4858285, -29.1846987], [-68.4848503, -29.1854148], [-68.484496, -29.1861646], [-68.4840184, -29.186837], [-68.4837951, -29.1873649], [-68.4834061, -29.1879264], [-68.4825858, -29.1881685], [-68.4817809, -29.1883971], [-68.4810068, -29.188656], [-68.4809106, -29.1889317], [-68.4808875, -29.1892073], [-68.4792738, -29.1894091], [-68.4774446, -29.1895705], [-68.4769285, -29.1892763], [-68.4754728, -29.1889552], [-68.4752403, -29.1888821], [-68.474976, -29.1887989], [-68.4746506, -29.1888308], [-68.4745027, -29.1888849], [-68.4740074, -29.1890661], [-68.4736878, -29.1891132], [-68.4728433, -29.1897157], [-68.4712748, -29.1897727], [-68.4695211, -29.189497], [-68.4677619, -29.1896111], [-68.4671138, -29.1892592], [-68.4661409, -29.188522], [-68.4658339, -29.1882893], [-68.464765, -29.1876771], [-68.4643144, -29.1874191], [-68.4637672, -29.1871103], [-68.463236, -29.1868105], [-68.4628693, -29.1862008], [-68.4614097, -29.185711], [-68.4596724, -29.1851975], [-68.4592094, -29.1847553], [-68.4585831, -29.1846649], [-68.4572542, -29.1840373], [-68.4569982, -29.1829722], [-68.4566647, -29.1824452], [-68.4562902, -29.1822637], [-68.4561159, -29.1820402], [-68.4561159, -29.1815552], [-68.455092, -29.1796389]]}, "properties": {"osm_id": 179540357, "nombre": "", "highway": "track", "surface": ""}}, {"type": "Feature", "geometry": {"type": "LineString", "coordinates": [[-69.0065906, -28.7263243], [-69.0030277, -28.7244404], [-69.0037088, -28.7221431], [-69.0029753, -28.7157101], [-69.0022418, -28.7112987], [-69.0007747, -28.7044514], [-68.9991505, -28.7021536], [-68.9985741, -28.6957653], [-68.995378, -28.6929617], [-68.9993076, -28.66768], [-69.0032897, -28.6623471], [-69.0049663, -28.6543932], [-69.0042852, -28.647956], [-69.0044948, -28.6432199], [-69.0056474, -28.6404149], [-69.0032897, -28.6375638], [-69.0004079, -28.6347127], [-69.001738, -28.6294694], [-69.002532, -28.626519], [-69.0036172, -28.622767], [-69.0035245, -28.6194912], [-69.0023997, -28.615402], [-69.0014601, -28.613613], [-69.0011954, -28.612277], [-69.0018968, -28.6102904], [-69.0020292, -28.6071187], [-69.0024526, -28.6051436], [-69.0033943, -28.6039792], [-69.003877, -28.6037202], [-69.0042199, -28.6033456], [-69.0043753, -28.6019222], [-69.0033647, -28.5994575], [-69.0026161, -28.5948566], [-69.0012312, -28.5895324], [-68.9999586, -28.5851282], [-68.9989854, -28.5806253], [-68.9986111, -28.5776341], [-68.9888975, -28.5645153], [-68.9864361, -28.5616444], [-68.9842261, -28.5597033], [-68.9827406, -28.5581654], [-68.9793793, -28.5531672], [-68.9755151, -28.5477735], [-68.9727096, -28.5449719], [-68.9687528, -28.5386129], [-68.9663046, -28.5327302], [-68.9661325, -28.5289051], [-68.9656561, -28.526417], [-68.9633138, -28.5209289], [-68.9619772, -28.5179057], [-68.9619375, -28.5163359], [-68.9626653, -28.512673], [-68.9625859, -28.5103706], [-68.9632476, -28.5083704], [-68.9630756, -28.5053585], [-68.9635785, -28.5035792], [-68.9643668, -28.501924], [-68.9655458, -28.500378], [-68.9656768, -28.499276], [-68.9650031, -28.4961346], [-68.9641235, -28.4921706], [-68.9644603, -28.4904929], [-68.9636181, -28.4887493], [-68.9605489, -28.4868083], [-68.9551731, -28.4858338], [-68.9510443, -28.4856942], [-68.9455656, -28.4886718], [-68.9426807, -28.4861828], [-68.9397958, -28.4802506], [-68.9393458, -28.4775054], [-68.9352699, -28.4693392], [-68.9337083, -28.464267], [-68.9328349, -28.4599856], [-68.9322791, -28.4545174], [-68.9305323, -28.450352], [-68.9301353, -28.4474199], [-68.9301353, -28.4426957], [-68.9297647, -28.4419045], [-68.9240214, -28.4354578], [-68.9195485, -28.4292202], [-68.9159489, -28.4266133], [-68.9144933, -28.4248443], [-68.9115289, -28.4216089], [-68.9068178, -28.4169767], [-68.9059444, -28.4164413], [-68.9021861, -28.4142764], [-68.9012597, -28.4132289], [-68.8951458, -28.4086894], [-68.8903553, -28.4064079], [-68.8866499, -28.4034047], [-68.8804566, -28.3983294], [-68.8773864, -28.3955821], [-68.8739192, -28.3915541], [-68.8719342, -28.3863151], [-68.8706638, -28.3827059], [-68.8667467, -28.3766981], [-68.8608059, -28.370238], [-68.8597681, -28.3693668], [-68.8574482, -28.3685527]]}, "properties": {"osm_id": 222559404, "nombre": "", "highway": "track", "surface": "dirt"}}, {"type": "Feature", "geometry": {"type": "LineString", "coordinates": [[-68.5327451, -29.5608417], [-68.5325467, -29.5614842]]}, "properties": {"osm_id": 229177950, "nombre": "", "highway": "residential", "surface": ""}}, {"type": "Feature", "geometry": {"type": "LineString", "coordinates": [[-68.5335198, -29.5609875], [-68.5327451, -29.5608417]]}, "properties": {"osm_id": 229177964, "nombre": "", "highway": "residential", "surface": ""}}, {"type": "Feature", "geometry": {"type": "LineString", "coordinates": [[-68.5407056, -29.5456817], [-68.5406539, -29.5456817], [-68.5405547, -29.5456934], [-68.5403965, -29.5457307], [-68.5400222, -29.54582], [-68.5393224, -29.546004], [-68.5390096, -29.5461134], [-68.5388482, -29.5461899], [-68.5385862, -29.5463582], [-68.5384145, -29.5464982], [-68.5383501, -29.5465635], [-68.5382662, -29.5466542], [-68.5382143, -29.5467528], [-68.5381543, -29.5468832], [-68.5380919, -29.5470299], [-68.5380248, -29.5472305], [-68.5377815, -29.5480476], [-68.5373242, -29.5494367], [-68.5368937, -29.5507356], [-68.5365611, -29.5516806], [-68.5362331, -29.5526859], [-68.5358848, -29.5537239], [-68.5358344, -29.5538906], [-68.534578, -29.5577329], [-68.5335375, -29.5609305], [-68.5335198, -29.5609875], [-68.533323, -29.5615926], [-68.5328543, -29.5630337], [-68.5324842, -29.5642119], [-68.5324619, -29.5643305], [-68.5324517, -29.5644828], [-68.5324839, -29.5646475], [-68.5326201, -29.5648764], [-68.5329451, -29.5653684], [-68.5330394, -29.5655113], [-68.5330716, -29.5655463], [-68.533152, -29.565607], [-68.5332325, -29.565649], [-68.5333273, -29.565687], [-68.5334373, -29.5657243], [-68.5335759, -29.5657639], [-68.5336894, -29.5657966], [-68.5338874, -29.5658433]]}, "properties": {"osm_id": 229177966, "nombre": "", "highway": "residential", "surface": ""}}, {"type": "Feature", "geometry": {"type": "LineString", "coordinates": [[-68.5354707, -29.5613148], [-68.5335375, -29.5609305]]}, "properties": {"osm_id": 229199613, "nombre": "", "highway": "residential", "surface": ""}}, {"type": "Feature", "geometry": {"type": "LineString", "coordinates": [[-68.536585, -29.5580955], [-68.5356598, -29.5579337], [-68.534578, -29.5577329], [-68.5326701, -29.5574753], [-68.5326225, -29.5574688], [-68.5317902, -29.5573557]]}, "properties": {"osm_id": 229199614, "nombre": "", "highway": "residential", "surface": ""}}, {"type": "Feature", "geometry": {"type": "LineString", "coordinates": [[-68.5245535, -29.5604193], [-68.5257136, -29.5605831], [-68.5278279, -29.5608734], [-68.5294265, -29.5610786], [-68.5321382, -29.5614449], [-68.5325467, -29.5614842], [-68.533323, -29.5615926]]}, "properties": {"osm_id": 229199616, "nombre": "", "highway": "residential", "surface": ""}}, {"type": "Feature", "geometry": {"type": "LineString", "coordinates": [[-68.5379716, -29.5541104], [-68.5374354, -29.5540116], [-68.5361721, -29.5537969], [-68.5358848, -29.5537239], [-68.5339236, -29.5535945], [-68.5326285, -29.5534825], [-68.5313419, -29.5533261], [-68.5275536, -29.5529818], [-68.5261723, -29.5529034]]}, "properties": {"osm_id": 229199618, "nombre": "", "highway": "residential", "surface": ""}}, {"type": "Feature", "geometry": {"type": "LineString", "coordinates": [[-68.5695408, -29.5350538], [-68.569536, -29.5349283], [-68.5695874, -29.5346967], [-68.569578, -29.5344732], [-68.5694893, -29.5342538], [-68.569494, -29.5341766], [-68.5695453, -29.5341563], [-68.5701197, -29.5342823], [-68.5702272, -29.5342416], [-68.5702986, -29.5341723], [-68.5704937, -29.5334201], [-68.5705838, -29.5329045], [-68.5706086, -29.5325921], [-68.5705527, -29.5308042], [-68.5705388, -29.530453], [-68.5704443, -29.5294512], [-68.5704436, -29.5292768], [-68.5704365, -29.5291679], [-68.5707046, -29.5274675], [-68.570889, -29.5263432], [-68.5708816, -29.5262794], [-68.5708499, -29.5262261], [-68.5707631, -29.526161], [-68.5697802, -29.5259062], [-68.5693001, -29.5257778], [-68.5686102, -29.5255759], [-68.5682647, -29.5254698], [-68.5680188, -29.5254204], [-68.5676631, -29.525349], [-68.5666795, -29.525213], [-68.5655498, -29.5249995], [-68.5650308, -29.5249149], [-68.564397, -29.5248116], [-68.5635982, -29.5246955], [-68.5634877, -29.5246727], [-68.5622591, -29.5245061], [-68.562176, -29.524461]]}, "properties": {"osm_id": 230487443, "nombre": "", "highway": "residential", "surface": ""}}, {"type": "Feature", "geometry": {"type": "LineString", "coordinates": [[-68.563313, -29.518474], [-68.5631914, -29.5186626], [-68.5627791, -29.5209997], [-68.5627099, -29.52139], [-68.5626533, -29.521727], [-68.5625516, -29.522333], [-68.562409, -29.5231603], [-68.5623746, -29.5234369], [-68.5623031, -29.5238004], [-68.5621954, -29.5243481], [-68.562176, -29.524461]]}, "properties": {"osm_id": 230487444, "nombre": "", "highway": "residential", "surface": ""}}, {"type": "Feature", "geometry": {"type": "LineString", "coordinates": [[-68.5635982, -29.5246955], [-68.5633557, -29.5259419]]}, "properties": {"osm_id": 230487447, "nombre": "", "highway": "residential", "surface": ""}}, {"type": "Feature", "geometry": {"type": "LineString", "coordinates": [[-68.5632604, -29.5259263], [-68.5634877, -29.5246727]]}, "properties": {"osm_id": 230487448, "nombre": "", "highway": "residential", "surface": ""}}, {"type": "Feature", "geometry": {"type": "LineString", "coordinates": [[-68.5622591, -29.5245061], [-68.5620769, -29.5257045]]}, "properties": {"osm_id": 230487451, "nombre": "", "highway": "residential", "surface": ""}}, {"type": "Feature", "geometry": {"type": "LineString", "coordinates": [[-68.574497, -29.5067563], [-68.5711665, -29.5094128], [-68.57112, -29.5095007], [-68.5711324, -29.5097816], [-68.571088, -29.5098628], [-68.5709321, -29.5099352], [-68.5707972, -29.5099977], [-68.570654, -29.5100247], [-68.5704123, -29.5100517], [-68.5703173, -29.510081], [-68.568848, -29.5107649], [-68.568557, -29.5108725], [-68.5684369, -29.5109296], [-68.5684138, -29.5109801], [-68.5679547, -29.512484], [-68.5678051, -29.5128501], [-68.5666822, -29.5153145], [-68.5665293, -29.5155479], [-68.5664623, -29.5156459], [-68.566414, -29.5157323], [-68.5663013, -29.5159027], [-68.5662123, -29.5160439], [-68.5661426, -29.5161629], [-68.566017, -29.5165002], [-68.5657649, -29.5171934], [-68.5656871, -29.5176229], [-68.5656415, -29.5178166], [-68.5655279, -29.5181096], [-68.5653089, -29.5186102], [-68.5652663, -29.5186801], [-68.5652311, -29.5187013], [-68.565171, -29.5187347], [-68.5651429, -29.518756], [-68.5648857, -29.5195728], [-68.5648608, -29.5196587], [-68.5648047, -29.5198519], [-68.564633, -29.5204844], [-68.564464, -29.5210609], [-68.5643657, -29.5213862], [-68.5642575, -29.5218265], [-68.5642136, -29.5220021], [-68.5638171, -29.5234451], [-68.5636925, -29.5240465], [-68.5636728, -29.5241418], [-68.5635982, -29.5246955]]}, "properties": {"osm_id": 230487452, "nombre": "", "highway": "residential", "surface": ""}}, {"type": "Feature", "geometry": {"type": "LineString", "coordinates": [[-68.5571496, -29.5233039], [-68.5572569, -29.5233179], [-68.5577151, -29.5234287], [-68.5586624, -29.52364], [-68.5600781, -29.5239889], [-68.5609074, -29.5241861], [-68.5618113, -29.5244008], [-68.562176, -29.524461]]}, "properties": {"osm_id": 230487455, "nombre": "", "highway": "residential", "surface": ""}}, {"type": "Feature", "geometry": {"type": "LineString", "coordinates": [[-68.5619929, -29.5256915], [-68.562176, -29.524461]]}, "properties": {"osm_id": 230487456, "nombre": "", "highway": "residential", "surface": ""}}, {"type": "Feature", "geometry": {"type": "LineString", "coordinates": [[-68.7092122, -29.2231762], [-68.7094831, -29.2230919], [-68.7096467, -29.2230287], [-68.709982, -29.2229678], [-68.7101295, -29.2228649], [-68.7102556, -29.2226565], [-68.7108081, -29.2213269], [-68.7113258, -29.220929], [-68.7116852, -29.2206481], [-68.7119963, -29.2204655], [-68.7122458, -29.2201682], [-68.7124121, -29.2200394], [-68.7125971, -29.2199341], [-68.7128198, -29.2198381], [-68.7130478, -29.2197796], [-68.7132221, -29.2197609], [-68.7133187, -29.2196813], [-68.7133106, -29.2195876], [-68.7132918, -29.2194612], [-68.7132892, -29.2191522], [-68.7132638, -29.2188436], [-68.7133267, -29.218663], [-68.7135306, -29.2186185], [-68.713729, -29.2186138], [-68.7140704, -29.2185856], [-68.7143888, -29.2185387], [-68.714613, -29.2184631], [-68.7147653, -29.2183618], [-68.7152708, -29.2182717], [-68.7158732, -29.2181569], [-68.7164142, -29.217956], [-68.7171615, -29.2169959], [-68.7175651, -29.2163515], [-68.7179865, -29.2155062], [-68.7182137, -29.215261], [-68.7194333, -29.2149688], [-68.7199535, -29.214854], [-68.7203361, -29.214687], [-68.7207127, -29.2143739], [-68.7211193, -29.2124432], [-68.721472, -29.2117231], [-68.7214481, -29.210716], [-68.7213046, -29.2101681], [-68.7215019, -29.209448], [-68.72146, -29.2092706], [-68.7216513, -29.2087487], [-68.7222247, -29.2082526], [-68.722584, -29.2078062], [-68.7227362, -29.2072416], [-68.7230279, -29.2066217], [-68.7230997, -29.2060055], [-68.7231907, -29.2058746], [-68.7233407, -29.2056586], [-68.7237169, -29.2054962], [-68.7243384, -29.2053117], [-68.7249344, -29.2044741], [-68.7257588, -29.2043523], [-68.7263379, -29.2044335], [-68.7265704, -29.2046069], [-68.727027, -29.2046106], [-68.7282487, -29.2047767], [-68.7294789, -29.2046881], [-68.7300073, -29.2049169], [-68.7308909, -29.2049796], [-68.7311487, -29.2048099], [-68.7316898, -29.2046328], [-68.7321126, -29.2043929], [-68.7326156, -29.2039796], [-68.7333639, -29.2037545], [-68.7335245, -29.2035073], [-68.733478, -29.2032711], [-68.733347, -29.2028173], [-68.733292, -29.2025996], [-68.7334146, -29.2024815], [-68.7335414, -29.202463], [-68.7336556, -29.2025516], [-68.7337739, -29.202666], [-68.7338331, -29.2027361], [-68.7343531, -29.2025996], [-68.7346279, -29.2025811], [-68.7349407, -29.2025036], [-68.7352662, -29.2025073], [-68.735634, -29.2022601], [-68.7360525, -29.2020719], [-68.7363865, -29.201522], [-68.7369741, -29.2013597], [-68.7373081, -29.2013412], [-68.7378872, -29.201105], [-68.7381747, -29.2008172], [-68.7385552, -29.2007028], [-68.7388257, -29.2001161], [-68.7399333, -29.1992046], [-68.740356, -29.1991419], [-68.7404998, -29.1989426], [-68.7403603, -29.1987802], [-68.7400601, -29.1986142], [-68.7397938, -29.198271], [-68.7396966, -29.1978946], [-68.7393414, -29.197079], [-68.7393034, -29.1965808], [-68.7392315, -29.1963705], [-68.7390328, -29.1961638], [-68.7390117, -29.1959756], [-68.7392019, -29.1957985], [-68.7409225, -29.1947504], [-68.7419244, -29.1943371], [-68.7425796, -29.194433], [-68.7431292, -29.1945696], [-68.7444862, -29.1945733], [-68.7460461, -29.194112], [-68.7470311, -29.1934883], [-68.7472509, -29.1933997], [-68.748088, -29.1933628], [-68.749204, -29.1927686], [-68.7500114, -29.1921929], [-68.7510006, -29.191691], [-68.7513431, -29.1913958], [-68.7540275, -29.1902296], [-68.7548095, -29.1895505], [-68.7564835, -29.187943], [-68.7585042, -29.1864189], [-68.7594847, -29.1859283], [-68.7621511, -29.1853959], [-68.7625337, -29.1854794], [-68.7638131, -29.1850201], [-68.7652121, -29.1848739], [-68.7658577, -29.1845921], [-68.7676154, -29.1840806], [-68.768548, -29.1833081], [-68.769122, -29.1831202], [-68.7701144, -29.1824729], [-68.7709155, -29.182212], [-68.7717405, -29.1816169], [-68.7724101, -29.1815334], [-68.7741319, -29.1806252], [-68.7757222, -29.1798631], [-68.779029, -29.1786571], [-68.7797477, -29.1785759], [-68.7803776, -29.1783692], [-68.7807834, -29.1780518], [-68.7808468, -29.1776015], [-68.7814513, -29.177284], [-68.7816965, -29.1772397], [-68.7821996, -29.1769223], [-68.7825505, -29.1769814], [-68.7828844, -29.1768079], [-68.7837299, -29.1767156], [-68.7845204, -29.1775904]]}, "properties": {"osm_id": 232480442, "nombre": "", "highway": "unclassified", "surface": ""}}, {"type": "Feature", "geometry": {"type": "LineString", "coordinates": [[-68.8278653, -29.1696582], [-68.8282658, -29.1692005], [-68.828593, -29.1687493], [-68.8291189, -29.1685063], [-68.8297915, -29.1678549], [-68.8310757, -29.1667469], [-68.8319746, -29.1661595], [-68.8325128, -29.1659032], [-68.8327757, -29.1653212], [-68.8338458, -29.1650595], [-68.834439, -29.1642158], [-68.8351514, -29.1636471], [-68.8358455, -29.1634015], [-68.8364539, -29.16275], [-68.83683, -29.1623415], [-68.8374232, -29.1619891], [-68.837946, -29.1618716]]}, "properties": {"osm_id": 232480443, "nombre": "", "highway": "track", "surface": ""}}, {"type": "Feature", "geometry": {"type": "LineString", "coordinates": [[-68.6251679, -29.351537], [-68.6251652, -29.3513055], [-68.6251572, -29.3512027], [-68.6251947, -29.3511536], [-68.6252725, -29.3511021], [-68.625366, -29.3510601], [-68.6256494, -29.3510145], [-68.6259471, -29.3509303], [-68.6263414, -29.3507783], [-68.6278622, -29.349911], [-68.6285998, -29.3493662], [-68.6291684, -29.3488963], [-68.6293669, -29.3486625], [-68.6295225, -29.3483913], [-68.6296512, -29.3480406], [-68.6296968, -29.3476478], [-68.6296566, -29.3469371], [-68.6296298, -29.3466916], [-68.6295198, -29.3465186], [-68.6294501, -29.346376], [-68.6293964, -29.3462521], [-68.6294957, -29.3459598], [-68.6297827, -29.345581], [-68.6298739, -29.3454408], [-68.6298551, -29.3452631], [-68.6298148, -29.3451275], [-68.6296941, -29.3449381], [-68.629501, -29.34473], [-68.6292999, -29.3444564], [-68.6290719, -29.3440356], [-68.6289485, -29.3438462], [-68.6289539, -29.3436428], [-68.6289431, -29.3434207], [-68.6289807, -29.343236], [-68.6290424, -29.343091], [-68.6290799, -29.3429063], [-68.6292274, -29.342773], [-68.6297022, -29.3426327], [-68.629898, -29.3425018], [-68.6299865, -29.3423335], [-68.6300509, -29.3418308], [-68.6301582, -29.3415923], [-68.6305283, -29.3410615], [-68.6309762, -29.3406079], [-68.6318748, -29.3399299], [-68.6330818, -29.3387257], [-68.6344685, -29.3380593], [-68.6355253, -29.3376735], [-68.6359303, -29.3375496], [-68.6367644, -29.337276], [-68.6371051, -29.3370492], [-68.637376, -29.3369113], [-68.637671, -29.3367616], [-68.6379527, -29.3364857], [-68.6382182, -29.3361326], [-68.6383282, -29.3358848], [-68.6383765, -29.3355481], [-68.6383845, -29.3353283], [-68.6384006, -29.335174], [-68.6384435, -29.3350734], [-68.638952, -29.3345527], [-68.6393796, -29.3341147], [-68.6394949, -29.3340305], [-68.6398302, -29.3337593], [-68.6400636, -29.333633], [-68.6404042, -29.3335161], [-68.6408092, -29.3333594], [-68.6409997, -29.3333197], [-68.6411338, -29.3332659], [-68.641182, -29.3331607], [-68.6412008, -29.3330672], [-68.6411981, -29.3329456], [-68.6410697, -29.3327194], [-68.6407321, -29.3319968], [-68.6405551, -29.3314473], [-68.6405631, -29.3311176], [-68.6406731, -29.3309726], [-68.6407831, -29.3308299], [-68.6408662, -29.3306967], [-68.6409896, -29.3304254], [-68.6410164, -29.3303342], [-68.6410727, -29.3302477], [-68.6412417, -29.3302477], [-68.6413597, -29.3303716], [-68.6415395, -29.3305306], [-68.6417031, -29.3306476], [-68.641864, -29.3306335], [-68.6420303, -29.3305306], [-68.6421644, -29.3304254], [-68.6426338, -29.3299414], [-68.6426767, -29.3296935], [-68.6428296, -29.3294106], [-68.6430495, -29.329165], [-68.6432319, -29.3289546], [-68.6434197, -29.3287885], [-68.6435829, -29.3287177], [-68.6437442, -29.3288143], [-68.6438998, -29.3289616], [-68.6439373, -29.3291697], [-68.6439668, -29.3292936], [-68.6440473, -29.3294269], [-68.6442136, -29.3295134], [-68.6445526, -29.3296054], [-68.6447554, -29.3296233], [-68.6449351, -29.3295415], [-68.6449915, -29.329151], [-68.6450183, -29.3289896], [-68.6451578, -29.3288049], [-68.6456888, -29.3282647], [-68.6458551, -29.3279888], [-68.6458927, -29.327755], [-68.6461341, -29.3274814], [-68.6463165, -29.3271867], [-68.6463969, -29.3269575], [-68.6463996, -29.326733], [-68.6464828, -29.3263706], [-68.646523, -29.3260175], [-68.6465927, -29.3257509], [-68.6465605, -29.3255287], [-68.6465525, -29.3252364], [-68.6466759, -29.3245957], [-68.6467322, -29.3243618], [-68.6466973, -29.3241701], [-68.6466383, -29.323983], [-68.6466088, -29.3238099], [-68.6466759, -29.3234451], [-68.6467832, -29.3230639], [-68.6469521, -29.3228277], [-68.6472177, -29.3225074], [-68.6473196, -29.3222946], [-68.6474403, -29.3219227], [-68.6474215, -29.3216935], [-68.6474054, -29.3215065], [-68.6473196, -29.3213311], [-68.6472901, -29.3211884], [-68.6474001, -29.320412], [-68.6474591, -29.3202553], [-68.6475691, -29.3200682], [-68.6477407, -29.3198694], [-68.6479446, -29.319659], [-68.648084, -29.3193947], [-68.6483818, -29.3187867], [-68.6487734, -29.3181809], [-68.6494332, -29.3171917], [-68.6499053, -29.3165322], [-68.65027, -29.3161416], [-68.6506885, -29.3158236], [-68.6512759, -29.3153441], [-68.6519947, -29.3148787], [-68.6526419, -29.3144639], [-68.653883, -29.3140485], [-68.6543041, -29.3139268], [-68.6546876, -29.3139315], [-68.655031, -29.3140064], [-68.6555245, -29.3140999], [-68.6559697, -29.3142145], [-68.6562862, -29.3142823], [-68.6564606, -29.314294], [-68.6566296, -29.3142449], [-68.6567664, -29.3141701], [-68.6568817, -29.3140859], [-68.6569863, -29.3140204], [-68.6572679, -29.3139339], [-68.6576434, -29.313866], [-68.6585849, -29.3136088], [-68.6595988, -29.3133328], [-68.660012, -29.313259], [-68.6607628, -29.3130498], [-68.661428, -29.3128533], [-68.6621683, -29.3126662], [-68.6627557, -29.3125072], [-68.6631071, -29.3123786], [-68.6633539, -29.3122172], [-68.6635228, -29.3120699], [-68.664239, -29.3117307], [-68.6645099, -29.3116629], [-68.664791, -29.3116331], [-68.6651724, -29.311712], [-68.665615, -29.3118102], [-68.6661273, -29.3119646], [-68.6667334, -29.312126], [-68.6670151, -29.3122803], [-68.6673503, -29.3123599], [-68.6676213, -29.3122663], [-68.6678036, -29.3121049], [-68.6680799, -29.3117915], [-68.6682569, -29.3113168], [-68.6687746, -29.3106572], [-68.669641, -29.3099649], [-68.670274, -29.3095697], [-68.6716097, -29.3083067], [-68.6737555, -29.3062742], [-68.676545, -29.3038557], [-68.6807292, -29.300305], [-68.6826175, -29.2987659], [-68.6831861, -29.2982607], [-68.6834972, -29.2981484], [-68.6839586, -29.297994], [-68.6844843, -29.297718], [-68.684892, -29.2974046], [-68.6850905, -29.2970958], [-68.6852568, -29.2967309], [-68.6855357, -29.2965157], [-68.6881267, -29.2952128], [-68.6895456, -29.294366], [-68.6898326, -29.294235], [-68.6901089, -29.2941788], [-68.6904415, -29.2941905], [-68.6910691, -29.2942443], [-68.6916941, -29.2942093], [-68.6923539, -29.2941133], [-68.693054, -29.2940876], [-68.6936038, -29.29409], [-68.6940893, -29.2940128], [-68.694446, -29.2938818], [-68.6947263, -29.2937262], [-68.6950187, -29.2935086], [-68.6954371, -29.2931203], [-68.6960701, -29.2926782], [-68.6972637, -29.2918291], [-68.698637, -29.2909472], [-68.6997823, -29.290208], [-68.701228, -29.2896301], [-68.7028641, -29.2890102], [-68.7034596, -29.2887342], [-68.7041972, -29.2883014], [-68.7078074, -29.2861702], [-68.7081669, -29.2859503], [-68.7084673, -29.2857936], [-68.7089823, -29.2856018], [-68.7094543, -29.2854801], [-68.7099559, -29.2854076], [-68.7105621, -29.2852953], [-68.7110073, -29.2851128], [-68.7114392, -29.2849772], [-68.7118227, -29.2848064], [-68.7123323, -29.2844157], [-68.7125952, -29.2841279], [-68.7130109, -29.2835595], [-68.7139122, -29.2827383], [-68.7148912, -29.2817932], [-68.7163315, -29.2803006], [-68.7168063, -29.2798982], [-68.7171362, -29.2796081], [-68.7174661, -29.2793835], [-68.7177745, -29.2792314], [-68.7186436, -29.2788664], [-68.7200544, -29.2782394], [-68.7202878, -29.2781528], [-68.7206767, -29.2780569], [-68.7210468, -29.2778955], [-68.7217898, -29.2775656], [-68.7235394, -29.2766787], [-68.7241126, -29.2763092], [-68.7245686, -29.2758109], [-68.7247966, -29.2756986], [-68.7250373, -29.2755389], [-68.7252545, -29.2753634], [-68.7253806, -29.2752137], [-68.7254825, -29.2750289], [-68.7256676, -29.2748113], [-68.7263408, -29.2743199], [-68.7270248, -29.2737771], [-68.7272957, -29.2735666], [-68.7276692, -29.273373], [-68.7279991, -29.2730688], [-68.7284497, -29.2726453], [-68.7285248, -29.2725564], [-68.7286133, -29.2723973], [-68.7286268, -29.2722289], [-68.7285409, -29.2721634], [-68.7283639, -29.2721119], [-68.7281252, -29.2720277], [-68.7279642, -29.2719411], [-68.7278382, -29.2718709], [-68.7276665, -29.2718241], [-68.7274305, -29.2718358], [-68.7272079, -29.2718637], [-68.7270389, -29.2719505], [-68.7266929, -29.2721844], [-68.7264515, -29.2723739], [-68.7261618, -29.2725822], [-68.7260079, -29.2727409], [-68.7256173, -29.273249], [-68.7255395, -29.2732888], [-68.7254698, -29.2732303], [-68.7255315, -29.2730992], [-68.7256227, -29.2729144], [-68.7256736, -29.2727857], [-68.7256629, -29.2726851], [-68.7255369, -29.2725681], [-68.7256146, -29.2724277], [-68.7256602, -29.2722897], [-68.725687, -29.272147], [-68.7256783, -29.2720387], [-68.7258634, -29.2718305], [-68.7259868, -29.2715895]]}, "properties": {"osm_id": 232480444, "nombre": "", "highway": "unclassified", "surface": "unpaved"}}, {"type": "Feature", "geometry": {"type": "LineString", "coordinates": [[-68.7231907, -29.2058746], [-68.7227374, -29.2058282], [-68.7224194, -29.2056201], [-68.7220158, -29.205492], [-68.721931, -29.2053078], [-68.7214701, -29.2050743], [-68.7211773, -29.2051323], [-68.7207607, -29.2050449], [-68.7201828, -29.2050529], [-68.7192977, -29.2051383], [-68.7170682, -29.2046804], [-68.7169039, -29.2046974], [-68.7164823, -29.2048522], [-68.716065, -29.2049088], [-68.7158597, -29.2050428], [-68.7157732, -29.2050692], [-68.7155159, -29.2050692], [-68.7151073, -29.2052711], [-68.7141344, -29.2056127], [-68.7139441, -29.2055636], [-68.713302, -29.2048786], [-68.7131096, -29.2045672], [-68.7128609, -29.2042728], [-68.7128553, -29.2036653], [-68.7128875, -29.2032883], [-68.7129063, -29.2029769], [-68.7128235, -29.2026181]]}, "properties": {"osm_id": 232480446, "nombre": "", "highway": "track", "surface": ""}}, {"type": "Feature", "geometry": {"type": "LineString", "coordinates": [[-68.7845204, -29.1775904], [-68.7846127, -29.1776184], [-68.7854096, -29.1772678], [-68.786105, -29.1770113], [-68.7863481, -29.1768452], [-68.7875317, -29.1763303], [-68.7884723, -29.1764022], [-68.789861, -29.1757877], [-68.7902753, -29.1755404], [-68.7911335, -29.1746656], [-68.7925074, -29.1738572], [-68.7930443, -29.1735509], [-68.7933952, -29.1731485], [-68.7937164, -29.1726982], [-68.794173, -29.1725985], [-68.7946296, -29.1725136], [-68.7955215, -29.1717053], [-68.7960965, -29.1713472], [-68.7968785, -29.1710888], [-68.7976268, -29.1710372], [-68.798058, -29.171063], [-68.7984188, -29.1710258], [-68.7988523, -29.170864], [-68.7991826, -29.1707817], [-68.7996668, -29.1704555], [-68.7999807, -29.1702506], [-68.800459, -29.1701892], [-68.8008491, -29.1701945], [-68.8012825, -29.1702532], [-68.8017892, -29.1702336], [-68.8022181, -29.1702101], [-68.8027974, -29.1698223], [-68.8031567, -29.1697042], [-68.8051943, -29.169719], [-68.8066824, -29.1698482], [-68.8083945, -29.170173], [-68.8090582, -29.1702616], [-68.8096373, -29.1701767], [-68.8099121, -29.1701804], [-68.8102292, -29.1701545], [-68.8105969, -29.1701878], [-68.8111888, -29.1698445], [-68.8123344, -29.170221], [-68.8124866, -29.1701767], [-68.812643, -29.1700659], [-68.8131672, -29.1699737], [-68.8137379, -29.1699921], [-68.8144185, -29.1701878], [-68.8153528, -29.1703096], [-68.8159953, -29.1703612], [-68.8165956, -29.170627], [-68.8170987, -29.1707562], [-68.8179061, -29.1708596], [-68.8186586, -29.1707193], [-68.8190264, -29.1705015], [-68.8193773, -29.1703686], [-68.8199733, -29.1702874], [-68.8205779, -29.1702062], [-68.8208231, -29.1702763], [-68.8218292, -29.1703539], [-68.8227127, -29.1703502], [-68.8231989, -29.1704203], [-68.8238837, -29.170269], [-68.8245643, -29.1702284], [-68.8248349, -29.1702542], [-68.8251964, -29.1702267], [-68.8261001, -29.1700266], [-68.8266882, -29.1699171], [-68.8271743, -29.1699412], [-68.8274434, -29.1698531], [-68.8278653, -29.1696582], [-68.8279876, -29.1696128], [-68.8284738, -29.1696555], [-68.8289263, -29.1696315], [-68.8291495, -29.1697303], [-68.8298008, -29.1705232], [-68.8303358, -29.1710999], [-68.8305957, -29.1713989], [-68.8309076, -29.172069], [-68.8310727, -29.1722398], [-68.8316506, -29.1725415], [-68.8322499, -29.1726697], [-68.8325923, -29.1728672], [-68.8331916, -29.1733958], [-68.8340905, -29.1736868], [-68.8346531, -29.173831], [-68.8354114, -29.1741193], [-68.8362644, -29.1742661], [-68.8366833, -29.1743516], [-68.8369738, -29.174445], [-68.8373071, -29.1744103], [-68.8377626, -29.1745278], [-68.838047, -29.1747146], [-68.8383711, -29.1748348], [-68.8388083, -29.1748268], [-68.839325, -29.1750617]]}, "properties": {"osm_id": 232480447, "nombre": "", "highway": "track", "surface": ""}}, {"type": "Feature", "geometry": {"type": "LineString", "coordinates": [[-68.7374499, -29.1442347], [-68.7376913, -29.1439864], [-68.737879, -29.1438505], [-68.7381204, -29.1436584], [-68.7386086, -29.1427448], [-68.7387427, -29.1423934], [-68.7389821, -29.1418165], [-68.7393181, -29.1413431], [-68.739599, -29.1410481], [-68.7397653, -29.1407107], [-68.7398887, -29.1403078], [-68.7399852, -29.1399798], [-68.740232, -29.1394832], [-68.7402374, -29.1390099], [-68.7400767, -29.1385717], [-68.7398798, -29.1382041], [-68.7398957, -29.1378306], [-68.7399477, -29.1372154], [-68.7399524, -29.1365472], [-68.7400275, -29.1360744], [-68.7402856, -29.1350225], [-68.7405324, -29.134507], [-68.7408243, -29.1339786], [-68.7412781, -29.1334902], [-68.7416697, -29.1330638], [-68.741904, -29.132714], [-68.742308, -29.1321361], [-68.7425185, -29.1318865], [-68.7425719, -29.1315177], [-68.7426573, -29.131036], [-68.7428552, -29.1304035], [-68.7428997, -29.1298211], [-68.7434775, -29.128064], [-68.7437189, -29.1271081], [-68.7440283, -29.1265421], [-68.7440948, -29.1262723], [-68.7440407, -29.126049], [-68.7441319, -29.12581], [-68.7445879, -29.1253039], [-68.7447797, -29.1247778], [-68.744958, -29.1240621], [-68.7455088, -29.1233055], [-68.7457695, -29.122598], [-68.7461411, -29.1221131], [-68.7466313, -29.1218304], [-68.7476486, -29.1214671], [-68.7479365, -29.1214], [-68.7484218, -29.1210254], [-68.7488687, -29.1203787], [-68.7492607, -29.1198321], [-68.7498236, -29.1193477], [-68.7502742, -29.1184244], [-68.750419, -29.1182229], [-68.7505322, -29.1179439], [-68.7506014, -29.117295], [-68.7508219, -29.1166156], [-68.7511546, -29.1160958], [-68.751321, -29.1153636], [-68.7513785, -29.1152518], [-68.7513529, -29.1137594], [-68.7515705, -29.1130663], [-68.7517624, -29.1119875], [-68.7520055, -29.1112497], [-68.7519735, -29.1105398], [-68.7518328, -29.1097461], [-68.7519325, -29.1094507], [-68.7522773, -29.1085804], [-68.7525211, -29.1076472], [-68.752902, -29.1068386], [-68.7532729, -29.1058734], [-68.7536156, -29.1049722], [-68.7539595, -29.104261], [-68.7542009, -29.1039798], [-68.7545327, -29.1037984], [-68.7554668, -29.1027084], [-68.756113, -29.1019369], [-68.7562153, -29.1016686], [-68.7560629, -29.1011412], [-68.7560618, -29.1005282], [-68.7561385, -29.1002431], [-68.7562126, -29.0996301], [-68.7560702, -29.0989845], [-68.7559338, -29.09832], [-68.7558258, -29.098089], [-68.7557223, -29.0976571], [-68.755527, -29.0967912], [-68.755182, -29.0957579], [-68.7549734, -29.0952755], [-68.7548938, -29.0946894], [-68.7549418, -29.0943332], [-68.7551344, -29.0938336], [-68.7554884, -29.0931333], [-68.7558421, -29.0922721], [-68.7566312, -29.0908231], [-68.7572582, -29.0896043], [-68.7589664, -29.0867306], [-68.7595678, -29.0860652], [-68.7598365, -29.0854838], [-68.7601372, -29.0847737], [-68.7605583, -29.0843264], [-68.7610126, -29.0840469], [-68.7615948, -29.0834934], [-68.7617483, -29.0829175], [-68.7620363, -29.0825652], [-68.7625161, -29.0817657], [-68.7632518, -29.0808487], [-68.7636677, -29.0798926], [-68.7636997, -29.0795515], [-68.7640159, -29.0786062], [-68.7642551, -29.0778635], [-68.7643779, -29.0771863], [-68.7645506, -29.0765377], [-68.7653503, -29.0752013], [-68.7678711, -29.0724894], [-68.7681206, -29.0715388], [-68.7684085, -29.0710579], [-68.7683893, -29.0702359], [-68.7686175, -29.0697301], [-68.7691083, -29.0689008], [-68.7694224, -29.0687263], [-68.7698838, -29.0686348], [-68.7707312, -29.0680771], [-68.7712057, -29.0675795], [-68.7721317, -29.0668502], [-68.7723443, -29.0665356], [-68.7729366, -29.0660694], [-68.7737644, -29.0656948], [-68.773936, -29.0654725], [-68.7744025, -29.0648682], [-68.7747984, -29.064525], [-68.7749914, -29.0641189], [-68.7754986, -29.0631665], [-68.775852, -29.0628033], [-68.7773931, -29.0616278], [-68.7784402, -29.0612388], [-68.7791077, -29.060541], [-68.7798275, -29.0598774], [-68.7801034, -29.05975], [-68.7812149, -29.0592367], [-68.7812934, -29.0590308], [-68.7811756, -29.0586876], [-68.7812591, -29.0584956], [-68.781538, -29.058306], [-68.7819478, -29.0579096], [-68.782131, -29.0566626], [-68.7822096, -29.0563422], [-68.7817646, -29.0551524], [-68.7816097, -29.0543492], [-68.7810445, -29.0525214], [-68.7809265, -29.0512834], [-68.7808506, -29.0504128], [-68.7806046, -29.0497264], [-68.7804061, -29.0487932], [-68.7804383, -29.0481038], [-68.7806583, -29.0467485], [-68.7810713, -29.0452337], [-68.7816078, -29.0436955], [-68.7820154, -29.0430952], [-68.7823159, -29.0428325], [-68.7824446, -29.0424433], [-68.7823856, -29.0411582], [-68.7824231, -29.0405908], [-68.782627, -29.0401311], [-68.7829381, -29.0396293], [-68.7830454, -29.039376], [-68.7830669, -29.0390853], [-68.7828738, -29.038757], [-68.7825412, -29.0385881], [-68.7817633, -29.038241], [-68.78142, -29.037833], [-68.7810391, -29.0371717], [-68.7809104, -29.0366136], [-68.7804812, -29.0356193], [-68.7801594, -29.0350283], [-68.7797517, -29.0345358], [-68.7790811, -29.0338463], [-68.7787646, -29.033443], [-68.7782764, -29.0327113], [-68.7776005, -29.0317544], [-68.7772358, -29.0310321], [-68.7771875, -29.0301878], [-68.7770587, -29.0291419], [-68.7765435, -29.0280755], [-68.7761682, -29.0269983], [-68.7760717, -29.0265621], [-68.775841, -29.0210129], [-68.7757552, -29.0204828], [-68.7745643, -29.0174947], [-68.7742156, -29.0164439], [-68.7739474, -29.0129584], [-68.7738508, -29.0119967], [-68.7737438, -29.011167], [-68.7740724, -29.0100862], [-68.7740674, -29.0093982], [-68.7742707, -29.0075311], [-68.774353, -29.005613], [-68.7742417, -29.0054183], [-68.774261, -29.0050118], [-68.7742755, -29.0043047], [-68.7740867, -29.0029752], [-68.7743229, -29.0019381], [-68.7743926, -29.0015346], [-68.7743163, -29.0012876], [-68.7741109, -29.0002097], [-68.774063, -28.9992276], [-68.7739397, -28.9982396], [-68.7740332, -28.9973823], [-68.7739876, -28.9969581], [-68.7736453, -28.9951316], [-68.7734605, -28.9928499], [-68.7735015, -28.9915324], [-68.7733372, -28.9892507], [-68.773309, -28.9879792], [-68.7732824, -28.985807], [-68.773481, -28.9823752], [-68.7736385, -28.9819201], [-68.773974, -28.9813391], [-68.7745628, -28.9788415], [-68.7746518, -28.9767811], [-68.7752189, -28.975538], [-68.7755513, -28.9750932], [-68.7760878, -28.9742813], [-68.776497, -28.9735813], [-68.7766188, -28.9730095], [-68.7766325, -28.9725055], [-68.7754706, -28.9683039], [-68.7753351, -28.9672619], [-68.7753641, -28.9662877], [-68.7749962, -28.9651102], [-68.7750446, -28.9624416], [-68.7755384, -28.959468], [-68.7760806, -28.9573754], [-68.7771554, -28.953512], [-68.7772232, -28.9527664], [-68.7774943, -28.951682], [-68.777403, -28.9514363], [-68.7772425, -28.9510042], [-68.7778816, -28.9493774], [-68.7783581, -28.9481507], [-68.7785497, -28.9476574], [-68.7790919, -28.9462255], [-68.7792662, -28.9452087], [-68.7797689, -28.9444678], [-68.7798614, -28.9439136], [-68.7803338, -28.9432875], [-68.7806624, -28.9425775], [-68.7809466, -28.9412204], [-68.7817374, -28.939363], [-68.7818244, -28.9388185], [-68.7818983, -28.9383556], [-68.7821719, -28.9372286], [-68.7821888, -28.935896], [-68.7827795, -28.9343135], [-68.7834258, -28.9334471], [-68.783893, -28.9324598], [-68.7840624, -28.9321166], [-68.7837216, -28.9304281], [-68.7837661, -28.9301465], [-68.7841667, -28.9294963], [-68.7845295, -28.9284896], [-68.7843481, -28.9270364], [-68.7839065, -28.9256162], [-68.7838004, -28.9244806], [-68.7837593, -28.9227397], [-68.7839441, -28.9217629], [-68.7842659, -28.9210947], [-68.7843823, -28.9201239], [-68.7847452, -28.9190152], [-68.7846185, -28.9173791], [-68.7846528, -28.9168787], [-68.7849369, -28.9161835], [-68.7851937, -28.9158479], [-68.7854264, -28.9154973], [-68.7856147, -28.9147212], [-68.785714, -28.9138372], [-68.7858133, -28.9130401], [-68.7861351, -28.9123029], [-68.7869704, -28.9109185], [-68.7871723, -28.9103581], [-68.7874839, -28.9099086], [-68.7876995, -28.9097737], [-68.7878707, -28.9094351], [-68.7879734, -28.9091084], [-68.7881822, -28.90862], [-68.7881685, -28.9080146], [-68.7883671, -28.9069358], [-68.7883774, -28.9065851], [-68.7886752, -28.9057251], [-68.7889867, -28.9046851], [-68.7893427, -28.903819], [-68.7891577, -28.9032729], [-68.7890107, -28.9028391], [-68.7891476, -28.9024704], [-68.7897125, -28.9017182], [-68.7898768, -28.9012806], [-68.7900137, -28.9004505], [-68.7903458, -28.8995604], [-68.7902944, -28.8987901], [-68.7902023, -28.8982524], [-68.7900788, -28.8975314], [-68.7898734, -28.896923], [-68.7907326, -28.8960358], [-68.7906744, -28.8956192], [-68.7902739, -28.8943244], [-68.789531, -28.8929038], [-68.7888258, -28.8907607], [-68.7881206, -28.8896727], [-68.7880008, -28.8893041], [-68.7877475, -28.8876975], [-68.7877509, -28.8874217], [-68.7875797, -28.8869301], [-68.7877988, -28.8852216], [-68.7889402, -28.8793028], [-68.7890977, -28.8787512], [-68.7892346, -28.8779778], [-68.7892962, -28.877672], [-68.7886663, -28.8767787], [-68.7885842, -28.8762991], [-68.7885033, -28.8760584], [-68.7884472, -28.8758914], [-68.7884678, -28.87519], [-68.7887964, -28.8747643], [-68.7899672, -28.8734213], [-68.7909326, -28.8719823], [-68.7916036, -28.8717425], [-68.7919322, -28.8716046], [-68.7924936, -28.8711909], [-68.7936165, -28.8705014], [-68.7945956, -28.8694342], [-68.7966838, -28.8665382], [-68.7986556, -28.8643496], [-68.7999633, -28.8635521], [-68.8008603, -28.8630545], [-68.8021474, -28.8614475], [-68.8025788, -28.8608179], [-68.8031881, -28.8601343], [-68.8038043, -28.859001], [-68.8047766, -28.8574899], [-68.8056735, -28.8557389], [-68.8061048, -28.8547375], [-68.8066525, -28.8542337], [-68.809001, -28.8511574], [-68.8093844, -28.8508936], [-68.811589, -28.8499401], [-68.8126571, -28.8492204], [-68.8202706, -28.8396369], [-68.8225163, -28.8372978], [-68.8300356, -28.8295006], [-68.8314597, -28.828121], [-68.8328564, -28.8272453], [-68.8344448, -28.8263096], [-68.8352751, -28.8258524], [-68.8364306, -28.8248729]]}, "properties": {"osm_id": 232908633, "nombre": "", "highway": "unclassified", "surface": "unpaved"}}, {"type": "Feature", "geometry": {"type": "LineString", "coordinates": [[-68.5591262, -29.5202079], [-68.5627791, -29.5209997], [-68.5643657, -29.5213862], [-68.5663806, -29.5218666], [-68.5654439, -29.5237272], [-68.565378, -29.5238715], [-68.5650308, -29.5249149], [-68.5648556, -29.5258567], [-68.5647761, -29.5262363], [-68.5646102, -29.5268529], [-68.5641673, -29.5284992], [-68.564015, -29.5293606], [-68.5639348, -29.5298285]]}, "properties": {"osm_id": 232920299, "nombre": "", "highway": "residential", "surface": ""}}, {"type": "Feature", "geometry": {"type": "LineString", "coordinates": [[-68.5705388, -29.530453], [-68.5693106, -29.5300985], [-68.5681654, -29.5297542], [-68.5680444, -29.5296758], [-68.5671379, -29.5292181], [-68.5668445, -29.5290852], [-68.5665511, -29.5289848], [-68.5662384, -29.5289093], [-68.565226, -29.528759], [-68.5649683, -29.5287173], [-68.5641673, -29.5284992], [-68.5637734, -29.5284025], [-68.5629085, -29.5281537]]}, "properties": {"osm_id": 232920300, "nombre": "", "highway": "residential", "surface": ""}}, {"type": "Feature", "geometry": {"type": "LineString", "coordinates": [[-68.5701816, -29.522699], [-68.5695803, -29.5243719], [-68.5695336, -29.5244312], [-68.5694349, -29.5244564], [-68.5682223, -29.5242381], [-68.5654439, -29.5237272], [-68.5638171, -29.5234451], [-68.562409, -29.5231603], [-68.5588269, -29.5223901], [-68.5578458, -29.5221986], [-68.5573824, -29.5221081], [-68.5553158, -29.5217048], [-68.5550112, -29.5216491], [-68.5546642, -29.5215856], [-68.5543136, -29.5215215], [-68.5503198, -29.520791], [-68.5472927, -29.5201771], [-68.5456028, -29.52244], [-68.5454809, -29.5226385], [-68.5452139, -29.5232568]]}, "properties": {"osm_id": 232920302, "nombre": "", "highway": "residential", "surface": ""}}, {"type": "Feature", "geometry": {"type": "LineString", "coordinates": [[-68.5428761, -29.5221119], [-68.5426645, -29.5229027], [-68.5417608, -29.5260256]]}, "properties": {"osm_id": 232920303, "nombre": "", "highway": "residential", "surface": ""}}, {"type": "Feature", "geometry": {"type": "LineString", "coordinates": [[-68.5396194, -29.5225456], [-68.5379647, -29.5222117], [-68.5350657, -29.52165], [-68.5349735, -29.5216158], [-68.5345567, -29.5214609], [-68.5342951, -29.5213161], [-68.5340418, -29.5211836], [-68.5337487, -29.5209083], [-68.533579, -29.5206866], [-68.5334962, -29.5205181], [-68.5334371, -29.5204324], [-68.5325578, -29.5196837], [-68.5309687, -29.518236], [-68.5307354, -29.5180497], [-68.5305879, -29.5179619], [-68.5303665, -29.5178849], [-68.5278152, -29.5174095], [-68.5257431, -29.5171382], [-68.525424, -29.5171282], [-68.525081, -29.5171288], [-68.5236933, -29.5171826], [-68.5234248, -29.5171575], [-68.5227373, -29.5169287], [-68.5171628, -29.5147301], [-68.50656, -29.510565], [-68.4914629, -29.5046276], [-68.491202, -29.5045847], [-68.4910161, -29.5045901], [-68.4908302, -29.504633], [-68.4845897, -29.5063029], [-68.4843765, -29.5063647], [-68.4842018, -29.5064652], [-68.4759934, -29.5143303], [-68.4758977, -29.514457], [-68.4751243, -29.5164695], [-68.4743051, -29.5186855], [-68.4743063, -29.5188899], [-68.4743816, -29.5190836], [-68.4752562, -29.5203123], [-68.4753288, -29.5204925], [-68.4753521, -29.5206727], [-68.4753124, -29.5208616], [-68.4730177, -29.5258947], [-68.4724253, -29.5271785], [-68.4716646, -29.5288274]]}, "properties": {"osm_id": 232920304, "nombre": "", "highway": "unclassified", "surface": ""}}, {"type": "Feature", "geometry": {"type": "LineString", "coordinates": [[-68.5324839, -29.5646475], [-68.5323142, -29.5647657], [-68.5320957, -29.5648464], [-68.5311366, -29.5651696], [-68.5310233, -29.5652343], [-68.5307756, -29.5654867], [-68.5306977, -29.565576], [-68.5306269, -29.5656283], [-68.5298412, -29.5659023]]}, "properties": {"osm_id": 232920305, "nombre": "", "highway": "residential", "surface": ""}}, {"type": "Feature", "geometry": {"type": "LineString", "coordinates": [[-68.5454802, -29.5265545], [-68.5417608, -29.5260256], [-68.5367897, -29.5253282]]}, "properties": {"osm_id": 232920306, "nombre": "", "highway": "residential", "surface": ""}}, {"type": "Feature", "geometry": {"type": "LineString", "coordinates": [[-68.5615259, -29.5349918], [-68.5616762, -29.5351668], [-68.5618232, -29.5352837], [-68.5620636, -29.5354005], [-68.5625547, -29.5356414], [-68.5626637, -29.5357105], [-68.5627681, -29.5357766], [-68.5630662, -29.53598], [-68.5632743, -29.5361436], [-68.564228, -29.5369417], [-68.5643687, -29.5370833], [-68.5645126, -29.5372625], [-68.5646443, -29.5373498], [-68.5647423, -29.5373839], [-68.5662002, -29.5376996], [-68.5662604, -29.5377138], [-68.5687128, -29.5385309], [-68.570116, -29.5389985], [-68.5703442, -29.5390416], [-68.570619, -29.5390685], [-68.5718506, -29.5391223], [-68.5730966, -29.5392485], [-68.573413, -29.5393092], [-68.5750299, -29.5397551], [-68.5751983, -29.5397827], [-68.5758896, -29.5398331], [-68.5761046, -29.5398835], [-68.5766788, -29.5400762], [-68.5784721, -29.5406305], [-68.5788701, -29.5407262], [-68.5808973, -29.5411365], [-68.581068, -29.5411925], [-68.5812072, -29.5412539], [-68.5816371, -29.5415738], [-68.5832778, -29.5419021], [-68.5854311, -29.5422829], [-68.5856569, -29.5423018], [-68.5857068, -29.542306], [-68.5877419, -29.5424786], [-68.5883975, -29.5425674], [-68.589159, -29.5426794], [-68.5896161, -29.5427113], [-68.589867, -29.5426995], [-68.5905778, -29.5425612], [-68.5908709, -29.5425583], [-68.591908, -29.5426484], [-68.592229, -29.5426959], [-68.5939745, -29.5431324], [-68.5940526, -29.5432034], [-68.5940952, -29.5432886], [-68.5939034, -29.5441984], [-68.5937947, -29.5447711], [-68.5937825, -29.54492], [-68.593841, -29.5451552], [-68.5939015, -29.5452806], [-68.5940083, -29.5454206], [-68.5941371, -29.5455282], [-68.5941979, -29.5455891], [-68.5942954, -29.545608], [-68.5945002, -29.5456704], [-68.5978473, -29.5461842], [-68.5980544, -29.5462484], [-68.598199, -29.5463081], [-68.5983082, -29.5463532], [-68.5984609, -29.5463841], [-68.6001928, -29.5463875], [-68.6003641, -29.5463619], [-68.6007009, -29.5462948], [-68.6008612, -29.5462878], [-68.6010017, -29.5463145], [-68.6014615, -29.5465381], [-68.6032124, -29.5472975], [-68.6033258, -29.5473667], [-68.6052783, -29.5490525], [-68.6067071, -29.5502663], [-68.6070624, -29.5505563], [-68.6073469, -29.5507231], [-68.6087744, -29.5512654], [-68.6093158, -29.5514082], [-68.6096045, -29.5514227], [-68.6098203, -29.5513908], [-68.6104824, -29.5512131], [-68.611235, -29.5508979], [-68.6115178, -29.550759], [-68.6120584, -29.5504472], [-68.6124823, -29.5502093]]}, "properties": {"osm_id": 232920307, "nombre": "", "highway": "residential", "surface": ""}}, {"type": "Feature", "geometry": {"type": "LineString", "coordinates": [[-68.5738145, -29.5288284], [-68.5738705, -29.5282636], [-68.5738425, -29.5281783], [-68.573794, -29.5281055], [-68.5718969, -29.5277123], [-68.5707046, -29.5274675], [-68.5677561, -29.526854], [-68.5647761, -29.5262363], [-68.5633557, -29.5259419]]}, "properties": {"osm_id": 232920308, "nombre": "San Martín", "highway": "residential", "surface": ""}}, {"type": "Feature", "geometry": {"type": "LineString", "coordinates": [[-68.5463672, -29.5234416], [-68.5454802, -29.5265545], [-68.5443162, -29.5306396], [-68.5440115, -29.5317089]]}, "properties": {"osm_id": 232920309, "nombre": "", "highway": "residential", "surface": ""}}, {"type": "Feature", "geometry": {"type": "LineString", "coordinates": [[-68.5603182, -29.5115185], [-68.5596397, -29.5164649], [-68.5591262, -29.5202079], [-68.5590004, -29.5211254], [-68.5589191, -29.5217177], [-68.5588269, -29.5223901], [-68.5586624, -29.52364], [-68.5584831, -29.5249342]]}, "properties": {"osm_id": 232920310, "nombre": "", "highway": "residential", "surface": ""}}, {"type": "Feature", "geometry": {"type": "LineString", "coordinates": [[-68.5536309, -29.5352558], [-68.5542441, -29.5330729], [-68.5542726, -29.532982], [-68.5550248, -29.5305841], [-68.5554837, -29.529121], [-68.5556165, -29.5286975], [-68.5558511, -29.5279497], [-68.5561607, -29.526983], [-68.5562321, -29.5267366], [-68.5566121, -29.5255327], [-68.5568331, -29.5248326], [-68.5571496, -29.5233039], [-68.5573824, -29.5221081]]}, "properties": {"osm_id": 232920311, "nombre": "Libertad", "highway": "residential", "surface": ""}}, {"type": "Feature", "geometry": {"type": "LineString", "coordinates": [[-68.5633557, -29.5259419], [-68.5631561, -29.526929], [-68.5629468, -29.5279559], [-68.5629085, -29.5281537], [-68.5627058, -29.5291561], [-68.5622749, -29.5312558], [-68.561847, -29.5334039], [-68.5616552, -29.5343563], [-68.5615259, -29.5349918], [-68.5614077, -29.5355765], [-68.5613367, -29.5359277], [-68.5612417, -29.5363973], [-68.5609797, -29.5376932], [-68.5594218, -29.5453973], [-68.559272, -29.5461383], [-68.5589856, -29.5475544]]}, "properties": {"osm_id": 232920312, "nombre": "", "highway": "residential", "surface": ""}}, {"type": "Feature", "geometry": {"type": "LineString", "coordinates": [[-68.5727461, -29.5345287], [-68.5766498, -29.5356959], [-68.5769244, -29.5358309], [-68.577007, -29.5358715], [-68.5770693, -29.5359238], [-68.5770731, -29.5359863], [-68.5767721, -29.5378062], [-68.5767172, -29.5378387], [-68.5764891, -29.5378338], [-68.5722051, -29.5373071], [-68.5691344, -29.5369071], [-68.5690199, -29.5368921], [-68.5683988, -29.5368112], [-68.5680224, -29.5367622], [-68.5665379, -29.5365688], [-68.5661064, -29.5365126], [-68.5640467, -29.5362442], [-68.5632743, -29.5361436], [-68.5625539, -29.5360633], [-68.5613367, -29.5359277]]}, "properties": {"osm_id": 232920313, "nombre": "", "highway": "residential", "surface": ""}}, {"type": "Feature", "geometry": {"type": "LineString", "coordinates": [[-68.5718506, -29.5391223], [-68.5722051, -29.5373071], [-68.5727461, -29.5345287], [-68.5730785, -29.5330062], [-68.5730553, -29.5329592], [-68.5729929, -29.5329312], [-68.5717933, -29.5327631], [-68.5706086, -29.5325921], [-68.5675506, -29.5321134], [-68.5622749, -29.5312558], [-68.5612471, -29.5310614]]}, "properties": {"osm_id": 232920314, "nombre": "", "highway": "residential", "surface": ""}}, {"type": "Feature", "geometry": {"type": "LineString", "coordinates": [[-68.5608088, -29.5290298], [-68.5613811, -29.5290187], [-68.5618569, -29.5290095], [-68.5619819, -29.5290227], [-68.5627058, -29.5291561], [-68.5635175, -29.5292829], [-68.564015, -29.5293606], [-68.5680197, -29.5299863]]}, "properties": {"osm_id": 232920315, "nombre": "", "highway": "residential", "surface": ""}}, {"type": "Feature", "geometry": {"type": "LineString", "coordinates": [[-68.5816371, -29.5415738], [-68.5843408, -29.5436341], [-68.5845676, -29.5438066], [-68.5848651, -29.5439792], [-68.5851897, -29.5441103], [-68.585262, -29.5441395], [-68.5865833, -29.5446496], [-68.5868033, -29.5447331], [-68.5956035, -29.5480715], [-68.5976461, -29.5488464], [-68.5982952, -29.5491206], [-68.6040301, -29.551529], [-68.604284, -29.5516166], [-68.6045209, -29.5516804], [-68.6045841, -29.5516975], [-68.6065621, -29.5521019], [-68.6067759, -29.5521015], [-68.6070856, -29.5520402], [-68.6091553, -29.5515591], [-68.609277, -29.5514945], [-68.6093158, -29.5514082]]}, "properties": {"osm_id": 232920316, "nombre": "", "highway": "residential", "surface": ""}}, {"type": "Feature", "geometry": {"type": "LineString", "coordinates": [[-68.562461, -29.5477998], [-68.5618862, -29.5477592], [-68.5589856, -29.5475544], [-68.5586992, -29.5475343], [-68.5563441, -29.5473689], [-68.5561489, -29.5473739], [-68.5531428, -29.5475922], [-68.5527531, -29.5476153], [-68.5514893, -29.5476348], [-68.5514081, -29.5476114], [-68.5513678, -29.5475616], [-68.5513593, -29.5475032], [-68.5513705, -29.5466677], [-68.5510168, -29.5466858], [-68.5507703, -29.5466945], [-68.5477549, -29.5464641], [-68.5412461, -29.5459667], [-68.5411335, -29.5459315], [-68.5410489, -29.5458557], [-68.5408067, -29.5457122], [-68.5407056, -29.5456817]]}, "properties": {"osm_id": 232920317, "nombre": "", "highway": "residential", "surface": ""}}, {"type": "Feature", "geometry": {"type": "LineString", "coordinates": [[-68.5503198, -29.520791], [-68.5492613, -29.5237764], [-68.5485505, -29.5260178], [-68.5477111, -29.5286645], [-68.5471016, -29.530958], [-68.5470548, -29.5311342], [-68.5462495, -29.5331126], [-68.5450425, -29.5359133], [-68.5440765, -29.5380682], [-68.5430633, -29.540449], [-68.5427866, -29.5411764], [-68.5425302, -29.5417977], [-68.5417344, -29.5437106], [-68.5416843, -29.5437926], [-68.5416405, -29.5438387], [-68.5415091, -29.5439168], [-68.5405791, -29.5442207]]}, "properties": {"osm_id": 232920318, "nombre": "", "highway": "residential", "surface": ""}}, {"type": "Feature", "geometry": {"type": "LineString", "coordinates": [[-68.5694222, -29.5211314], [-68.5692235, -29.521604], [-68.568997, -29.5219578], [-68.5686069, -29.5225419], [-68.5685252, -29.522841], [-68.5684068, -29.5232141], [-68.5682223, -29.5242381], [-68.5680188, -29.5254204], [-68.5677561, -29.526854]]}, "properties": {"osm_id": 232920319, "nombre": "", "highway": "residential", "surface": ""}}, {"type": "Feature", "geometry": {"type": "LineString", "coordinates": [[-68.5443162, -29.5306396], [-68.5471016, -29.530958], [-68.5497673, -29.5313104], [-68.5526314, -29.531689]]}, "properties": {"osm_id": 232920320, "nombre": "", "highway": "residential", "surface": ""}}, {"type": "Feature", "geometry": {"type": "LineString", "coordinates": [[-68.7255369, -29.2725681], [-68.7253591, -29.2729115], [-68.7251647, -29.2732729], [-68.7251344, -29.2734731], [-68.7252061, -29.2735676], [-68.7253143, -29.2736948], [-68.7253945, -29.2737862], [-68.7254074, -29.2738965], [-68.7253806, -29.2740181], [-68.7252793, -29.2741066], [-68.7250697, -29.2742478], [-68.724889, -29.274362], [-68.7246898, -29.2745322], [-68.7246108, -29.2746615], [-68.7246349, -29.2749844], [-68.7246535, -29.2753455], [-68.7245686, -29.2758109]]}, "properties": {"osm_id": 393492031, "nombre": "", "highway": "unclassified", "surface": ""}}, {"type": "Feature", "geometry": {"type": "LineString", "coordinates": [[-68.7552887, -29.2200446], [-68.7552846, -29.2203213], [-68.755309, -29.2205129], [-68.7553253, -29.2206265], [-68.7551464, -29.22074], [-68.7548984, -29.2208181], [-68.7546138, -29.2211161], [-68.7543821, -29.2212616], [-68.7540528, -29.2213254], [-68.7538332, -29.2212793], [-68.7536544, -29.2210629], [-68.7531462, -29.2207436], [-68.7524469, -29.2204597], [-68.7517558, -29.2202113], [-68.7516867, -29.2201794], [-68.750902, -29.2203142], [-68.7499832, -29.2205662], [-68.7493287, -29.2206761], [-68.7487636, -29.2209635], [-68.7480318, -29.2213396], [-68.7471293, -29.2218328], [-68.7465804, -29.2220954], [-68.7458121, -29.2224289], [-68.7456982, -29.2224573], [-68.7451291, -29.2224608], [-68.7450193, -29.2224112], [-68.7447916, -29.222436], [-68.7445558, -29.2225744], [-68.7439664, -29.2230001], [-68.7432346, -29.2233337], [-68.7428605, -29.223472], [-68.7420231, -29.223433], [-68.7408278, -29.2232272], [-68.740527, -29.2231598], [-68.7404944, -29.223064], [-68.7407384, -29.222993], [-68.7410148, -29.2229363], [-68.7415474, -29.2229043], [-68.7409213, -29.2225105], [-68.7405229, -29.2221238], [-68.7398318, -29.2216164], [-68.7391081, -29.2210132], [-68.7387829, -29.2205732], [-68.7382137, -29.2201971], [-68.736742, -29.2191859], [-68.735685, -29.2184976], [-68.7350955, -29.2181286], [-68.7346198, -29.2180576], [-68.7338881, -29.2179547], [-68.7335709, -29.2178376], [-68.7331278, -29.2178518], [-68.7327131, -29.2177312], [-68.7324814, -29.2175537], [-68.7322772, -29.217461], [-68.732157, -29.2174019], [-68.7320307, -29.2172271], [-68.7318859, -29.2171437], [-68.7312204, -29.2171464], [-68.7306535, -29.2171141], [-68.7301851, -29.2169851], [-68.7298493, -29.2168264], [-68.7293009, -29.2166812], [-68.7289681, -29.216579], [-68.7287648, -29.2165602], [-68.7285306, -29.2166785], [-68.7282687, -29.2169528], [-68.7281085, -29.2170146], [-68.7279052, -29.2170039], [-68.7278127, -29.2170657], [-68.7274677, -29.217262], [-68.7271472, -29.2173293], [-68.7268946, -29.2174153], [-68.7266481, -29.2176358], [-68.7264523, -29.2179752], [-68.7262833, -29.2182819], [-68.7261224, -29.218399], [-68.7263713, -29.2187038], [-68.7265242, -29.2189964], [-68.7265161, -29.2193007], [-68.7266878, -29.2195348], [-68.7269104, -29.2196308], [-68.7270418, -29.2195746]]}, "properties": {"osm_id": 393492032, "nombre": "", "highway": "unclassified", "surface": ""}}, {"type": "Feature", "geometry": {"type": "LineString", "coordinates": [[-68.7276319, -29.2202792], [-68.7270418, -29.2201973], [-68.726956, -29.2201692], [-68.7263659, -29.2203284], [-68.7261674, -29.2203729], [-68.7259046, -29.2203969], [-68.7251777, -29.2204337], [-68.7245527, -29.2203003], [-68.7244669, -29.2202137], [-68.7243784, -29.2202746], [-68.7241665, -29.220422], [-68.7239492, -29.2204548], [-68.7237132, -29.2203822], [-68.7235469, -29.2202816], [-68.7234718, -29.2202933], [-68.7233752, -29.2203822], [-68.723099, -29.2204993], [-68.7225894, -29.2206421], [-68.7220583, -29.2207638], [-68.7217847, -29.2208855], [-68.7212563, -29.2209768], [-68.7208218, -29.2208574], [-68.7206769, -29.2206187], [-68.7205294, -29.2203799], [-68.7204168, -29.2201388], [-68.7195397, -29.2193803], [-68.7190488, -29.2191182], [-68.7186224, -29.2189473], [-68.7185365, -29.2187974], [-68.7185017, -29.218568], [-68.7185258, -29.2183527], [-68.7185097, -29.2182309], [-68.7183649, -29.2181279], [-68.718102, -29.2179851], [-68.7176568, -29.2178634], [-68.7174744, -29.2177581], [-68.7172678, -29.2177066], [-68.7167904, -29.2177253], [-68.7164444, -29.2181677], [-68.7158543, -29.2185446], [-68.7155217, -29.2185844], [-68.7151623, -29.2185282], [-68.7150255, -29.2184744], [-68.7147653, -29.2183618]]}, "properties": {"osm_id": 393492033, "nombre": "", "highway": "unclassified", "surface": ""}}, {"type": "Feature", "geometry": {"type": "LineString", "coordinates": [[-68.5566121, -29.5255327], [-68.5559313, -29.5253838], [-68.5540065, -29.5249621]]}, "properties": {"osm_id": 395214518, "nombre": "", "highway": "residential", "surface": ""}}, {"type": "Feature", "geometry": {"type": "LineString", "coordinates": [[-68.7124094, -29.1981684], [-68.7125133, -29.1981455], [-68.7126421, -29.1981221], [-68.7127957, -29.1979905], [-68.7131122, -29.1977844], [-68.713434, -29.1975199], [-68.713603, -29.1973864], [-68.7138793, -29.1970773], [-68.7143272, -29.1966044], [-68.7144227, -29.1965715], [-68.714515, -29.1963257], [-68.7146625, -29.1961009]]}, "properties": {"osm_id": 458940637, "nombre": "", "highway": "unclassified", "surface": "unpaved"}}, {"type": "Feature", "geometry": {"type": "LineString", "coordinates": [[-68.7299699, -29.2590478], [-68.7299612, -29.2588647], [-68.7298887, -29.2586425], [-68.7298217, -29.2584903], [-68.7297707, -29.2583382], [-68.7298699, -29.2580551], [-68.7300228, -29.2579264], [-68.7302347, -29.2578211], [-68.7303742, -29.2577626], [-68.7304842, -29.2576901]]}, "properties": {"osm_id": 458940638, "nombre": "", "highway": "unclassified", "surface": "unpaved"}}, {"type": "Feature", "geometry": {"type": "LineString", "coordinates": [[-68.6855357, -29.2965157], [-68.6852165, -29.2965133], [-68.6848625, -29.2966303], [-68.6843153, -29.2967753], [-68.6839559, -29.296925], [-68.6837413, -29.2970373], [-68.6834624, -29.2969905], [-68.6830279, -29.2969063], [-68.682588, -29.2968174], [-68.6822661, -29.2967098], [-68.6819979, -29.2965882], [-68.6817862, -29.2964667]]}, "properties": {"osm_id": 458940639, "nombre": "", "highway": "unclassified", "surface": "ground"}}, {"type": "Feature", "geometry": {"type": "LineString", "coordinates": [[-68.6948242, -29.352004], [-68.6949007, -29.3520776], [-68.6949248, -29.3521431], [-68.6948846, -29.352274], [-68.6948685, -29.3524166], [-68.6948577, -29.3525662], [-68.6947853, -29.3527112], [-68.6947075, -29.3528257], [-68.694611, -29.3529497], [-68.6946056, -29.3530712], [-68.6946298, -29.353132], [-68.6947022, -29.3531601]]}, "properties": {"osm_id": 458940640, "nombre": "", "highway": "unclassified", "surface": "ground"}}, {"type": "Feature", "geometry": {"type": "LineString", "coordinates": [[-68.6951299, -29.294666], [-68.6949664, -29.2946116], [-68.6948376, -29.2945905], [-68.6947223, -29.2946046], [-68.694564, -29.2946584], [-68.6944272, -29.2947075], [-68.6943441, -29.2947239], [-68.6942931, -29.294766], [-68.69421, -29.2948198], [-68.6940786, -29.2948806], [-68.6939284, -29.294925], [-68.693817, -29.2949262]]}, "properties": {"osm_id": 458940641, "nombre": "", "highway": "unclassified", "surface": "ground"}}, {"type": "Feature", "geometry": {"type": "LineString", "coordinates": [[-68.617352, -29.3555534], [-68.6175706, -29.3554681], [-68.6179675, -29.3553535], [-68.6183538, -29.3552904], [-68.6187776, -29.3553138], [-68.619137, -29.3553535], [-68.6194588, -29.3554915], [-68.6197566, -29.3556621], [-68.6199953, -29.3558538], [-68.6201535, -29.3560432], [-68.6203118, -29.3561975], [-68.6204566, -29.3563448], [-68.6205371, -29.356478], [-68.6205693, -29.3566159], [-68.6205988, -29.3567936], [-68.6206953, -29.3569549], [-68.620816, -29.357018], [-68.6209743, -29.3570671], [-68.6210869, -29.3570905], [-68.6211915, -29.3570671], [-68.6213015, -29.3569923], [-68.6214329, -29.3568824], [-68.6216261, -29.3567819], [-68.6217548, -29.3567702], [-68.6219291, -29.3568076], [-68.6220472, -29.3567913], [-68.6220498, -29.3567118], [-68.6220016, -29.3564874], [-68.6219613, -29.3563635], [-68.6218648, -29.3563237], [-68.621787, -29.3562957], [-68.6217575, -29.3562372], [-68.6217387, -29.3561788], [-68.621787, -29.3561227], [-68.6218514, -29.3560619], [-68.6218594, -29.3559684], [-68.6218701, -29.3558912], [-68.6219694, -29.3558468], [-68.6220633, -29.3557977], [-68.6221169, -29.3557346], [-68.6220794, -29.3556528], [-68.6220659, -29.3555476], [-68.6221652, -29.3554681], [-68.6222671, -29.355412], [-68.6223073, -29.3552811], [-68.6223073, -29.3551712], [-68.6222617, -29.3550683], [-68.6222242, -29.3549608], [-68.6222376, -29.3548088], [-68.6223342, -29.3546569], [-68.6224683, -29.3545657], [-68.622656, -29.3544652], [-68.6228304, -29.3543903], [-68.6228867, -29.3543202], [-68.6228974, -29.3542361], [-68.6228438, -29.3541238], [-68.6228706, -29.3540093], [-68.6229403, -29.3538924], [-68.623112, -29.35371], [-68.6232515, -29.3535791], [-68.6233132, -29.3534716], [-68.6233507, -29.3533407], [-68.6234634, -29.3532588], [-68.6236431, -29.3532378], [-68.6238228, -29.3532401], [-68.6240012, -29.353281], [-68.6241031, -29.3533465], [-68.6242694, -29.3533418], [-68.6244223, -29.3532974], [-68.6246047, -29.353267], [-68.6248058, -29.3532507], [-68.6250338, -29.3532062], [-68.6253449, -29.353108], [-68.6255622, -29.3530122], [-68.6258948, -29.3528696], [-68.6263642, -29.3526381], [-68.6268523, -29.3524464], [-68.6271501, -29.3522921], [-68.6274424, -29.3522033], [-68.6275926, -29.3521168], [-68.6276838, -29.3519765], [-68.6278126, -29.3518059], [-68.6279923, -29.3516679], [-68.6281049, -29.3515954], [-68.6281371, -29.3514972], [-68.6281934, -29.351378], [-68.6282551, -29.3512658], [-68.6282793, -29.351191], [-68.6282981, -29.3511021], [-68.6283678, -29.3510507], [-68.6284858, -29.3509899], [-68.6286762, -29.3508917], [-68.628805, -29.3508473], [-68.6289525, -29.3508029], [-68.6290491, -29.3507164], [-68.629202, -29.3506743], [-68.6293495, -29.3506322], [-68.6295131, -29.3506252], [-68.6297089, -29.3505925], [-68.6300093, -29.3505083], [-68.6303258, -29.3504008], [-68.6307228, -29.3503143], [-68.6310178, -29.3502839], [-68.6312002, -29.3502956], [-68.6313129, -29.3503704], [-68.6314443, -29.3505574], [-68.6315623, -29.3507444], [-68.631801, -29.3509455], [-68.6319485, -29.3510203], [-68.6321873, -29.3511255], [-68.6323455, -29.3511957], [-68.6327157, -29.3513476], [-68.632941, -29.3514411], [-68.6331153, -29.3514692], [-68.6332011, -29.3514458], [-68.633287, -29.3513687], [-68.6334372, -29.3512448], [-68.633633, -29.3511279], [-68.6338288, -29.3510133], [-68.6340514, -29.3508987], [-68.6343652, -29.3507772], [-68.6347649, -29.3505785], [-68.6350787, -29.3503914], [-68.6352423, -29.3502745], [-68.6353684, -29.3500992], [-68.6355347, -29.3498537], [-68.6357117, -29.3495895], [-68.6358297, -29.349316], [-68.6359719, -29.3490214], [-68.6360496, -29.3486941], [-68.6360282, -29.3483107], [-68.6359611, -29.3480582], [-68.6358726, -29.3478945]]}, "properties": {"osm_id": 458940642, "nombre": "", "highway": "unclassified", "surface": "ground"}}, {"type": "Feature", "geometry": {"type": "LineString", "coordinates": [[-68.6241366, -29.385668], [-68.6241098, -29.385238], [-68.6239971, -29.3848313], [-68.6239328, -29.3845415], [-68.6237772, -29.3842797], [-68.6235358, -29.3841021], [-68.6230691, -29.3838964], [-68.6225005, -29.3836207], [-68.6001889, -29.3710071], [-68.5999835, -29.3708005], [-68.5998255, -29.3704976], [-68.5998413, -29.3699881], [-68.6002916, -29.3616567], [-68.6006235, -29.3609475], [-68.6009316, -29.3606445], [-68.6013898, -29.3604173], [-68.6023221, -29.3601625], [-68.6030173, -29.360073], [-68.6031912, -29.3599835], [-68.6032149, -29.3596805], [-68.6032702, -29.3592122], [-68.603523, -29.3588817], [-68.6036257, -29.3581312], [-68.6034519, -29.3578213], [-68.6034756, -29.3575596], [-68.6037442, -29.3575183], [-68.6041708, -29.3575803], [-68.6042656, -29.3577593], [-68.6044948, -29.3578626], [-68.6045896, -29.3579452], [-68.6045738, -29.3584204], [-68.6049214, -29.3585994], [-68.6050557, -29.3587784], [-68.6053322, -29.3588748], [-68.6058774, -29.3596736], [-68.6059169, -29.3599077], [-68.6060907, -29.3601556], [-68.6063514, -29.3603415], [-68.6065331, -29.3606996], [-68.606778, -29.3607271], [-68.6070704, -29.3606789], [-68.6072837, -29.3608304], [-68.6074259, -29.3610508], [-68.6077419, -29.3610852], [-68.6081211, -29.3609406], [-68.6082712, -29.3607065], [-68.6082712, -29.3604517], [-68.6087611, -29.3597287], [-68.6094247, -29.3591227], [-68.6096776, -29.3591365], [-68.6101832, -29.359405], [-68.6110286, -29.3595152], [-68.6123954, -29.3594739], [-68.6127746, -29.3593293], [-68.6129642, -29.3590608], [-68.6123954, -29.3570776], [-68.6124507, -29.3567402], [-68.6126561, -29.3566231], [-68.6128773, -29.3566713], [-68.6133039, -29.356451], [-68.6138017, -29.3565474], [-68.6146233, -29.3567815], [-68.6154288, -29.3566802], [-68.6155763, -29.356582], [-68.6158016, -29.3563366], [-68.6158928, -29.3562477], [-68.6160511, -29.3561355], [-68.6161986, -29.3559438], [-68.6162667, -29.3558725], [-68.6163998, -29.3558106], [-68.6167592, -29.3557217], [-68.6172068, -29.355542], [-68.617352, -29.3555534], [-68.6175692, -29.3556048], [-68.6176846, -29.3556703], [-68.6177489, -29.3557545], [-68.6178348, -29.3558947], [-68.6181137, -29.3569327], [-68.6181513, -29.3571595], [-68.6182317, -29.3572974], [-68.618575, -29.3577112], [-68.618677, -29.3578281], [-68.6187467, -29.357952], [-68.6187601, -29.3580174], [-68.6187226, -29.3581203], [-68.6186931, -29.3582512], [-68.6187306, -29.3583774], [-68.6189237, -29.3588239], [-68.6192617, -29.3596655], [-68.6194521, -29.3602406], [-68.6196801, -29.3610541], [-68.6201173, -29.3619027], [-68.6206457, -29.3627863], [-68.6209998, -29.3632071], [-68.6214209, -29.3636115], [-68.6217374, -29.3639294], [-68.6220262, -29.3640736], [-68.6221933, -29.3641982], [-68.6223382, -29.3644624], [-68.6226386, -29.3647078], [-68.6230517, -29.3650748], [-68.6232635, -29.3652361], [-68.623462, -29.3653226], [-68.6235452, -29.3652618], [-68.6235237, -29.3651403], [-68.6234111, -29.3650351], [-68.6231858, -29.3648738], [-68.6231375, -29.3646681], [-68.6232877, -29.364058], [-68.623285, -29.3636699], [-68.6231509, -29.3630528], [-68.6234218, -29.3620172], [-68.6235559, -29.3618349], [-68.6238, -29.3617414], [-68.624154, -29.361559], [-68.6243874, -29.3614912], [-68.6247254, -29.3614445], [-68.6248568, -29.3613814], [-68.6250177, -29.3612645], [-68.6251491, -29.3610775], [-68.6253154, -29.3607689], [-68.6255112, -29.3602476], [-68.6255702, -29.3599437], [-68.6255917, -29.3594645], [-68.625522, -29.358866], [-68.6255595, -29.3581203], [-68.62564, -29.3575826], [-68.6255595, -29.3571735], [-68.625463, -29.3568345], [-68.6253423, -29.3565844], [-68.6249614, -29.3557545], [-68.6247441, -29.3554225], [-68.6246288, -29.3552331], [-68.6245671, -29.3549994], [-68.6245403, -29.3547515], [-68.6245349, -29.3544172], [-68.6244437, -29.3541344], [-68.6242908, -29.3539473], [-68.6241111, -29.3537135], [-68.6239904, -29.3535335], [-68.6239663, -29.3533956], [-68.6240012, -29.353281], [-68.6241004, -29.3532086], [-68.6243284, -29.3531338], [-68.6244679, -29.3529561], [-68.6246368, -29.3527527]]}, "properties": {"osm_id": 458940643, "nombre": "", "highway": "unclassified", "surface": "unpaved"}}, {"type": "Feature", "geometry": {"type": "LineString", "coordinates": [[-68.7060955, -29.2298427], [-68.7060237, -29.2296662], [-68.7058251, -29.2296475], [-68.7055483, -29.2298173], [-68.70509, -29.2298853], [-68.7042035, -29.2297607], [-68.7030188, -29.2292475], [-68.7021583, -29.2289532], [-68.7016956, -29.2279117], [-68.7008913, -29.2254891], [-68.6999919, -29.2233193], [-68.699032, -29.2204286], [-68.6989419, -29.2191456], [-68.6989817, -29.2186095], [-68.7002816, -29.2169], [-68.7007526, -29.2159053]]}, "properties": {"osm_id": 458940645, "nombre": "", "highway": "unclassified", "surface": "unpaved"}}, {"type": "Feature", "geometry": {"type": "LineString", "coordinates": [[-68.6839586, -29.297994], [-68.6846412, -29.2977683], [-68.6850891, -29.2976467], [-68.6855183, -29.2975297], [-68.686846, -29.2971087], [-68.6880074, -29.2967508], [-68.6882729, -29.2966993], [-68.6885599, -29.2965987], [-68.6911375, -29.29578], [-68.693817, -29.2949262], [-68.6939565, -29.2947859], [-68.6939968, -29.2945847], [-68.6940236, -29.2944326], [-68.6940665, -29.2943157], [-68.6941657, -29.2942104], [-68.6942516, -29.2941636]]}, "properties": {"osm_id": 458940646, "nombre": "", "highway": "unclassified", "surface": "ground"}}, {"type": "Feature", "geometry": {"type": "LineString", "coordinates": [[-68.7304842, -29.2576901], [-68.730568, -29.2573654], [-68.7306029, -29.2569605], [-68.7307879, -29.256558], [-68.7309167, -29.2560713], [-68.7309971, -29.2558069], [-68.7310186, -29.2555846], [-68.7309971, -29.2552359], [-68.7309194, -29.2549949], [-68.7308201, -29.2546836], [-68.7308684, -29.2545362], [-68.7309086, -29.2543022], [-68.7309623, -29.2540916], [-68.7310535, -29.2538108], [-68.7312225, -29.253558], [-68.7317804, -29.2529145], [-68.7319627, -29.2526688], [-68.7322953, -29.2521469], [-68.7323517, -29.2519925], [-68.7323785, -29.2518263], [-68.732475, -29.2516251], [-68.732644, -29.2511687], [-68.7326923, -29.2510143], [-68.7327111, -29.250806], [-68.732695, -29.2506071], [-68.732695, -29.2504011], [-68.7327862, -29.2500384], [-68.7330195, -29.249568], [-68.733049, -29.2493036], [-68.7331, -29.2488472], [-68.7331536, -29.2486413], [-68.7332797, -29.2482411], [-68.7335131, -29.2476045], [-68.7335345, -29.2473097], [-68.7335318, -29.2471435], [-68.7334219, -29.2469844], [-68.7332851, -29.246755], [-68.7332422, -29.2465725], [-68.7331751, -29.2463572], [-68.7331322, -29.246184], [-68.7330785, -29.2459195], [-68.7330008, -29.2457019], [-68.7329793, -29.2455076], [-68.7329149, -29.2454257], [-68.7327594, -29.2452923], [-68.7325126, -29.2450068], [-68.7322417, -29.2445692], [-68.7321317, -29.2443936], [-68.73195, -29.2442304], [-68.731775, -29.2442134], [-68.7316495, -29.2441414], [-68.731553, -29.2440689], [-68.7314424, -29.2440051], [-68.7313458, -29.2438671], [-68.73103, -29.243568], [-68.7308046, -29.2434112], [-68.7307295, -29.2433176], [-68.7306759, -29.243203], [-68.7305713, -29.2431047], [-68.7304345, -29.2430204], [-68.7303728, -29.2429713], [-68.7303379, -29.2428893], [-68.7303031, -29.2427653], [-68.7302163, -29.2426646], [-68.7301153, -29.2425874], [-68.730008, -29.2425125], [-68.7299919, -29.2424025], [-68.7300349, -29.2422036], [-68.7300241, -29.2418268], [-68.7299571, -29.2415623], [-68.7299437, -29.2413002], [-68.7298391, -29.2410755], [-68.7296245, -29.240797], [-68.7294823, -29.2405817], [-68.7293133, -29.2403477], [-68.7291926, -29.2402213], [-68.7290302, -29.2400969], [-68.7274727, -29.2394671], [-68.727285, -29.239329], [-68.7259925, -29.2380918], [-68.7254758, -29.237897], [-68.7252063, -29.2378171], [-68.7249326, -29.2377983], [-68.7245222, -29.2377234], [-68.724305, -29.2378006], [-68.7241414, -29.2378475], [-68.7239241, -29.2378264], [-68.7234601, -29.2377772], [-68.7228003, -29.2377375], [-68.7222343, -29.2377023], [-68.7218025, -29.2376953], [-68.7213626, -29.2377843], [-68.7211802, -29.2377679], [-68.7210488, -29.2377117], [-68.7208369, -29.2374706], [-68.7206679, -29.2374074], [-68.7205177, -29.2374168], [-68.7202763, -29.2374472], [-68.7195038, -29.2372249], [-68.7190881, -29.2370891], [-68.7188494, -29.2369768], [-68.7186375, -29.2368434], [-68.7184664, -29.2366744], [-68.7182191, -29.2365766], [-68.7175887, -29.236387], [-68.7171596, -29.2362582], [-68.7165883, -29.2362536], [-68.715848, -29.2362208], [-68.7155047, -29.2361833], [-68.7150058, -29.2360055], [-68.7149119, -29.2358978], [-68.7148582, -29.2358276], [-68.7147161, -29.2357925], [-68.7145632, -29.2357644], [-68.7144586, -29.2357293], [-68.7143808, -29.235645], [-68.7141153, -29.235322], [-68.7138524, -29.2350716], [-68.7137612, -29.2347931], [-68.7136244, -29.2344069], [-68.7133964, -29.2341237], [-68.7128734, -29.2335057], [-68.712683, -29.2331991], [-68.7126454, -29.2330166], [-68.7126669, -29.2327614], [-68.7126696, -29.2325531], [-68.7128064, -29.2322722], [-68.7131685, -29.2319843], [-68.7133106, -29.2318463], [-68.7133079, -29.2316801], [-68.7132516, -29.23146], [-68.7132704, -29.2312775], [-68.7132221, -29.2311019], [-68.7131685, -29.2309217], [-68.7131202, -29.2307532], [-68.7130719, -29.2303927], [-68.7129458, -29.2297326], [-68.7127769, -29.2294845], [-68.7125033, -29.2292341], [-68.712235, -29.2289462], [-68.7119322, -29.2286822], [-68.7112051, -29.2264018], [-68.7112748, -29.2261373], [-68.7113365, -29.2259056], [-68.7113258, -29.2257253], [-68.7112104, -29.225524], [-68.7110897, -29.2253742], [-68.71091, -29.2250699], [-68.7108269, -29.2248288], [-68.7107035, -29.2246556], [-68.7106364, -29.2245479], [-68.7105022, -29.2244406], [-68.7103065, -29.2242928], [-68.7101617, -29.2241149], [-68.7099739, -29.2239416], [-68.7097701, -29.2237637], [-68.7095287, -29.2235765], [-68.7093839, -29.2234547], [-68.7092793, -29.2233213], [-68.7092122, -29.2231762], [-68.7092149, -29.2228625], [-68.7092276, -29.2224851], [-68.7093188, -29.2214715], [-68.7094288, -29.2205538], [-68.7095602, -29.220095], [-68.709638, -29.2198914], [-68.709638, -29.2197041]]}, "properties": {"osm_id": 458940647, "nombre": "", "highway": "unclassified", "surface": "unpaved"}}, {"type": "Feature", "geometry": {"type": "LineString", "coordinates": [[-68.7590135, -29.2191774], [-68.7591087, -29.2189632], [-68.7590577, -29.2188579], [-68.7588888, -29.2187689], [-68.7587305, -29.2186847], [-68.7585669, -29.2186496], [-68.7583711, -29.2186496], [-68.7581646, -29.2186847], [-68.75795, -29.2187245], [-68.7576979, -29.2188181], [-68.7575128, -29.2188954], [-68.7573384, -29.2189281], [-68.7572768, -29.2189211], [-68.7571856, -29.2189258], [-68.7571239, -29.2189679], [-68.7570622, -29.2190428], [-68.7569549, -29.2191809]]}, "properties": {"osm_id": 458940648, "nombre": "", "highway": "unclassified", "surface": "ground"}}, {"type": "Feature", "geometry": {"type": "LineString", "coordinates": [[-68.7174019, -29.1812689], [-68.7172777, -29.1804308], [-68.717047, -29.1794378], [-68.7167519, -29.1785245], [-68.7166017, -29.1781311], [-68.7165856, -29.1776487], [-68.7166876, -29.177096], [-68.7167734, -29.1765667], [-68.7167841, -29.1762295], [-68.7167573, -29.1759438], [-68.7169397, -29.1755175], [-68.7170845, -29.1750866], [-68.7171543, -29.1743934], [-68.7172562, -29.1741218], [-68.7176102, -29.1733114], [-68.7179053, -29.1728196], [-68.7182969, -29.1722013], [-68.7188172, -29.1714332], [-68.7191284, -29.1708523], [-68.7196004, -29.1704214], [-68.7197688, -29.1702018]]}, "properties": {"osm_id": 458940649, "nombre": "", "highway": "unclassified", "surface": "unpaved"}}, {"type": "Feature", "geometry": {"type": "LineString", "coordinates": [[-68.6254305, -29.3935997], [-68.6252719, -29.3938201], [-68.6249607, -29.3941566], [-68.6244967, -29.3945749], [-68.6227211, -29.3962972], [-68.6219245, -29.3967996], [-68.6202534, -29.3975848], [-68.6183866, -29.3984587], [-68.6173647, -29.3987555], [-68.616949, -29.3988303], [-68.6165252, -29.3990079], [-68.6161604, -29.3992743], [-68.6159002, -29.3995804], [-68.6152967, -29.4005595], [-68.6147764, -29.4013891], [-68.6136579, -29.4030037], [-68.6133441, -29.40338], [-68.6124697, -29.4040646], [-68.6115765, -29.4047773], [-68.6101361, -29.4056863], [-68.6090391, -29.4063756], [-68.6077436, -29.4072051], [-68.6069658, -29.407607], [-68.6060833, -29.4080229], [-68.6056649, -29.408385], [-68.6050775, -29.4089225], [-68.6046296, -29.40928], [-68.6033233, -29.4104973], [-68.6030095, -29.4107777], [-68.6020868, -29.4112847], [-68.60125, -29.4117684], [-68.6007323, -29.4121118], [-68.5986107, -29.4136796], [-68.5970899, -29.4148969], [-68.5967546, -29.4152263], [-68.5966071, -29.415481], [-68.5964354, -29.4160581], [-68.596245, -29.4164553], [-68.5959741, -29.4168758], [-68.5956576, -29.4171889], [-68.5949468, -29.4178688], [-68.5946571, -29.4179903], [-68.5943835, -29.4180253], [-68.5941046, -29.4180744], [-68.59378, -29.4182473], [-68.5935681, -29.4184879], [-68.5932865, -29.4189902], [-68.5930397, -29.4194785], [-68.5925891, -29.4199995], [-68.5922753, -29.4203477], [-68.591468, -29.4210182], [-68.5911756, -29.421378], [-68.5908162, -29.4217962], [-68.5902288, -29.4225087], [-68.5896977, -29.4231932], [-68.58848, -29.424602], [-68.5880052, -29.4252328], [-68.5872328, -29.4259593], [-68.5866641, -29.4264312], [-68.5860472, -29.426784], [-68.5851621, -29.4274194], [-68.5847785, -29.4278539], [-68.5844245, -29.4283819], [-68.584175, -29.4287323], [-68.5826274, -29.4304727], [-68.5812809, -29.4320846], [-68.581061, -29.4321383], [-68.5809805, -29.4320309], [-68.580951, -29.431879], [-68.5807901, -29.4316851], [-68.5806131, -29.4315239], [-68.5801088, -29.4311852], [-68.5800176, -29.4311], [-68.5798889, -29.4310719], [-68.5797279, -29.4311186], [-68.5796448, -29.4312611], [-68.5796609, -29.4315041], [-68.5798191, -29.4319082], [-68.5799479, -29.4322166], [-68.579964, -29.4323824], [-68.5798513, -29.4326931], [-68.5798165, -29.4329875], [-68.5798406, -29.4334313], [-68.5798486, -29.4338471], [-68.5797306, -29.4341718], [-68.579457, -29.4345479], [-68.5787919, -29.4352838], [-68.578411, -29.4358187], [-68.5781562, -29.4362999], [-68.5777672, -29.4374679], [-68.5770296, -29.4389021], [-68.5764503, -29.440007], [-68.5762169, -29.4403994], [-68.5760962, -29.4408549], [-68.5759916, -29.4414949], [-68.5755491, -29.4436345], [-68.5753908, -29.4443189], [-68.575254, -29.4450243], [-68.5751011, -29.4455194], [-68.5747927, -29.4461524], [-68.57468, -29.4464584], [-68.5746371, -29.446713], [-68.5746988, -29.4468975], [-68.5748758, -29.4471614], [-68.5749885, -29.4472969], [-68.5750985, -29.4475118], [-68.5752111, -29.4477874], [-68.5753774, -29.4482779], [-68.5756, -29.4487801], [-68.5756912, -29.4491421], [-68.5756081, -29.4495065], [-68.5754471, -29.4500693], [-68.5752004, -29.4506346], [-68.5751467, -29.4509335], [-68.575026, -29.4511647], [-68.5749348, -29.4513586], [-68.5748812, -29.4516482], [-68.5749241, -29.4528043], [-68.5748329, -29.4532317], [-68.5747417, -29.453916], [-68.5745513, -29.4553991], [-68.5744359, -29.456707], [-68.574334, -29.4573516], [-68.5742187, -29.4577112], [-68.574039, -29.4579331], [-68.5736903, -29.4585426], [-68.5735562, -29.4589747], [-68.5733979, -29.4593343], [-68.5732987, -29.4596473], [-68.5731163, -29.4604857], [-68.5729661, -29.461205], [-68.5726657, -29.4626903], [-68.5725504, -29.463573], [-68.5723009, -29.465502], [-68.5721319, -29.4667233], [-68.5720354, -29.4682529], [-68.5719415, -29.4703219], [-68.5718315, -29.4725216], [-68.5717484, -29.4743406], [-68.5717081, -29.4754801], [-68.5717055, -29.4763371], [-68.5718154, -29.4767247], [-68.5719334, -29.4770399], [-68.5720327, -29.4775886], [-68.5722124, -29.4783895], [-68.572309, -29.4789172], [-68.5723894, -29.4792862], [-68.5724913, -29.4795313], [-68.5726147, -29.4799096], [-68.5727032, -29.4801898], [-68.5728373, -29.4807245], [-68.573237, -29.4815744], [-68.5735294, -29.4822445], [-68.5736849, -29.4826998], [-68.5741865, -29.48457], [-68.5742992, -29.4847615], [-68.5743635, -29.4849366], [-68.5749161, -29.4867554], [-68.5750448, -29.4870799], [-68.5751038, -29.4872597], [-68.5750877, -29.4874278], [-68.5752513, -29.4875889], [-68.5754445, -29.4877593], [-68.5756215, -29.4879251], [-68.57582, -29.4880955], [-68.5759299, -29.488301], [-68.5759889, -29.4886209], [-68.5761204, -29.48888], [-68.5762974, -29.4890761], [-68.5765093, -29.4892746], [-68.5767426, -29.4894754], [-68.5769384, -29.4897999], [-68.5776197, -29.4907151], [-68.5780623, -29.4913641], [-68.5781535, -29.4916093], [-68.5782581, -29.4917961], [-68.5783734, -29.4919385], [-68.5787007, -29.492326], [-68.5790252, -29.4927976], [-68.5793176, -29.4931782], [-68.5795563, -29.493533], [-68.5804736, -29.4948007], [-68.5808303, -29.495396], [-68.580951, -29.4956669], [-68.5810127, -29.4960287], [-68.581002, -29.4964746], [-68.5809993, -29.4966731], [-68.5811629, -29.4970326], [-68.5815706, -29.4974901], [-68.5819488, -29.4978123], [-68.5822197, -29.4980458], [-68.5826301, -29.4983236], [-68.5828474, -29.4984823], [-68.5830002, -29.4987578], [-68.5831263, -29.4990589], [-68.5832604, -29.4994161], [-68.5833382, -29.4997266], [-68.5833832, -29.4999347]]}, "properties": {"osm_id": 458940650, "nombre": "", "highway": "unclassified", "surface": "ground"}}, {"type": "Feature", "geometry": {"type": "LineString", "coordinates": [[-68.6358726, -29.3478945], [-68.6355695, -29.3469242]]}, "properties": {"osm_id": 458940651, "nombre": "", "highway": "unclassified", "surface": "ground"}}, {"type": "Feature", "geometry": {"type": "LineString", "coordinates": [[-68.6243699, -29.3878502], [-68.6241821, -29.3860935], [-68.6241366, -29.385668]]}, "properties": {"osm_id": 458940652, "nombre": "", "highway": "unclassified", "surface": "unpaved"}}, {"type": "Feature", "geometry": {"type": "LineString", "coordinates": [[-68.6246368, -29.3527527], [-68.6251679, -29.351537]]}, "properties": {"osm_id": 458940653, "nombre": "", "highway": "unclassified", "surface": "unpaved"}}, {"type": "Feature", "geometry": {"type": "LineString", "coordinates": [[-68.7516867, -29.2201794], [-68.7521511, -29.220012], [-68.7527841, -29.2198013], [-68.7533634, -29.2195391], [-68.7538033, -29.2193612], [-68.7544645, -29.2191493], [-68.7547622, -29.2190557], [-68.7549848, -29.2190253], [-68.755194, -29.2190019], [-68.7553684, -29.218948], [-68.7554864, -29.2188872], [-68.7556098, -29.2188169], [-68.7557841, -29.218749], [-68.7558941, -29.2187186], [-68.7559719, -29.2186975], [-68.7560899, -29.2186882], [-68.7561838, -29.2186882], [-68.756275, -29.2187186], [-68.756334, -29.2187514], [-68.7563903, -29.2188029], [-68.7564305, -29.2188544]]}, "properties": {"osm_id": 458940654, "nombre": "", "highway": "unclassified", "surface": "ground"}}, {"type": "Feature", "geometry": {"type": "LineString", "coordinates": [[-68.6397605, -29.3371615], [-68.6399777, -29.3371544], [-68.6400931, -29.3370843], [-68.6401843, -29.3369159], [-68.640246, -29.3368084], [-68.6404149, -29.3367663], [-68.6405249, -29.3367008], [-68.6405464, -29.336605], [-68.6405195, -29.3364764], [-68.6404605, -29.3363174], [-68.6404149, -29.3361046], [-68.6404257, -29.3359105], [-68.6404659, -29.3356182], [-68.6405142, -29.3353563], [-68.6406, -29.3349962], [-68.6407127, -29.334711], [-68.6407556, -29.3344771], [-68.6407234, -29.3343135], [-68.6408039, -29.3341498], [-68.6408897, -29.3338926], [-68.641056, -29.333626], [-68.6412357, -29.3333384], [-68.6412679, -29.33317], [-68.6412545, -29.3330368], [-68.6411981, -29.3329456]]}, "properties": {"osm_id": 458940655, "nombre": "", "highway": "unclassified", "surface": "ground"}}, {"type": "Feature", "geometry": {"type": "LineString", "coordinates": [[-68.6043278, -29.4219539], [-68.6042976, -29.4220946], [-68.6042923, -29.4221717], [-68.6041528, -29.4223586], [-68.6040884, -29.4225572], [-68.6040965, -29.4227745], [-68.6041609, -29.4230852], [-68.6043379, -29.4233609], [-68.6045578, -29.4236062], [-68.6048985, -29.4239052], [-68.6050084, -29.4240337], [-68.6051291, -29.4240991], [-68.6053276, -29.4241108], [-68.6057353, -29.424001], [-68.6060169, -29.4239356], [-68.6063388, -29.4238912], [-68.6065292, -29.4238164], [-68.6067224, -29.4236272], [-68.6069262, -29.423431], [-68.6071113, -29.4232978], [-68.6073715, -29.42323], [-68.6076933, -29.4230642], [-68.6080769, -29.422903], [-68.6083907, -29.4226763], [-68.6084926, -29.4226249]]}, "properties": {"osm_id": 458940656, "nombre": "", "highway": "unclassified", "surface": "ground"}}, {"type": "Feature", "geometry": {"type": "LineString", "coordinates": [[-68.7126696, -29.2325531], [-68.712402, -29.2324062], [-68.7120372, -29.2322799], [-68.7117797, -29.2321441], [-68.7115062, -29.2320364], [-68.7112648, -29.2320177], [-68.710841, -29.2320598], [-68.7103957, -29.2320598], [-68.710149, -29.2321254], [-68.7098604, -29.232064], [-68.7097198, -29.2320037], [-68.7096501, -29.2318819], [-68.7095857, -29.2316338], [-68.7093711, -29.2315121], [-68.7090975, -29.2314887], [-68.7088722, -29.2314747], [-68.7085772, -29.2314981], [-68.7083626, -29.2315496], [-68.7082111, -29.231525], [-68.7080005, -29.2314396], [-68.7078691, -29.231367], [-68.7076599, -29.2313483], [-68.7073808, -29.2313863], [-68.7071824, -29.2313998], [-68.7068506, -29.2313684], [-68.7067533, -29.2313342], [-68.7065736, -29.2312523]]}, "properties": {"osm_id": 458940657, "nombre": "", "highway": "unclassified", "surface": "unpaved"}}, {"type": "Feature", "geometry": {"type": "LineString", "coordinates": [[-68.7445772, -29.2402617], [-68.7446072, -29.2402138], [-68.7447005, -29.2400651], [-68.7449902, -29.2397398], [-68.7452236, -29.2394145], [-68.7454623, -29.2391476], [-68.745634, -29.2390002], [-68.7457895, -29.2388457], [-68.745878, -29.2386913], [-68.7459183, -29.2385438], [-68.7459451, -29.2383636], [-68.7462026, -29.2379727], [-68.7462857, -29.2377831], [-68.7463233, -29.237617], [-68.7464091, -29.2375163], [-68.746444, -29.237397], [-68.746452, -29.2371372], [-68.7464547, -29.2368282], [-68.7465164, -29.236641], [-68.74657, -29.2365216], [-68.7465808, -29.2363297], [-68.7465164, -29.236208], [-68.746511, -29.2360956], [-68.7465566, -29.2359295], [-68.7466022, -29.2357469], [-68.7466532, -29.2355479], [-68.7467659, -29.2353256], [-68.746857, -29.2350986]]}, "properties": {"osm_id": 458940658, "nombre": "", "highway": "unclassified", "surface": "ground"}}, {"type": "Feature", "geometry": {"type": "LineString", "coordinates": [[-68.7300819, -29.2862814], [-68.7305566, -29.2864943], [-68.7313908, -29.2868428], [-68.731895, -29.287161], [-68.7320318, -29.2873435], [-68.7320774, -29.2875563], [-68.7320774, -29.2877061], [-68.7316724, -29.2888196], [-68.7313666, -29.2895705], [-68.7309133, -29.2907893], [-68.7307873, -29.2910045], [-68.7307712, -29.2911636], [-68.7308007, -29.2913203], [-68.7308838, -29.2915963], [-68.7311735, -29.2930186], [-68.7315276, -29.2947707], [-68.7316161, -29.2952689], [-68.7315356, -29.295449], [-68.7312728, -29.2957484], [-68.7308651, -29.2962093], [-68.7307444, -29.2963496], [-68.7307014, -29.2965367], [-68.7304842, -29.2977274], [-68.7304788, -29.2978139], [-68.7300068, -29.2994326], [-68.7295883, -29.3009319], [-68.7295803, -29.3010793], [-68.7295374, -29.3011892], [-68.7294596, -29.3014348], [-68.7287863, -29.3031119], [-68.7285932, -29.3033294], [-68.7283813, -29.3034276], [-68.7281507, -29.3035165], [-68.7279817, -29.3036077], [-68.7278261, -29.3037528], [-68.7266191, -29.3051304], [-68.7263831, -29.3054228], [-68.7262785, -29.3056426], [-68.7260639, -29.3063467], [-68.7258466, -29.3072916], [-68.7257125, -29.3079535], [-68.725329, -29.3092212], [-68.7244546, -29.3113308], [-68.7236794, -29.3131925], [-68.7234595, -29.3134942], [-68.7232637, -29.3136766], [-68.7214478, -29.3154377], [-68.7210374, -29.3158984], [-68.7206753, -29.3161299], [-68.7203052, -29.3162679], [-68.7199592, -29.3163919], [-68.7197634, -29.3164948], [-68.7195622, -29.3166912], [-68.7195032, -29.3168245], [-68.7195542, -29.3168947], [-68.7197366, -29.316911], [-68.719978, -29.3169064], [-68.7201657, -29.3169438], [-68.7203562, -29.3170093], [-68.7205037, -29.3170911], [-68.7206593, -29.3172198], [-68.7207451, -29.3173414], [-68.7209087, -29.3176384], [-68.7210026, -29.3178372], [-68.7214237, -29.3186463], [-68.7215578, -29.3190065], [-68.7216193, -29.3191026], [-68.7216731, -29.3191866], [-68.7217804, -29.3193596], [-68.7218341, -29.3195233], [-68.7218716, -29.3197361], [-68.7221586, -29.3200261], [-68.7223732, -29.3202039], [-68.7225851, -29.3203863], [-68.7227353, -29.3205453], [-68.722966, -29.3206856], [-68.7232905, -29.3208376], [-68.723607, -29.3209639], [-68.7237626, -29.3210551], [-68.7239771, -29.3211346], [-68.7241542, -29.3212141], [-68.7243178, -29.3213708], [-68.7244707, -29.3215135], [-68.724645, -29.3216398], [-68.7248301, -29.3217731], [-68.7249776, -29.3219064], [-68.7250581, -29.3220911], [-68.7252673, -29.3225869], [-68.7253746, -29.32294], [-68.7253826, -29.3231247], [-68.7253746, -29.3232978], [-68.7254416, -29.3234498], [-68.7255677, -29.3236112], [-68.7256535, -29.3237772], [-68.7256643, -29.3239315], [-68.7256938, -29.3240742], [-68.7258145, -29.3242168], [-68.72619, -29.3246097], [-68.7266084, -29.3249792], [-68.7267559, -29.3251546], [-68.726823, -29.325358], [-68.7270295, -29.3255849], [-68.7272736, -29.3258421], [-68.7275042, -29.3259964], [-68.7277725, -29.326256], [-68.7278905, -29.3264384], [-68.7279817, -29.3266021], [-68.7280729, -29.3267728], [-68.7280756, -29.3269833], [-68.7280595, -29.3272545], [-68.7280219, -29.3274252], [-68.7279414, -29.327603], [-68.7277054, -29.3277783], [-68.727641, -29.3278999], [-68.7276518, -29.3280332], [-68.7277161, -29.3281501], [-68.7277725, -29.3281922], [-68.7278395, -29.328246], [-68.7279441, -29.3283629], [-68.7280353, -29.3285828], [-68.7281077, -29.3288447], [-68.7282445, -29.329151], [-68.7283465, -29.329331], [-68.7284189, -29.3297262], [-68.7284591, -29.3301822], [-68.7284993, -29.3304909], [-68.728604, -29.3308019], [-68.7287676, -29.3311667], [-68.7290438, -29.3315689], [-68.7293737, -29.331964], [-68.7296339, -29.3322961], [-68.7297466, -29.3323966], [-68.7299236, -29.3324551], [-68.7300175, -29.3325112], [-68.7300819, -29.3326445], [-68.7301087, -29.3328596], [-68.7299638, -29.3331052], [-68.7291645, -29.3338254], [-68.7288373, -29.334141], [-68.728789, -29.3342907], [-68.7287059, -29.3345315], [-68.7287112, -29.3347162], [-68.7287944, -29.334901], [-68.7288373, -29.3350833], [-68.7288105, -29.3352494], [-68.7286361, -29.3354388], [-68.7284833, -29.3356001], [-68.7283384, -29.3358409], [-68.7281373, -29.3361192], [-68.7278663, -29.3364278], [-68.7275633, -29.3366663], [-68.7268149, -29.3371714], [-68.7257957, -29.3379337], [-68.725219, -29.3381838], [-68.7246289, -29.3383779], [-68.724291, -29.338441], [-68.7232905, -29.3384714], [-68.7227326, -29.3385837], [-68.722054, -29.3388011], [-68.7217321, -29.3389227], [-68.7214854, -29.3390981], [-68.7211528, -29.3393997], [-68.7210079, -29.3396288], [-68.7209141, -29.3398416], [-68.7208577, -29.3400474], [-68.7208202, -29.3401526], [-68.7207344, -29.3402157], [-68.720501, -29.3403046], [-68.7201818, -29.3404074], [-68.7200477, -29.3404846], [-68.7199136, -29.3405641], [-68.7196937, -29.3406179], [-68.7193772, -29.3406974], [-68.7191572, -29.3408073], [-68.7189668, -29.3409943], [-68.7188702, -29.341186], [-68.7186986, -29.3413801], [-68.7185001, -29.341504], [-68.7183391, -29.3415438], [-68.7181272, -29.3416326], [-68.7179556, -29.3417261], [-68.717733, -29.3417589], [-68.7175103, -29.3417729], [-68.7172582, -29.3417519], [-68.717108, -29.3417659], [-68.7168747, -29.3418547], [-68.7166708, -29.3418781], [-68.7164884, -29.3419155], [-68.7161773, -29.3420441], [-68.715665, -29.3422382], [-68.7154611, -29.3422592], [-68.7153056, -29.3423808], [-68.714981, -29.3427105], [-68.7147047, -29.3430191], [-68.7144338, -29.3432038], [-68.7141951, -29.343302], [-68.713951, -29.3433722], [-68.713766, -29.3434563], [-68.7137096, -29.3435499], [-68.7137526, -29.3436972], [-68.7137955, -29.3438374], [-68.7137204, -29.343966], [-68.7134817, -29.3441087], [-68.7133207, -29.3442232], [-68.7130284, -29.3444173], [-68.7126663, -29.3445389], [-68.7123793, -29.3445693], [-68.7122049, -29.3445763], [-68.7120976, -29.3445225], [-68.711926, -29.3445061], [-68.7116765, -29.3445412], [-68.7115397, -29.3445903], [-68.71136, -29.3446651], [-68.7109443, -29.344789], [-68.7103703, -29.3449878], [-68.7100484, -29.3451164], [-68.7098178, -29.3451655], [-68.7096032, -29.3452426], [-68.7092599, -29.3452753], [-68.7086188, -29.3453408], [-68.7084016, -29.3453969], [-68.7081709, -29.345411], [-68.7079295, -29.3453712], [-68.7064704, -29.3455699], [-68.7059822, -29.3455606], [-68.7057059, -29.3455068], [-68.7054511, -29.3455419], [-68.7050649, -29.3456892], [-68.7043514, -29.3457733], [-68.7034797, -29.3459744], [-68.7029379, -29.3461428], [-68.7026268, -29.3462971], [-68.7021976, -29.3465168], [-68.7019643, -29.3467273], [-68.7018087, -29.3468909], [-68.7016317, -29.3470405], [-68.7014117, -29.3471037], [-68.7006446, -29.3473515], [-68.6997541, -29.3476554], [-68.6993813, -29.3478284], [-68.6988341, -29.3480131], [-68.6983808, -29.3481698], [-68.6981662, -29.3483545], [-68.6978766, -29.3486023], [-68.6976566, -29.3486771], [-68.6974984, -29.3486608], [-68.6972436, -29.3487332], [-68.696801, -29.3488759], [-68.6964845, -29.3489694], [-68.6962753, -29.3491424], [-68.6960768, -29.349278], [-68.6959159, -29.3493996], [-68.6957979, -29.3495702], [-68.6957388, -29.34979], [-68.6955886, -29.3500331], [-68.6954974, -29.3502365], [-68.6954921, -29.3504142], [-68.6954223, -29.3505825], [-68.6953499, -29.3509099], [-68.6952507, -29.3511226], [-68.6950871, -29.351347], [-68.6950173, -29.3515691], [-68.6948671, -29.3518754], [-68.6948242, -29.352004], [-68.6946566, -29.3520613], [-68.6943025, -29.3521711], [-68.6940209, -29.3523371], [-68.6938814, -29.3524844], [-68.6936293, -29.3526247], [-68.6934523, -29.352765], [-68.6932296, -29.3529426], [-68.6930875, -29.3532021], [-68.6928917, -29.3533237], [-68.6926261, -29.3533868], [-68.6924196, -29.3534242], [-68.6922855, -29.3535061], [-68.6922211, -29.3535785], [-68.6921192, -29.3537001]]}, "properties": {"osm_id": 458940659, "nombre": "", "highway": "unclassified", "surface": "ground"}}, {"type": "Feature", "geometry": {"type": "LineString", "coordinates": [[-68.758298, -29.2207605], [-68.7587131, -29.2205164], [-68.7590028, -29.2203081], [-68.7591851, -29.2202215], [-68.7595204, -29.2201232], [-68.7601615, -29.2199148], [-68.7611217, -29.2193764], [-68.761913, -29.2188474], [-68.7624816, -29.2184447], [-68.7628303, -29.2180936], [-68.7628759, -29.2180046], [-68.7627793, -29.217911], [-68.762664, -29.217918], [-68.7624574, -29.2179742], [-68.7621007, -29.2180725], [-68.7616957, -29.2182762], [-68.7609849, -29.2185009], [-68.7605692, -29.2186554], [-68.7603063, -29.2187163], [-68.7601025, -29.218721], [-68.7599147, -29.2187256], [-68.7596733, -29.2188076], [-68.7594507, -29.2188731], [-68.7592468, -29.2189621], [-68.759102, -29.219051], [-68.7590135, -29.2191774], [-68.7588552, -29.2193647], [-68.7587191, -29.2195362]]}, "properties": {"osm_id": 458940660, "nombre": "", "highway": "unclassified", "surface": "ground"}}, {"type": "Feature", "geometry": {"type": "LineString", "coordinates": [[-68.6255295, -29.3933356], [-68.625764, -29.3930804], [-68.6263622, -29.3924775], [-68.6267565, -29.3920942], [-68.6271561, -29.3917367], [-68.6275799, -29.3914703], [-68.627773, -29.3912599], [-68.6279071, -29.3911805], [-68.6281485, -29.3911454], [-68.6284033, -29.3911197], [-68.628744, -29.3910286], [-68.6291302, -29.3907879], [-68.6294709, -29.390442], [-68.6297069, -29.3902527], [-68.6300609, -29.3900681], [-68.6303104, -29.3899115], [-68.6305411, -29.38979], [-68.6311445, -29.3895376], [-68.6313752, -29.3892571], [-68.6314798, -29.3889673], [-68.631563, -29.3887827], [-68.6316703, -29.3885957], [-68.6318151, -29.3884625], [-68.6321638, -29.3882078], [-68.6325634, -29.3879016], [-68.6328907, -29.3876212], [-68.6332179, -29.3874132], [-68.6334405, -29.387308], [-68.633631, -29.3872216]]}, "properties": {"osm_id": 458940661, "nombre": "", "highway": "unclassified", "surface": "ground"}}, {"type": "Feature", "geometry": {"type": "LineString", "coordinates": [[-68.6263414, -29.3507783], [-68.6262294, -29.3509438], [-68.6261851, -29.3510162]]}, "properties": {"osm_id": 458940662, "nombre": "", "highway": "unclassified", "surface": "unpaved"}}, {"type": "Feature", "geometry": {"type": "LineString", "coordinates": [[-68.709638, -29.2197041], [-68.7096723, -29.2193853], [-68.7099551, -29.2184325]]}, "properties": {"osm_id": 458940663, "nombre": "", "highway": "unclassified", "surface": "unpaved"}}, {"type": "Feature", "geometry": {"type": "LineString", "coordinates": [[-68.7007526, -29.2159053], [-68.7005541, -29.2152592], [-68.7002349, -29.2145874], [-68.6990145, -29.2124172]]}, "properties": {"osm_id": 458940664, "nombre": "", "highway": "unclassified", "surface": "unpaved"}}, {"type": "Feature", "geometry": {"type": "LineString", "coordinates": [[-68.6095387, -29.4228095], [-68.60919, -29.4227418], [-68.6084926, -29.4226249]]}, "properties": {"osm_id": 458940665, "nombre": "", "highway": "unclassified", "surface": "ground"}}, {"type": "Feature", "geometry": {"type": "LineString", "coordinates": [[-68.7289687, -29.1585706], [-68.7290277, -29.1584441], [-68.7291243, -29.1583223], [-68.7292798, -29.1581068], [-68.7293121, -29.1577836], [-68.7293227, -29.1574416], [-68.7294944, -29.1569216], [-68.729648, -29.1565463], [-68.7300684, -29.155994], [-68.7303078, -29.155703], [-68.7305029, -29.1555021], [-68.7307638, -29.1551455], [-68.7309623, -29.1547801], [-68.731193, -29.1542929], [-68.7316221, -29.1537167], [-68.7318474, -29.1535246], [-68.7320298, -29.1531685], [-68.7322336, -29.1529296], [-68.7325072, -29.1524471], [-68.7327379, -29.1517631], [-68.7330222, -29.1514164], [-68.7334782, -29.1507933], [-68.7338322, -29.1503014], [-68.7338698, -29.1499453], [-68.733843, -29.1496595], [-68.7338913, -29.1491676], [-68.7340576, -29.148774], [-68.7344921, -29.1482915], [-68.7348086, -29.1479495], [-68.7350982, -29.1474997], [-68.7352645, -29.1471811], [-68.7354738, -29.1467829], [-68.7356742, -29.1463852], [-68.7360156, -29.1457193], [-68.7362945, -29.1454195], [-68.7367666, -29.1450259], [-68.7374499, -29.1442347]]}, "properties": {"osm_id": 458940666, "nombre": "", "highway": "unclassified", "surface": "unpaved"}}, {"type": "Feature", "geometry": {"type": "LineString", "coordinates": [[-68.7060237, -29.2296662], [-68.7059212, -29.229398], [-68.7058568, -29.2291967], [-68.7057522, -29.2289462], [-68.7056288, -29.2285787], [-68.7055034, -29.2282726], [-68.7054142, -29.227928], [-68.7051997, -29.2273171], [-68.7049744, -29.2269355], [-68.70469, -29.2264112], [-68.7045103, -29.2259969], [-68.7042743, -29.2257464], [-68.7040946, -29.225517], [-68.7039095, -29.225208], [-68.7037084, -29.2248148], [-68.7034509, -29.2244566], [-68.7033704, -29.2241149], [-68.7032095, -29.2235367], [-68.7030029, -29.2228111], [-68.7028447, -29.2223312], [-68.7026086, -29.2218162], [-68.7023324, -29.2213761], [-68.7020749, -29.2208283], [-68.701914, -29.2204163], [-68.7016243, -29.2196158], [-68.7015116, -29.2192365], [-68.7014097, -29.2187777], [-68.7012702, -29.2182487], [-68.7012011, -29.2177436], [-68.7010261, -29.2170852], [-68.7009564, -29.2168347], [-68.7009215, -29.2167247], [-68.7008518, -29.2163103], [-68.7007526, -29.2159053]]}, "properties": {"osm_id": 458940667, "nombre": "", "highway": "unclassified", "surface": "ground"}}, {"type": "Feature", "geometry": {"type": "LineString", "coordinates": [[-68.7099551, -29.2184325], [-68.7095902, -29.2180572], [-68.7094717, -29.217836], [-68.7093188, -29.2175692], [-68.7092035, -29.2173936], [-68.7090265, -29.2172133], [-68.7087605, -29.2169877], [-68.7084632, -29.2168271], [-68.7082567, -29.2166726], [-68.7082164, -29.2164712], [-68.7081199, -29.216305], [-68.7080206, -29.2161552], [-68.707967, -29.2159867], [-68.7079589, -29.2157198], [-68.7079563, -29.2154529], [-68.7078704, -29.2152563], [-68.7076719, -29.2150081], [-68.7074895, -29.2147717], [-68.707401, -29.2144861], [-68.7073742, -29.2143245], [-68.7072481, -29.214163], [-68.7070819, -29.2139781], [-68.7069209, -29.213854], [-68.7067441, -29.2137688], [-68.7065669, -29.2137884], [-68.706414, -29.213854], [-68.7062101, -29.2138821], [-68.7058239, -29.2138751], [-68.7055691, -29.2139359], [-68.7053438, -29.2139383], [-68.7051748, -29.2139172], [-68.7049964, -29.2138529], [-68.7047802, -29.2133836], [-68.7045961, -29.212649], [-68.7045347, -29.2123633]]}, "properties": {"osm_id": 458940668, "nombre": "", "highway": "unclassified", "surface": "unpaved"}}, {"type": "Feature", "geometry": {"type": "LineString", "coordinates": [[-68.6831861, -29.2982607], [-68.6829689, -29.298001], [-68.6827945, -29.2976969], [-68.6824405, -29.2972198], [-68.6821615, -29.2969297], [-68.6817862, -29.2964667], [-68.6815795, -29.2962116], [-68.6808392, -29.295304], [-68.6799836, -29.2942397], [-68.6799353, -29.294097], [-68.6800023, -29.2939823], [-68.6801552, -29.2939075], [-68.6804744, -29.2938139], [-68.6807802, -29.2937671], [-68.680976, -29.2937297], [-68.6810779, -29.2936268], [-68.6810994, -29.2934981], [-68.6810779, -29.2933437], [-68.6810189, -29.2931262], [-68.680756, -29.2924057], [-68.6806085, -29.2921437], [-68.6805119, -29.2919425], [-68.680461, -29.2917671], [-68.6803912, -29.2916571], [-68.6802089, -29.2914677], [-68.6799326, -29.2913133], [-68.6797636, -29.2911215], [-68.6796295, -29.2909179], [-68.6795061, -29.2906208], [-68.6793532, -29.290429], [-68.6791413, -29.2902863], [-68.6789482, -29.2902208], [-68.6788114, -29.2902325], [-68.6787175, -29.2903963], [-68.6786505, -29.2905811], [-68.6784386, -29.2907238], [-68.6782482, -29.2908033]]}, "properties": {"osm_id": 458940669, "nombre": "", "highway": "unclassified", "surface": "ground"}}, {"type": "Feature", "geometry": {"type": "LineString", "coordinates": [[-68.7286268, -29.2722289], [-68.7290385, -29.2721458], [-68.7296393, -29.2718838], [-68.7301435, -29.2715843], [-68.7304761, -29.2713316], [-68.730633, -29.2712204], [-68.7307859, -29.2710496], [-68.7307993, -29.2708625], [-68.7309013, -29.2707244], [-68.7311212, -29.2704951], [-68.7318695, -29.2698634], [-68.7324355, -29.2693557], [-68.7326179, -29.2691287], [-68.7326876, -29.2689602], [-68.7328164, -29.2685789], [-68.7329075, -29.268167], [-68.732988, -29.2679424], [-68.733334, -29.267437], [-68.7339107, -29.2665409], [-68.7340475, -29.2663233], [-68.7340609, -29.266094], [-68.7343157, -29.2656237], [-68.7344766, -29.2651674], [-68.7345571, -29.2649334], [-68.734592, -29.264793], [-68.7346671, -29.2646526], [-68.7348253, -29.2644514], [-68.7349004, -29.264318], [-68.7348602, -29.2641402], [-68.7348924, -29.2639764], [-68.735005, -29.2637307], [-68.7351847, -29.2634499], [-68.7354288, -29.2632019], [-68.7357373, -29.2628907], [-68.735866, -29.2627362], [-68.7359438, -29.2625256], [-68.7360726, -29.2624297], [-68.7362871, -29.2622636], [-68.7363756, -29.262198]]}, "properties": {"osm_id": 458940670, "nombre": "", "highway": "unclassified", "surface": "ground"}}, {"type": "Feature", "geometry": {"type": "LineString", "coordinates": [[-68.7065736, -29.2312523], [-68.7064657, -29.2309475], [-68.7063879, -29.2306947], [-68.7060955, -29.2298427]]}, "properties": {"osm_id": 458940671, "nombre": "", "highway": "unclassified", "surface": "unpaved"}}, {"type": "Feature", "geometry": {"type": "LineString", "coordinates": [[-68.7283572, -29.161639], [-68.7284698, -29.1614797], [-68.7285985, -29.1612595], [-68.7287595, -29.1609643]]}, "properties": {"osm_id": 458940672, "nombre": "", "highway": "unclassified", "surface": "unpaved"}}, {"type": "Feature", "geometry": {"type": "LineString", "coordinates": [[-68.6921192, -29.3537001], [-68.6919797, -29.3537445], [-68.6917759, -29.3537609], [-68.6913628, -29.3539105], [-68.6908773, -29.3540227], [-68.6905099, -29.3540274], [-68.6902014, -29.3539993], [-68.6899734, -29.3539386], [-68.6896972, -29.3538988], [-68.6895094, -29.3538544], [-68.6892251, -29.3538638], [-68.6890669, -29.3539128], [-68.688804, -29.3539012], [-68.6885438, -29.35399], [-68.6883051, -29.3541162], [-68.6881308, -29.3542846], [-68.6879564, -29.3544599], [-68.6877231, -29.3545908], [-68.6874388, -29.3546633], [-68.6870123, -29.3547358], [-68.6866931, -29.3548947], [-68.6864624, -29.355028], [-68.6861754, -29.3551122], [-68.685993, -29.3551823], [-68.6857624, -29.3552524], [-68.6856068, -29.3553132], [-68.6854137, -29.3554067], [-68.6851321, -29.3555096], [-68.684947, -29.3555376], [-68.6848102, -29.3555446], [-68.6846224, -29.3555587], [-68.6844481, -29.3555844], [-68.6842067, -29.3556031], [-68.6840243, -29.3555844], [-68.6838741, -29.3555891], [-68.6837239, -29.3556078], [-68.683512, -29.3556522], [-68.683284, -29.3556569], [-68.682997, -29.3557293], [-68.682769, -29.3557527]]}, "properties": {"osm_id": 458940673, "nombre": "", "highway": "track", "surface": "ground"}}, {"type": "Feature", "geometry": {"type": "LineString", "coordinates": [[-68.747052, -29.2348939], [-68.7466103, -29.2350494], [-68.7464091, -29.2351618], [-68.7462509, -29.2353279], [-68.7459639, -29.2355737], [-68.7458083, -29.2357633], [-68.745693, -29.2359669], [-68.7455106, -29.2363835], [-68.7453175, -29.236765], [-68.7451944, -29.2370178], [-68.7450439, -29.2371184], [-68.74484, -29.2372097], [-68.7445879, -29.2373572], [-68.7443948, -29.2373736], [-68.7443251, -29.2373681], [-68.744258, -29.2373993], [-68.7441641, -29.2374789], [-68.7440515, -29.2376427], [-68.7439013, -29.2377387], [-68.743751, -29.2378908], [-68.743633, -29.2380663], [-68.7435418, -29.2382349], [-68.7434453, -29.2383893], [-68.7433353, -29.2384993], [-68.743287, -29.2386327], [-68.7432522, -29.2388317], [-68.7431797, -29.2389955], [-68.7430161, -29.2391336], [-68.7429973, -29.2392951], [-68.7429652, -29.2394308], [-68.7428981, -29.2395479], [-68.7427962, -29.2396391], [-68.742705, -29.2397374], [-68.7426406, -29.239817], [-68.7426916, -29.2399364], [-68.7428337, -29.2401026], [-68.742874, -29.2402102], [-68.742831, -29.2404021], [-68.7426943, -29.2405753], [-68.7425347, -29.2408515]]}, "properties": {"osm_id": 458940674, "nombre": "", "highway": "unclassified", "surface": "ground"}}, {"type": "Feature", "geometry": {"type": "LineString", "coordinates": [[-68.7264589, -29.2699213], [-68.7265018, -29.2696499], [-68.7266117, -29.2694908], [-68.7266547, -29.2694136], [-68.7266889, -29.2693054], [-68.7267666, -29.2692328], [-68.7268692, -29.2690836], [-68.7269175, -29.2689807], [-68.7270328, -29.2688029], [-68.7271884, -29.2684542], [-68.7273225, -29.268136], [-68.727513, -29.2677523], [-68.7276498, -29.2675745], [-68.7277436, -29.2673686], [-68.7277785, -29.2670106], [-68.7277892, -29.2667883], [-68.7278, -29.266545], [-68.7278268, -29.2663227], [-68.7278134, -29.2661495], [-68.7277463, -29.2659436], [-68.7276498, -29.265726], [-68.7276578, -29.2654499], [-68.7276605, -29.2651902], [-68.7276149, -29.2648556], [-68.7275264, -29.2645608], [-68.7272367, -29.2639992], [-68.727116, -29.2635031], [-68.7271294, -29.2632598], [-68.727285, -29.2630071], [-68.7273621, -29.2628287], [-68.7274077, -29.2626766], [-68.7275204, -29.2624425], [-68.7275552, -29.2623419], [-68.7276571, -29.2621641], [-68.7277376, -29.2619629], [-68.7279227, -29.2617312], [-68.7281399, -29.2614574], [-68.728266, -29.2612562], [-68.7284571, -29.2609666], [-68.729023, -29.260391], [-68.7296721, -29.2596937], [-68.7299699, -29.2590478]]}, "properties": {"osm_id": 458940675, "nombre": "", "highway": "unclassified", "surface": "unpaved"}}, {"type": "Feature", "geometry": {"type": "LineString", "coordinates": [[-68.5657649, -29.5171934], [-68.5658908, -29.516984], [-68.5660166, -29.5168497], [-68.5663326, -29.5167328], [-68.5672864, -29.5164093], [-68.567819, -29.5161729], [-68.5683315, -29.5159147], [-68.5746187, -29.5125059], [-68.5810765, -29.5090046], [-68.5812665, -29.5087615], [-68.581367, -29.5085086], [-68.5829983, -29.5016434], [-68.5833832, -29.4999347], [-68.5836311, -29.4988346], [-68.5836687, -29.4986677], [-68.5846296, -29.494661], [-68.5858921, -29.4892926], [-68.5873447, -29.484595], [-68.5934333, -29.4575519], [-68.5961195, -29.4517181], [-68.5960773, -29.451352], [-68.5958434, -29.4510342], [-68.5955689, -29.4506612], [-68.5956806, -29.4503353], [-68.5959432, -29.4499559], [-68.5989041, -29.4467256], [-68.5993789, -29.4462927], [-68.599608, -29.4458451], [-68.5997867, -29.4443905], [-68.6016055, -29.421498], [-68.6016672, -29.4207209], [-68.6017778, -29.4200465], [-68.6038636, -29.4167432], [-68.6103579, -29.4116641], [-68.6160779, -29.4080853], [-68.623821, -29.397896], [-68.6254305, -29.3935997], [-68.6255295, -29.3933356], [-68.6257325, -29.3927936], [-68.6257647, -29.3925926], [-68.6257111, -29.3923589], [-68.6256199, -29.3921532], [-68.6253141, -29.3918962], [-68.6249815, -29.3917373], [-68.6248528, -29.3916344], [-68.6247937, -29.391541], [-68.6247455, -29.3913634], [-68.6243699, -29.3878502]]}, "properties": {"osm_id": 458940676, "nombre": "", "highway": "unclassified", "surface": "unpaved"}}, {"type": "Feature", "geometry": {"type": "LineString", "coordinates": [[-68.6355695, -29.3469242], [-68.635371, -29.3467021], [-68.6352074, -29.3465431], [-68.635068, -29.3463561], [-68.6350224, -29.3462065], [-68.6350492, -29.345975], [-68.6350572, -29.3456617], [-68.6350626, -29.3453788], [-68.634966, -29.3450281], [-68.6349285, -29.3446634], [-68.6349928, -29.3444787], [-68.635186, -29.3441934], [-68.6354113, -29.3439619], [-68.6356419, -29.3437913], [-68.6357546, -29.3436019], [-68.6358163, -29.3433166], [-68.6358431, -29.343015], [-68.6358699, -29.3427578], [-68.6358968, -29.3423697], [-68.6358592, -29.3421827], [-68.6358592, -29.3420284], [-68.6359611, -29.3418039], [-68.6361435, -29.341383], [-68.6362562, -29.3411399], [-68.6362723, -29.3408266], [-68.6362669, -29.3406068], [-68.6364064, -29.3403309], [-68.6365834, -29.3401111], [-68.636739, -29.3399053], [-68.6368248, -29.339765], [-68.6369482, -29.339606], [-68.6371413, -29.3394938], [-68.6373398, -29.3393068], [-68.6374524, -29.3391852], [-68.6374578, -29.3390683], [-68.6374632, -29.3389654], [-68.6375651, -29.3388438], [-68.6376992, -29.3387924], [-68.6378923, -29.3388157], [-68.6381284, -29.3388017], [-68.6382517, -29.3387316], [-68.6384127, -29.3385866], [-68.638638, -29.3384603], [-68.6388593, -29.3382932]]}, "properties": {"osm_id": 458940677, "nombre": "", "highway": "unclassified", "surface": "ground"}}, {"type": "Feature", "geometry": {"type": "LineString", "coordinates": [[-68.7420586, -29.243674], [-68.74219, -29.2435734], [-68.7424582, -29.2434681], [-68.7427291, -29.2434119], [-68.7429491, -29.2433744]]}, "properties": {"osm_id": 458940678, "nombre": "", "highway": "unclassified", "surface": "ground"}}, {"type": "Feature", "geometry": {"type": "LineString", "coordinates": [[-68.7197688, -29.1702018], [-68.7202334, -29.169864], [-68.7203085, -29.1692504], [-68.7204963, -29.1686227], [-68.7206706, -29.1683698], [-68.7209255, -29.1681356], [-68.7212634, -29.167714], [-68.7217408, -29.167105], [-68.7224754, -29.1664488], [-68.7229035, -29.1660343], [-68.7232482, -29.1658028], [-68.7241817, -29.1653906], [-68.7246108, -29.1651002], [-68.7254101, -29.1647207], [-68.726145, -29.1642617]]}, "properties": {"osm_id": 458940679, "nombre": "", "highway": "unclassified", "surface": "unpaved"}}, {"type": "Feature", "geometry": {"type": "LineString", "coordinates": [[-68.7304842, -29.2576901], [-68.7303876, -29.2580177], [-68.7302454, -29.2584295], [-68.7300416, -29.2588507], [-68.7299699, -29.2590478]]}, "properties": {"osm_id": 458940680, "nombre": "", "highway": "unclassified", "surface": "ground"}}, {"type": "Feature", "geometry": {"type": "LineString", "coordinates": [[-68.6084926, -29.4226249], [-68.6085919, -29.4225128], [-68.6085838, -29.4224684], [-68.6085624, -29.422403], [-68.6085007, -29.4223493], [-68.6083371, -29.4223376], [-68.6081734, -29.4223703], [-68.6080232, -29.422438], [-68.6079186, -29.4224894], [-68.6078167, -29.4224988], [-68.6076853, -29.4224567], [-68.6075404, -29.4223983], [-68.6073956, -29.4223142], [-68.6072105, -29.4222161], [-68.6070201, -29.4221951], [-68.6068806, -29.4222652], [-68.6067867, -29.4222979], [-68.606717, -29.4222955], [-68.6066178, -29.4222582], [-68.6065266, -29.4221647], [-68.6064354, -29.4220806], [-68.6063334, -29.4220596], [-68.6062798, -29.4221413], [-68.6062637, -29.4222254], [-68.6061403, -29.4222371], [-68.6060277, -29.4222021], [-68.6058882, -29.4221834], [-68.6057648, -29.4221577], [-68.6055905, -29.4221647], [-68.6054537, -29.4221857], [-68.6052981, -29.4221577], [-68.6051077, -29.4220899], [-68.6043278, -29.4219539], [-68.603949, -29.4218879], [-68.6035238, -29.4218236], [-68.6027312, -29.4216846], [-68.6024013, -29.4216367], [-68.6020379, -29.4215666], [-68.6017482, -29.4215164], [-68.6016055, -29.421498], [-68.6015759, -29.4214924], [-68.6005674, -29.4213242], [-68.5991109, -29.4210836], [-68.5959835, -29.4205649], [-68.5925891, -29.4199995], [-68.5902704, -29.4196117], [-68.587151, -29.4191047], [-68.583884, -29.418565], [-68.5830574, -29.4184287], [-68.5818858, -29.4182356], [-68.5797615, -29.4178781], [-68.5787342, -29.4177193]]}, "properties": {"osm_id": 458940681, "nombre": "", "highway": "unclassified", "surface": "ground"}}, {"type": "Feature", "geometry": {"type": "LineString", "coordinates": [[-68.740932, -29.2438378], [-68.7410092, -29.2437378], [-68.7410481, -29.2436254], [-68.7410762, -29.2434675], [-68.7410936, -29.2433633], [-68.7411325, -29.2430439], [-68.7411513, -29.2428695], [-68.7411929, -29.2427443], [-68.7412747, -29.2426249], [-68.7414544, -29.2425079], [-68.7414779, -29.2424324], [-68.7415235, -29.242189], [-68.741561, -29.2419842], [-68.7416187, -29.2418122], [-68.7415838, -29.2416578], [-68.741565, -29.2415279], [-68.7415771, -29.241446], [-68.7416576, -29.2413278], [-68.7416723, -29.2412318], [-68.7416589, -29.2411429], [-68.7417085, -29.2410762], [-68.7418333, -29.2410738], [-68.7419647, -29.2410551], [-68.7420613, -29.2410446], [-68.7422128, -29.2410668], [-68.742355, -29.2410188], [-68.7424622, -29.2409439], [-68.7425347, -29.2408515], [-68.7426996, -29.2406923], [-68.7428284, -29.2405613], [-68.7429678, -29.2404536], [-68.743059, -29.2403366], [-68.7431315, -29.2402243], [-68.7431502, -29.2401517], [-68.7430993, -29.2400604], [-68.7430778, -29.2399574], [-68.7430966, -29.2398568], [-68.7432012, -29.2397398], [-68.7432951, -29.2396134], [-68.743566, -29.2393419], [-68.7439227, -29.2389604], [-68.7441829, -29.2385906], [-68.7443948, -29.2382091], [-68.7445986, -29.2378042], [-68.7447408, -29.2375725], [-68.7449752, -29.2372836], [-68.7450922, -29.2371395], [-68.7451944, -29.2370178], [-68.7452987, -29.2368938], [-68.745532, -29.2366691], [-68.7458029, -29.2364116], [-68.7459531, -29.236229], [-68.7465593, -29.2354918], [-68.746857, -29.2350986], [-68.747052, -29.2348939]]}, "properties": {"osm_id": 458940682, "nombre": "", "highway": "unclassified", "surface": "ground"}}, {"type": "Feature", "geometry": {"type": "LineString", "coordinates": [[-68.6990145, -29.2124172], [-68.6985391, -29.2116579], [-68.6979006, -29.2102939], [-68.6978564, -29.2096271], [-68.6978779, -29.2090512], [-68.69791, -29.2076559], [-68.6979744, -29.2067147], [-68.6980924, -29.2060686], [-68.6982963, -29.2056518], [-68.6984036, -29.2054036], [-68.6986289, -29.2051321], [-68.6990011, -29.2046879], [-68.699176, -29.2044999], [-68.6998412, -29.2035166], [-68.7007103, -29.2026597], [-68.7012574, -29.2019854], [-68.7015096, -29.2018824], [-68.7017724, -29.2017934], [-68.7020836, -29.2017419], [-68.7024376, -29.2016061], [-68.7025395, -29.2014422], [-68.7027166, -29.2010489], [-68.702856, -29.2006134], [-68.7030599, -29.2003418], [-68.7033013, -29.2001264], [-68.7035695, -29.199527], [-68.7037787, -29.1992741], [-68.7040469, -29.1990821], [-68.7042079, -29.198951], [-68.7044546, -29.1988761], [-68.7048999, -29.1987309], [-68.7052164, -29.1983844], [-68.7059137, -29.1979442], [-68.706359, -29.1975836], [-68.7067828, -29.1974104], [-68.7070135, -29.1973401], [-68.707228, -29.1971856], [-68.7074319, -29.1970872], [-68.707743, -29.1971434], [-68.7080488, -29.1971762], [-68.7083277, -29.1971247], [-68.708655, -29.1969608], [-68.7091324, -29.1969421], [-68.7094918, -29.1969795], [-68.7098298, -29.1968718], [-68.7100551, -29.1968531], [-68.7102643, -29.196928], [-68.7104467, -29.1971013], [-68.7106137, -29.1973669], [-68.7107578, -29.19749], [-68.7110421, -29.1976398], [-68.7115196, -29.1977101], [-68.7117824, -29.1977428], [-68.7120691, -29.1978073], [-68.7124094, -29.1981684]]}, "properties": {"osm_id": 458940683, "nombre": "", "highway": "unclassified", "surface": "unpaved"}}, {"type": "Feature", "geometry": {"type": "LineString", "coordinates": [[-68.7329344, -29.2629866], [-68.7327225, -29.2629258], [-68.7326581, -29.2628392], [-68.7326501, -29.2626964], [-68.7326501, -29.2625514], [-68.7325964, -29.262432], [-68.7325025, -29.2623899], [-68.7323872, -29.2624625], [-68.7322289, -29.2625795], [-68.7321002, -29.2627081], [-68.7319822, -29.2628743], [-68.7318722, -29.2629936], [-68.731773, -29.2630708], [-68.7317327, -29.26301], [-68.731781, -29.2628322], [-68.7318481, -29.2626333], [-68.7319607, -29.2623806], [-68.7319768, -29.2622168], [-68.7319715, -29.2620436], [-68.7319634, -29.2619243], [-68.7320868, -29.2616037], [-68.732355, -29.261241], [-68.7325642, -29.2609555], [-68.7326474, -29.2608128], [-68.7327547, -29.2606771], [-68.7330282, -29.2604127], [-68.7332053, -29.2602161], [-68.7333716, -29.2599798], [-68.7335084, -29.259816], [-68.7336103, -29.2596147], [-68.7337283, -29.2593807], [-68.7338758, -29.2592427], [-68.7339724, -29.2591467], [-68.734018, -29.259018], [-68.7341226, -29.2588566], [-68.734305, -29.2586226], [-68.7344069, -29.2584658], [-68.7346403, -29.2581241], [-68.7347797, -29.2578503], [-68.7348924, -29.2576725], [-68.7350453, -29.2574572], [-68.7351982, -29.2572958], [-68.7352518, -29.2571577], [-68.7352947, -29.2569167], [-68.7353779, -29.2567833], [-68.7354771, -29.2566639], [-68.7354851, -29.2565118], [-68.7354556, -29.2563597], [-68.7353323, -29.2562217], [-68.7352411, -29.256114], [-68.7351257, -29.2560134], [-68.7349353, -29.2559479], [-68.7347985, -29.2558707], [-68.734777, -29.2557162], [-68.7347341, -29.255426], [-68.734828, -29.2551803], [-68.7349165, -29.2548434], [-68.7349702, -29.2546632]]}, "properties": {"osm_id": 458940684, "nombre": "", "highway": "unclassified", "surface": "ground"}}, {"type": "Feature", "geometry": {"type": "LineString", "coordinates": [[-68.6388593, -29.3382932], [-68.6388727, -29.3381342], [-68.6388512, -29.3379845], [-68.6388941, -29.337877], [-68.6395164, -29.3372269], [-68.6397605, -29.3371615]]}, "properties": {"osm_id": 458940685, "nombre": "", "highway": "unclassified", "surface": "ground"}}, {"type": "Feature", "geometry": {"type": "LineString", "coordinates": [[-68.6010953, -29.3579447], [-68.6011521, -29.3578579], [-68.6011494, -29.357755], [-68.6011293, -29.357686], [-68.6010958, -29.3576182], [-68.6011145, -29.3575598]]}, "properties": {"osm_id": 458940686, "nombre": "", "highway": "unclassified", "surface": "ground"}}, {"type": "Feature", "geometry": {"type": "LineString", "coordinates": [[-68.7444565, -29.2412283], [-68.7444833, -29.2409709], [-68.7444511, -29.240807], [-68.7444699, -29.2406081], [-68.7445316, -29.2404232], [-68.7445772, -29.2402617]]}, "properties": {"osm_id": 458940687, "nombre": "", "highway": "unclassified", "surface": "ground"}}, {"type": "Feature", "geometry": {"type": "LineString", "coordinates": [[-68.7178785, -29.1934457], [-68.7183398, -29.1930711], [-68.7184578, -29.1928603], [-68.7185061, -29.192495], [-68.7185195, -29.1921164], [-68.7185692, -29.1913483], [-68.7187895, -29.1895705], [-68.7188977, -29.1881303], [-68.7189782, -29.1871422], [-68.7187958, -29.1866364], [-68.7183291, -29.184955], [-68.717503, -29.181892], [-68.7174019, -29.1812689]]}, "properties": {"osm_id": 458940688, "nombre": "", "highway": "unclassified", "surface": "unpaved"}}, {"type": "Feature", "geometry": {"type": "LineString", "coordinates": [[-68.7449752, -29.2372836], [-68.7447783, -29.2373712], [-68.7446496, -29.2374695], [-68.7445343, -29.2375093], [-68.7443921, -29.2374602], [-68.7443251, -29.2373681]]}, "properties": {"osm_id": 458940689, "nombre": "", "highway": "unclassified", "surface": "ground"}}, {"type": "Feature", "geometry": {"type": "LineString", "coordinates": [[-68.6261851, -29.3510162], [-68.6260631, -29.3512103], [-68.6257721, -29.3515352], [-68.6255173, -29.3518883], [-68.6251619, -29.3522354], [-68.6249004, -29.3524155], [-68.6246368, -29.3527527]]}, "properties": {"osm_id": 458940690, "nombre": "", "highway": "unclassified", "surface": "unpaved"}}, {"type": "Feature", "geometry": {"type": "LineString", "coordinates": [[-68.7259868, -29.2715895], [-68.7261665, -29.2710841], [-68.7262362, -29.2708361], [-68.7262899, -29.2706489], [-68.7263516, -29.2704056], [-68.7263972, -29.2701763], [-68.7264589, -29.2699213]]}, "properties": {"osm_id": 458940691, "nombre": "", "highway": "unclassified", "surface": "unpaved"}}, {"type": "Feature", "geometry": {"type": "LineString", "coordinates": [[-68.7128235, -29.2026181], [-68.7125993, -29.2020515], [-68.712582, -29.201693], [-68.7127939, -29.2005757], [-68.7127377, -29.1994687], [-68.7126465, -29.1989702], [-68.7125797, -29.1986053], [-68.7124094, -29.1981684]]}, "properties": {"osm_id": 458940692, "nombre": "", "highway": "track", "surface": ""}}, {"type": "Feature", "geometry": {"type": "LineString", "coordinates": [[-68.7288051, -29.2859281], [-68.7288963, -29.2860194], [-68.7289956, -29.2860802], [-68.7292128, -29.2860989], [-68.7294247, -29.2860942], [-68.72965, -29.2860919], [-68.7300819, -29.2862814]]}, "properties": {"osm_id": 458940693, "nombre": "", "highway": "unclassified", "surface": "ground"}}, {"type": "Feature", "geometry": {"type": "LineString", "coordinates": [[-68.726145, -29.1642617], [-68.7264957, -29.1639765], [-68.7266225, -29.1637136], [-68.7268531, -29.1633716], [-68.7272575, -29.1630865], [-68.7273916, -29.1628241], [-68.7276222, -29.1625056], [-68.7280246, -29.1621449], [-68.7283572, -29.161639]]}, "properties": {"osm_id": 458940694, "nombre": "", "highway": "unclassified", "surface": "unpaved"}}, {"type": "Feature", "geometry": {"type": "LineString", "coordinates": [[-68.7146625, -29.1961009], [-68.7147932, -29.1958861], [-68.7149649, -29.1957034], [-68.7157756, -29.1950847], [-68.7167412, -29.1944385], [-68.7171704, -29.194106], [-68.7175191, -29.1937829], [-68.7178785, -29.1934457]]}, "properties": {"osm_id": 458940695, "nombre": "", "highway": "unclassified", "surface": "unpaved"}}, {"type": "Feature", "geometry": {"type": "LineString", "coordinates": [[-68.7277785, -29.2670106], [-68.7280876, -29.2668661], [-68.728329, -29.2666789], [-68.7284739, -29.2665105], [-68.7286133, -29.2663279], [-68.7287582, -29.2661548], [-68.7289567, -29.2659817], [-68.7290478, -29.2657664], [-68.7291766, -29.2654622], [-68.7293804, -29.2650972], [-68.7296165, -29.2647181], [-68.7301797, -29.2641987], [-68.7303568, -29.2637915], [-68.730684, -29.2631176], [-68.730861, -29.262776], [-68.7310273, -29.2621208], [-68.7312365, -29.261489], [-68.7315262, -29.2610491], [-68.7319017, -29.2605343], [-68.7320466, -29.2601272], [-68.7321217, -29.2597809], [-68.7322558, -29.2595796], [-68.7324918, -29.2592146], [-68.7326688, -29.2588402], [-68.7328405, -29.2584237], [-68.732878, -29.2577965], [-68.7331194, -29.2570992], [-68.7335218, -29.256458], [-68.7339348, -29.2558215], [-68.7345571, -29.2551054], [-68.7349702, -29.2546632], [-68.7351257, -29.2544034], [-68.7352223, -29.2539213], [-68.7353403, -29.2533129], [-68.7354476, -29.2526109], [-68.7354905, -29.2521662], [-68.7356675, -29.2516608], [-68.7358231, -29.250954], [-68.7358928, -29.2505], [-68.7360645, -29.2500507], [-68.7362898, -29.2496388], [-68.7364722, -29.2494891], [-68.7366492, -29.2493533], [-68.7367941, -29.2490959], [-68.7369067, -29.2488431], [-68.7374432, -29.2483517], [-68.7376953, -29.2480241], [-68.7380386, -29.24779], [-68.7384088, -29.2475934], [-68.738795, -29.2473781], [-68.7391222, -29.247116], [-68.7392993, -29.2468492], [-68.7394709, -29.2465356], [-68.739605, -29.2462782], [-68.7399054, -29.2458616], [-68.7400074, -29.2456604], [-68.7401468, -29.2452063], [-68.7403024, -29.2449208], [-68.7404902, -29.2445838], [-68.7406316, -29.2443866], [-68.7407121, -29.2442919], [-68.740751, -29.244162], [-68.7407832, -29.2440637], [-68.7408341, -29.2439244], [-68.740932, -29.2438378], [-68.7410474, -29.2437852], [-68.7411158, -29.2438343], [-68.7411171, -29.2439045], [-68.7410809, -29.2439818], [-68.7410299, -29.2440812], [-68.7410246, -29.2441784], [-68.7410353, -29.2443316], [-68.741042, -29.2444065], [-68.7410675, -29.2444838], [-68.7411614, -29.2445025], [-68.7412244, -29.2444604], [-68.7412794, -29.2443749], [-68.7413545, -29.2442649], [-68.7414604, -29.2441643], [-68.7415503, -29.2440555], [-68.741734, -29.243942], [-68.741903, -29.2438214], [-68.7420586, -29.243674]]}, "properties": {"osm_id": 458940696, "nombre": "", "highway": "unclassified", "surface": "ground"}}, {"type": "Feature", "geometry": {"type": "LineString", "coordinates": [[-68.6940893, -29.2940128], [-68.6941577, -29.2941075], [-68.6942516, -29.2941636], [-68.6944259, -29.2942291], [-68.6945922, -29.2942128], [-68.6947478, -29.2942034], [-68.6948765, -29.2942081], [-68.6949784, -29.2942853], [-68.6950401, -29.2943625], [-68.6950187, -29.2944771], [-68.6950696, -29.2945964], [-68.6951299, -29.294666], [-68.6951769, -29.2947204], [-68.6953647, -29.2948771], [-68.6955524, -29.2950151], [-68.695716, -29.2951204], [-68.6960996, -29.2954479], [-68.6964054, -29.2956537], [-68.6966816, -29.2958689], [-68.6969472, -29.2959976], [-68.697143, -29.2960864], [-68.6973522, -29.2961402], [-68.6975963, -29.2961286], [-68.6979476, -29.2960163], [-68.6981569, -29.2959321], [-68.6983527, -29.2958572], [-68.6985243, -29.2958245], [-68.6987496, -29.2958549], [-68.6989347, -29.2959227], [-68.6991493, -29.2960303], [-68.6993504, -29.2961449], [-68.6995382, -29.2962362], [-68.699785, -29.2963157], [-68.7000559, -29.2963788], [-68.7002785, -29.2964701], [-68.700367, -29.2965379], [-68.7005548, -29.2967204], [-68.700823, -29.2968864], [-68.701118, -29.2970127], [-68.7013916, -29.297104], [-68.701625, -29.2971648], [-68.7019575, -29.2972069], [-68.7022955, -29.2972934], [-68.7026657, -29.2973543], [-68.7029982, -29.2973823], [-68.7031967, -29.2973145], [-68.7033657, -29.2972163], [-68.7037251, -29.2970174], [-68.7053854, -29.2959367], [-68.7057877, -29.2957402], [-68.7060721, -29.295649], [-68.7066514, -29.2955297], [-68.7095938, -29.2950104], [-68.7103609, -29.2948397], [-68.7106962, -29.2947788], [-68.7109537, -29.2947461], [-68.711179, -29.2947157], [-68.7113319, -29.2946549], [-68.7116055, -29.2945052], [-68.7118629, -29.2943227], [-68.7141187, -29.2928513], [-68.7158299, -29.2917262], [-68.7174017, -29.2906735], [-68.7207169, -29.2884886], [-68.7210723, -29.2883026], [-68.7215927, -29.2881131], [-68.7239396, -29.2874815], [-68.724063, -29.2873832], [-68.7242212, -29.287161], [-68.7243178, -29.2870651], [-68.7244653, -29.2869996], [-68.7245994, -29.2869645], [-68.7247067, -29.2869154], [-68.7248355, -29.2869037], [-68.7249615, -29.2869294], [-68.7250527, -29.2869434], [-68.7251761, -29.2869037], [-68.7254041, -29.2868031], [-68.7259325, -29.2865761], [-68.7269142, -29.2861527], [-68.7271824, -29.2860732], [-68.727515, -29.2859164], [-68.727802, -29.2858392], [-68.7280997, -29.2857901], [-68.7283813, -29.2857714], [-68.7285986, -29.2857691], [-68.7286952, -29.2858533], [-68.7288051, -29.2859281]]}, "properties": {"osm_id": 458940697, "nombre": "", "highway": "unclassified", "surface": "ground"}}, {"type": "Feature", "geometry": {"type": "LineString", "coordinates": [[-68.7287595, -29.1609643], [-68.7287917, -29.1606083], [-68.7288668, -29.1602476], [-68.7288721, -29.1598402], [-68.7289204, -29.1593717], [-68.7289687, -29.159114], [-68.7289902, -29.1589219], [-68.7289848, -29.1587439], [-68.7289687, -29.1585706]]}, "properties": {"osm_id": 458940698, "nombre": "", "highway": "unclassified", "surface": "unpaved"}}, {"type": "Feature", "geometry": {"type": "LineString", "coordinates": [[-68.7429491, -29.2433744], [-68.7430832, -29.2432878], [-68.74322, -29.2431451], [-68.7433755, -29.2428525], [-68.7436008, -29.2426208], [-68.7441453, -29.2419023], [-68.7443867, -29.2416168], [-68.7444484, -29.2414764], [-68.7444565, -29.2412283]]}, "properties": {"osm_id": 458940699, "nombre": "", "highway": "unclassified", "surface": "ground"}}, {"type": "Feature", "geometry": {"type": "LineString", "coordinates": [[-68.6023329, -29.3573921], [-68.6021827, -29.3574131], [-68.6021063, -29.3574342], [-68.6020164, -29.3574458], [-68.6019319, -29.3574704], [-68.6018381, -29.3575183], [-68.6017589, -29.3575814], [-68.6016235, -29.3576971], [-68.6013653, -29.3578298], [-68.6010953, -29.3579447], [-68.60103, -29.3579724], [-68.6008047, -29.3583698], [-68.6006411, -29.3593096], [-68.6003112, -29.3608642], [-68.6002683, -29.3610956], [-68.6002334, -29.3615561], [-68.6001717, -29.3619161], [-68.5999625, -29.362746], [-68.5996782, -29.363826], [-68.5995682, -29.3642397], [-68.5993912, -29.3645156], [-68.5988843, -29.3651397], [-68.5976451, -29.3665749], [-68.5962396, -29.3681645], [-68.5960063, -29.3684169], [-68.5954403, -29.3688423], [-68.5951265, -29.3691275], [-68.5949991, -29.3693437], [-68.5943715, -29.3709332], [-68.5935856, -29.3727284], [-68.5933898, -29.3731888], [-68.5926629, -29.374652], [-68.5916946, -29.3765803], [-68.5909409, -29.3780926], [-68.5907719, -29.378352], [-68.5905627, -29.3785039], [-68.5902838, -29.3788194], [-68.590147, -29.3789737], [-68.5899378, -29.3790906], [-68.5897768, -29.3791794], [-68.5896535, -29.3792705], [-68.589573, -29.3794248], [-68.5895153, -29.3798934], [-68.5892632, -29.381062], [-68.5892149, -29.3814734], [-68.5893758, -29.383703], [-68.5895421, -29.3864842], [-68.5895421, -29.3871853], [-68.5891988, -29.3908591], [-68.5890647, -29.3921305], [-68.5889521, -29.3930092], [-68.5884988, -29.3941262], [-68.5876995, -29.3959513], [-68.5875063, -29.3963743], [-68.5872998, -29.3966968], [-68.5870799, -29.3970006], [-68.5869672, -29.3972693], [-68.5868438, -29.3977226], [-68.5866668, -29.3983185], [-68.5856194, -29.4009883], [-68.5849274, -29.4027876], [-68.5846002, -29.4033905], [-68.5841066, -29.4048018], [-68.5836292, -29.407073], [-68.5834093, -29.4077273], [-68.582036, -29.4116387], [-68.5805018, -29.4157882], [-68.5797615, -29.4178781], [-68.5796461, -29.4184763], [-68.5793323, -29.4193138], [-68.5789354, -29.4202227], [-68.5786805, -29.4210684], [-68.5777686, -29.4230916], [-68.5773032, -29.4238778], [-68.5771959, -29.4243777], [-68.5770296, -29.425394], [-68.5769519, -29.4257911], [-68.5770162, -29.4260855], [-68.5771342, -29.4263331], [-68.5772845, -29.4265223], [-68.5773622, -29.4268003], [-68.5774078, -29.4271064], [-68.5774159, -29.427375], [-68.5775661, -29.4277465], [-68.5777351, -29.4281319], [-68.5777994, -29.4284894], [-68.577837, -29.4288772], [-68.5778263, -29.4294612], [-68.5779684, -29.4302858], [-68.5780864, -29.4311011], [-68.57816, -29.4315285], [-68.5782715, -29.4321757], [-68.5785075, -29.4337619], [-68.5784861, -29.4343645], [-68.5784727, -29.4348738], [-68.5784566, -29.4354671], [-68.578411, -29.4358187]]}, "properties": {"osm_id": 458940700, "nombre": "", "highway": "unclassified", "surface": "ground"}}, {"type": "Feature", "geometry": {"type": "LineString", "coordinates": [[-68.747052, -29.2348939], [-68.7470689, -29.2348762], [-68.7473184, -29.2345532], [-68.7474847, -29.234277], [-68.7481566, -29.2332975], [-68.7487198, -29.2324783], [-68.7489666, -29.2321389], [-68.7493958, -29.2316474], [-68.750136, -29.2309569], [-68.7512116, -29.2298965], [-68.7517695, -29.2292529], [-68.7519063, -29.2290398], [-68.7522309, -29.2287356], [-68.752424, -29.2284711], [-68.7526949, -29.2281129], [-68.7532018, -29.2275909], [-68.7534861, -29.2273007], [-68.7535693, -29.227186], [-68.753572, -29.2270596], [-68.7535666, -29.2268653], [-68.7536444, -29.2267389], [-68.7537758, -29.2266312], [-68.7546207, -29.2259571], [-68.7550686, -29.2254609], [-68.7552939, -29.2251729], [-68.7553905, -29.2249833], [-68.7554629, -29.2247867], [-68.7555353, -29.224651], [-68.755656, -29.2244309], [-68.755774, -29.2242554], [-68.7558626, -29.2240985], [-68.7560101, -29.2238176], [-68.7562112, -29.2236023], [-68.7564392, -29.2234735], [-68.7566163, -29.2233682], [-68.7567262, -29.2232628], [-68.7567691, -29.2231458], [-68.7568416, -29.2230639], [-68.7569515, -29.2229515], [-68.7570803, -29.2228251], [-68.7572251, -29.2227057], [-68.7572412, -29.2226378], [-68.7571608, -29.222591], [-68.7570481, -29.2225676], [-68.7569676, -29.2225723], [-68.7568577, -29.222591], [-68.7567531, -29.2226168], [-68.7565653, -29.2226472], [-68.7564366, -29.2226847], [-68.7562622, -29.2226893], [-68.7562086, -29.2226636], [-68.7562193, -29.2226074], [-68.7562381, -29.22257], [-68.7562864, -29.2225068], [-68.7564231, -29.2224482], [-68.7565626, -29.2223546], [-68.7566887, -29.2222329], [-68.7570132, -29.2218724], [-68.7572278, -29.2215798], [-68.7573968, -29.2213995], [-68.7575926, -29.2212591], [-68.7577964, -29.2211116], [-68.7580378, -29.2209524], [-68.7582014, -29.2208401], [-68.758298, -29.2207605], [-68.7583946, -29.2205896], [-68.7585984, -29.2203017], [-68.7587674, -29.2199412], [-68.7588532, -29.2197235], [-68.7588157, -29.2196088], [-68.7587191, -29.2195362], [-68.7585528, -29.2195736], [-68.7583758, -29.2196837], [-68.7581907, -29.2197726], [-68.7579332, -29.2198194], [-68.7576033, -29.2198499], [-68.7575068, -29.2198452], [-68.7574638, -29.2198452], [-68.7572761, -29.2198616], [-68.7571071, -29.2198803], [-68.7569542, -29.2199295], [-68.7568013, -29.2199552], [-68.7567075, -29.2199084], [-68.756694, -29.2198311], [-68.7566833, -29.2197141], [-68.7567316, -29.21959], [-68.7566887, -29.2195221], [-68.7565975, -29.2195221], [-68.7565197, -29.2195549], [-68.7564768, -29.2196532], [-68.7564366, -29.2197656], [-68.7564634, -29.2200629], [-68.7564741, -29.2202689], [-68.7564553, -29.2204023], [-68.7563936, -29.2204866], [-68.7562649, -29.2205826], [-68.7561817, -29.2207043], [-68.756045, -29.2208728]]}, "properties": {"osm_id": 458940701, "nombre": "", "highway": "unclassified", "surface": "ground"}}, {"type": "Feature", "geometry": {"type": "LineString", "coordinates": [[-68.621466, -29.551627], [-68.6209834, -29.5513336], [-68.6206775, -29.5512724], [-68.6203073, -29.55127], [-68.6199667, -29.551228], [-68.6196287, -29.5511417], [-68.6194544, -29.551025], [-68.6193256, -29.550906], [-68.6192237, -29.5507824], [-68.6191379, -29.550633], [-68.6190574, -29.5505747]]}, "properties": {"osm_id": 460211709, "nombre": "", "highway": "unclassified", "surface": ""}}, {"type": "Feature", "geometry": {"type": "LineString", "coordinates": [[-68.6639308, -29.5780002], [-68.6638208, -29.5779512], [-68.6637269, -29.5778439], [-68.6636089, -29.5777272], [-68.6634801, -29.5776293], [-68.6633595, -29.5775243], [-68.6631825, -29.5774765], [-68.6629866, -29.5774416], [-68.6627453, -29.5773948], [-68.6624422, -29.5772945], [-68.6620506, -29.5771989], [-68.6616723, -29.577108], [-68.6613665, -29.5770391]]}, "properties": {"osm_id": 460211720, "nombre": "", "highway": "unclassified", "surface": ""}}, {"type": "Feature", "geometry": {"type": "LineString", "coordinates": [[-68.6494871, -29.5685069], [-68.6494227, -29.5683553], [-68.6493127, -29.56808], [-68.649184, -29.5678677], [-68.6490418, -29.5676997], [-68.6488782, -29.5675458], [-68.6488138, -29.5674011], [-68.6487951, -29.5672192], [-68.6487387, -29.5670628], [-68.6486261, -29.5668669], [-68.648441, -29.5667036], [-68.6482398, -29.5666033], [-68.6479824, -29.5664096], [-68.6478107, -29.566209], [-68.6476364, -29.5659617]]}, "properties": {"osm_id": 460211722, "nombre": "", "highway": "unclassified", "surface": ""}}, {"type": "Feature", "geometry": {"type": "LineString", "coordinates": [[-68.622211, -29.6432683], [-68.6221853, -29.6432579], [-68.621924, -29.6431518], [-68.6216612, -29.6430842], [-68.6213956, -29.6430585], [-68.6210791, -29.6431098], [-68.6207144, -29.643217], [-68.6203603, -29.6433895], [-68.6199875, -29.6435411], [-68.6196415, -29.6435994], [-68.6194135, -29.6436623], [-68.6191855, -29.6438593], [-68.6187027, -29.6442486], [-68.6182279, -29.6445703], [-68.6179785, -29.6447195], [-68.6176057, -29.6448523], [-68.6171926, -29.644913], [-68.6167232, -29.6449526], [-68.6164845, -29.6449246], [-68.6162404, -29.6448687], [-68.6159963, -29.644808], [-68.6155645, -29.6447777], [-68.6148376, -29.6446449], [-68.6141993, -29.6444864], [-68.6137138, -29.6443628], [-68.6131881, -29.6443255], [-68.612767, -29.6442183], [-68.6125041, -29.6440504], [-68.6121393, -29.6438406], [-68.6118255, -29.6437147], [-68.6110852, -29.6434164], [-68.6108385, -29.643393], [-68.610648, -29.643435], [-68.6104469, -29.6434467], [-68.6102537, -29.6434164], [-68.6100338, -29.6433441], [-68.6098434, -29.6432742], [-68.6095429, -29.6431669], [-68.609256, -29.6430434], [-68.6086176, -29.6428219], [-68.6082716, -29.6427939], [-68.6079497, -29.6427053], [-68.6075045, -29.6426191], [-68.607078, -29.6424839], [-68.6066193, -29.6422787], [-68.6053828, -29.6416936], [-68.6043717, -29.64126], [-68.6036716, -29.6409803], [-68.6032693, -29.640908], [-68.602993, -29.6408217], [-68.6027623, -29.6406982], [-68.602411, -29.6405746], [-68.6020784, -29.6404907], [-68.6017833, -29.6404511], [-68.6006246, -29.6402366], [-68.5996241, -29.6400315], [-68.5979263, -29.6397167], [-68.5973228, -29.6395955], [-68.5970841, -29.6395535], [-68.5967944, -29.6395815], [-68.5964082, -29.6396491], [-68.5958288, -29.639775], [-68.5953138, -29.6398286], [-68.5949061, -29.6399056], [-68.5945306, -29.6399802], [-68.594139, -29.6400781], [-68.5937769, -29.6401737], [-68.5932566, -29.6404534], [-68.5929857, -29.6405536], [-68.5926075, -29.6406259], [-68.5921649, -29.6406492], [-68.5918484, -29.6406539], [-68.5915453, -29.6406119], [-68.5912503, -29.6405863], [-68.5907326, -29.6405303], [-68.5905851, -29.6404674], [-68.5904456, -29.6403368], [-68.5903652, -29.6401154], [-68.5903249, -29.6398776], [-68.5902418, -29.6396841], [-68.5901238, -29.6395605], [-68.589826, -29.6394253], [-68.5897914, -29.6394021], [-68.5895203, -29.6392202], [-68.5892413, -29.6390407], [-68.5889489, -29.6388798], [-68.5887317, -29.6386956], [-68.5886029, -29.6384975], [-68.5884635, -29.6383017], [-68.5883106, -29.6380965], [-68.5879458, -29.6378424], [-68.5876454, -29.6376606], [-68.5873691, -29.6375253], [-68.5871519, -29.6373621], [-68.5868515, -29.6370777], [-68.5866557, -29.6368726], [-68.5862077, -29.6363713], [-68.5858832, -29.6360263], [-68.5857008, -29.6357489], [-68.5855694, -29.6354411], [-68.5850893, -29.6345902], [-68.5847647, -29.6339514], [-68.584298, -29.6331727], [-68.5839869, -29.6324919], [-68.5837723, -29.6317972], [-68.5836677, -29.631149], [-68.583614, -29.6307597], [-68.5835309, -29.6303097], [-68.5834451, -29.6301395], [-68.5832841, -29.6299227], [-68.583091, -29.6296686], [-68.5828872, -29.6294984], [-68.5827235, -29.6293864], [-68.5825063, -29.6293072], [-68.5821817, -29.6292162], [-68.5818304, -29.6290927], [-68.5813395, -29.6287849], [-68.5808379, -29.6285121], [-68.5804839, -29.6283279], [-68.5801647, -29.6281438], [-68.5798643, -29.6280248], [-68.5795263, -29.6278966], [-68.5791562, -29.6277078], [-68.5785312, -29.6273114], [-68.5781557, -29.6270269], [-68.5777024, -29.6267635], [-68.5770534, -29.6264068], [-68.5754628, -29.6254881], [-68.5730595, -29.6241288], [-68.5707207, -29.6228604], [-68.5684837, -29.6216643], [-68.5681887, -29.6214637], [-68.5678722, -29.6211723], [-68.5673679, -29.6205754], [-68.5669522, -29.6200904], [-68.5655038, -29.6185654], [-68.5652114, -29.6183346], [-68.5646776, -29.6180385], [-68.5613571, -29.6159399], [-68.560193, -29.6151331], [-68.5590879, -29.6144288], [-68.5572533, -29.6131137], [-68.5551451, -29.6119011], [-68.5539059, -29.6112015], [-68.5531066, -29.6108238], [-68.5514436, -29.6101195], [-68.5507141, -29.6097651], [-68.5497163, -29.6093546], [-68.5489814, -29.6089582], [-68.5481874, -29.6084079], [-68.5477422, -29.6079135], [-68.5471843, -29.6073165], [-68.5466532, -29.6068314], [-68.5454408, -29.605894], [-68.5444806, -29.6050031], [-68.5439495, -29.604602], [-68.5433004, -29.6044015], [-68.5426513, -29.6043082], [-68.5416589, -29.6042615], [-68.5412727, -29.6042849], [-68.5404036, -29.6042382], [-68.5392396, -29.6041683], [-68.5383813, -29.6042009], [-68.536906, -29.6041636], [-68.5363428, -29.6041216], [-68.536245, -29.6040805], [-68.5361765, -29.6040516], [-68.5355006, -29.6037485], [-68.5321961, -29.6020321], [-68.5312788, -29.6015796], [-68.5305868, -29.6012904], [-68.5300128, -29.6009546], [-68.5295514, -29.6006234], [-68.529015, -29.600199], [-68.5285697, -29.5998958], [-68.5281835, -29.5996393], [-68.5277544, -29.5993781], [-68.5271428, -29.5991915], [-68.5260216, -29.5991075], [-68.5242621, -29.5989163], [-68.5235272, -29.598823], [-68.523039, -29.5986644], [-68.5226796, -29.5984685], [-68.5225632, -29.5983971]]}, "properties": {"osm_id": 460211734, "nombre": "", "highway": "unclassified", "surface": ""}}, {"type": "Feature", "geometry": {"type": "LineString", "coordinates": [[-68.6242341, -29.552425], [-68.6240195, -29.5523013], [-68.6238076, -29.5522593], [-68.6235957, -29.5522477], [-68.6233785, -29.5522313], [-68.6232524, -29.552152], [-68.6231666, -29.5520867], [-68.6230137, -29.5520587], [-68.6228822, -29.5520563], [-68.6226999, -29.5520073], [-68.6225497, -29.5519397], [-68.6224316, -29.5518907], [-68.6223297, -29.551858], [-68.622209, -29.551872], [-68.6221339, -29.5518673], [-68.6219622, -29.551816], [-68.6218147, -29.5517693], [-68.6216243, -29.551697], [-68.621466, -29.551627]]}, "properties": {"osm_id": 460211736, "nombre": "", "highway": "unclassified", "surface": ""}}, {"type": "Feature", "geometry": {"type": "LineString", "coordinates": [[-68.6817447, -29.6455435], [-68.6816991, -29.6452941], [-68.6816776, -29.6449817], [-68.681624, -29.6447066], [-68.6815194, -29.6443756], [-68.681337, -29.6441635], [-68.6811412, -29.644005], [-68.6809105, -29.6438301], [-68.680712, -29.6436366], [-68.6805484, -29.6434082], [-68.6804492, -29.643224], [-68.680307, -29.6431005], [-68.6801353, -29.6430352], [-68.680012, -29.6429816], [-68.6799342, -29.6429186], [-68.679851, -29.6428091], [-68.679784, -29.6426086], [-68.6796418, -29.6424547], [-68.6794862, -29.6422939], [-68.6794085, -29.6421983], [-68.6793468, -29.6420281], [-68.6793199, -29.6418393], [-68.6792422, -29.6417297], [-68.679049, -29.6416108], [-68.6788881, -29.6415129], [-68.6787728, -29.6414244], [-68.6786521, -29.6413171], [-68.6786038, -29.6411936], [-68.6784992, -29.6410933], [-68.6783892, -29.6410047], [-68.6780432, -29.6407949], [-68.6772707, -29.6401865], [-68.6771581, -29.6400536], [-68.6769355, -29.639564], [-68.6767772, -29.6391817], [-68.6766297, -29.6389812], [-68.6765787, -29.6388483], [-68.6764956, -29.6387015], [-68.6764044, -29.6385266], [-68.6762971, -29.6382096], [-68.6762622, -29.6380674], [-68.6762837, -29.6379368], [-68.67634, -29.6377923], [-68.6763373, -29.6376524], [-68.6763588, -29.6375032], [-68.6764285, -29.6374053], [-68.6764768, -29.6373213], [-68.6764446, -29.6372281], [-68.6763454, -29.6370626], [-68.6762461, -29.6369437], [-68.6760557, -29.6368341], [-68.6758867, -29.6367292], [-68.6757607, -29.6366266], [-68.6756534, -29.6364448], [-68.6755354, -29.6361837], [-68.6754656, -29.6359482], [-68.6754093, -29.6356661], [-68.6753878, -29.6355099], [-68.6753396, -29.635398], [-68.675294, -29.6352628], [-68.6752752, -29.6351112], [-68.6752805, -29.6349084], [-68.6753476, -29.6345144], [-68.6753181, -29.6339968], [-68.6752403, -29.633773], [-68.675294, -29.6335236], [-68.6752698, -29.6333301], [-68.6752108, -29.6326726], [-68.6751679, -29.6324768], [-68.6751893, -29.6321597], [-68.6751491, -29.6318636], [-68.6750928, -29.6316491], [-68.6749587, -29.6313903], [-68.6748863, -29.6311385], [-68.6747924, -29.6308658], [-68.6746449, -29.6305836], [-68.6745993, -29.6304438], [-68.6745483, -29.6302642], [-68.6745054, -29.6300754], [-68.6744142, -29.6298679], [-68.6742774, -29.6294692], [-68.6740145, -29.628483], [-68.6738241, -29.6278372], [-68.6736524, -29.6273802], [-68.6735344, -29.6271377], [-68.6733601, -29.6268975], [-68.6732367, -29.626725], [-68.6730919, -29.6264219], [-68.6730221, -29.6262237], [-68.6729202, -29.6259416], [-68.6727485, -29.6257294], [-68.6726198, -29.6255592], [-68.6725635, -29.6254193], [-68.6724267, -29.6251629], [-68.6722684, -29.6248388], [-68.6721853, -29.6244937], [-68.672078, -29.6242722], [-68.6718983, -29.6239481], [-68.6716596, -29.6236123], [-68.6716288, -29.6235499], [-68.6715791, -29.6234491], [-68.6713672, -29.6228942], [-68.6711768, -29.6225211], [-68.6709032, -29.6220641], [-68.6708066, -29.6218473], [-68.6707691, -29.6216468], [-68.6707288, -29.621353], [-68.6707047, -29.6210149], [-68.6707047, -29.6207444], [-68.6706698, -29.620446], [-68.6706189, -29.6201988], [-68.6705867, -29.6199889], [-68.6705143, -29.6197721], [-68.6704767, -29.6195856], [-68.6704687, -29.619434], [-68.6704284, -29.6192731], [-68.6703426, -29.618949], [-68.6702541, -29.6184733], [-68.6702407, -29.6181888], [-68.6702407, -29.6180093], [-68.6701709, -29.617916], [-68.670061, -29.6177971], [-68.6699698, -29.6176502], [-68.6697337, -29.6171186], [-68.6695379, -29.6167012], [-68.6695272, -29.6165403], [-68.6695621, -29.6163957], [-68.6695379, -29.6162558], [-68.6694682, -29.6160972], [-68.669267, -29.6157032], [-68.6690176, -29.6151249], [-68.6689237, -29.6148497], [-68.6688727, -29.6143321], [-68.6688352, -29.6140756], [-68.6688835, -29.6138354], [-68.6688808, -29.6136955], [-68.6687252, -29.613313], [-68.6686045, -29.6128304], [-68.6685428, -29.6125669], [-68.6684677, -29.6122754], [-68.6684141, -29.6120235], [-68.6684409, -29.611746], [-68.6683899, -29.6115292], [-68.6681968, -29.6111584], [-68.6680788, -29.6109858], [-68.6677972, -29.6106687], [-68.667706, -29.6105218], [-68.6676121, -29.6103842], [-68.6673466, -29.6102629], [-68.6671266, -29.6102], [-68.6669308, -29.610193], [-68.6667458, -29.6102186], [-68.6666009, -29.6102256], [-68.666499, -29.6101813], [-68.6664722, -29.6101323], [-68.6664507, -29.6100041], [-68.666448, -29.6098595], [-68.6667136, -29.6093791], [-68.6670918, -29.6086469], [-68.6675451, -29.6081012], [-68.6677248, -29.6077887], [-68.6677918, -29.6075042], [-68.667765, -29.6071964], [-68.6676765, -29.6069072], [-68.6677033, -29.6066484], [-68.6678106, -29.6063429], [-68.6678481, -29.6060957], [-68.6679313, -29.6058975], [-68.6680922, -29.6057342], [-68.6681566, -29.6056176], [-68.6681137, -29.6054427], [-68.6680493, -29.6052725], [-68.6679769, -29.6050416], [-68.6678642, -29.6042347], [-68.6677891, -29.6037636], [-68.6676604, -29.6034861], [-68.6676282, -29.6031993], [-68.6676604, -29.6028564], [-68.6678267, -29.6023947], [-68.6679098, -29.6021335], [-68.6679447, -29.601709], [-68.6678294, -29.601154], [-68.6677569, -29.6007809], [-68.6675746, -29.6001488], [-68.6673948, -29.5997314], [-68.6673627, -29.5995168], [-68.6674083, -29.5993746], [-68.6676255, -29.599118], [-68.6680359, -29.5987519], [-68.6682076, -29.598465], [-68.6684999, -29.5979123], [-68.6687011, -29.5976277], [-68.6687869, -29.5974995], [-68.6687681, -29.5974202], [-68.6686662, -29.5973059], [-68.6686287, -29.5971753], [-68.668575, -29.5969304], [-68.6685187, -29.5966902], [-68.6684463, -29.5963124], [-68.6683229, -29.5959695], [-68.6681298, -29.5957619], [-68.6678562, -29.5955684], [-68.667588, -29.5953888], [-68.6673975, -29.5952372], [-68.6672822, -29.5950926], [-68.6671079, -29.5946774], [-68.6669389, -29.5942786], [-68.6668074, -29.5939078], [-68.6665848, -29.593348], [-68.666389, -29.5929515], [-68.6662656, -29.5928442]]}, "properties": {"osm_id": 460211745, "nombre": "", "highway": "unclassified", "surface": ""}}, {"type": "Feature", "geometry": {"type": "LineString", "coordinates": [[-68.6314304, -29.5548586], [-68.6312293, -29.5546812], [-68.6309986, -29.5545646], [-68.6307653, -29.5545249], [-68.6304139, -29.5544852], [-68.6300867, -29.5544572], [-68.6298855, -29.5544316], [-68.6297363, -29.5544315], [-68.6294966, -29.5543779], [-68.6291962, -29.5542799], [-68.6288743, -29.5541983], [-68.6285363, -29.5539976], [-68.6281877, -29.5538086], [-68.6279033, -29.5536873], [-68.6276271, -29.5536056], [-68.6272918, -29.553426], [-68.6270263, -29.5533163], [-68.6267151, -29.553195], [-68.6264201, -29.5530643], [-68.6261492, -29.5529663], [-68.6258112, -29.5528473], [-68.6255296, -29.5527517], [-68.6251782, -29.552642], [-68.6245103, -29.5525043], [-68.6242341, -29.552425]]}, "properties": {"osm_id": 460211749, "nombre": "", "highway": "unclassified", "surface": ""}}, {"type": "Feature", "geometry": {"type": "LineString", "coordinates": [[-68.6190574, -29.5505747], [-68.6188858, -29.5505187], [-68.6186041, -29.5504557], [-68.6183788, -29.5503904], [-68.6181294, -29.550304], [-68.6178558, -29.550171], [-68.6176412, -29.5500637], [-68.6175205, -29.5499587], [-68.617424, -29.549877], [-68.6172979, -29.5498257], [-68.6171155, -29.5497837], [-68.6168982, -29.5497627], [-68.6166944, -29.5497627], [-68.6164879, -29.549737], [-68.6163135, -29.5496787], [-68.6161258, -29.549625], [-68.6160158, -29.5495387], [-68.6158978, -29.549478], [-68.6157583, -29.5494407], [-68.6155303, -29.5494384], [-68.6152084, -29.549457], [-68.6149107, -29.5494127], [-68.6146023, -29.5493684], [-68.6144521, -29.549366], [-68.6143153, -29.549387], [-68.6141999, -29.5494407], [-68.6140605, -29.5495294], [-68.6139263, -29.5496647]]}, "properties": {"osm_id": 460211754, "nombre": "", "highway": "unclassified", "surface": ""}}, {"type": "Feature", "geometry": {"type": "LineString", "coordinates": [[-68.6476364, -29.5659617], [-68.6474674, -29.5657517], [-68.6472877, -29.5655371], [-68.647175, -29.5653458], [-68.6469658, -29.5651125], [-68.6468692, -29.5649445], [-68.6466895, -29.5647019], [-68.6465554, -29.5645526], [-68.6464455, -29.5644359], [-68.6463006, -29.5642796], [-68.6460592, -29.564079], [-68.6458339, -29.5640347], [-68.6456703, -29.563946], [-68.6455764, -29.5638504], [-68.6452438, -29.5635541], [-68.6449541, -29.5633768], [-68.6446591, -29.5632158], [-68.6444874, -29.5630898], [-68.6440395, -29.5628192], [-68.6438088, -29.5627282], [-68.6435782, -29.5626558], [-68.6431276, -29.5624249], [-68.6430095, -29.5623432], [-68.6428701, -29.5622336], [-68.6427521, -29.5621589], [-68.642634, -29.5621286], [-68.6424972, -29.5621356], [-68.6423175, -29.5621239], [-68.6421781, -29.5620936]]}, "properties": {"osm_id": 460211756, "nombre": "", "highway": "unclassified", "surface": ""}}, {"type": "Feature", "geometry": {"type": "LineString", "coordinates": [[-68.6421781, -29.5620936], [-68.6419206, -29.5620493], [-68.6417033, -29.5619629], [-68.6415907, -29.5619116], [-68.6413627, -29.5617553], [-68.641014, -29.5615033], [-68.6408209, -29.561354], [-68.6407458, -29.5612654], [-68.6407028, -29.5611534], [-68.6406465, -29.5610857], [-68.6401664, -29.5607777], [-68.6398472, -29.5605981], [-68.6395629, -29.5604768], [-68.6392893, -29.5603741], [-68.6390586, -29.5602551], [-68.6382808, -29.5597722], [-68.6373125, -29.5592262], [-68.6361163, -29.5584936], [-68.6355342, -29.558167], [-68.6354082, -29.558055], [-68.6351909, -29.55788], [-68.6348798, -29.5576677], [-68.6346008, -29.5574927], [-68.6339034, -29.5570471], [-68.6333885, -29.5566924], [-68.6330693, -29.5564895], [-68.6322137, -29.5558665], [-68.6318435, -29.5555609], [-68.6316665, -29.5553742], [-68.6315297, -29.5551152], [-68.6314304, -29.5548586]]}, "properties": {"osm_id": 460211762, "nombre": "", "highway": "unclassified", "surface": ""}}, {"type": "Feature", "geometry": {"type": "LineString", "coordinates": [[-68.6517965, -29.5742224], [-68.6517267, -29.5741034], [-68.6516382, -29.5739168], [-68.651606, -29.5737581], [-68.6515819, -29.5736112], [-68.651606, -29.5733896], [-68.6516597, -29.5732776], [-68.6516433, -29.5729972], [-68.6516597, -29.572881], [-68.6516543, -29.5726967], [-68.6515792, -29.5725871], [-68.6514317, -29.5724214], [-68.6513137, -29.5722861], [-68.6511661, -29.5719852], [-68.6509972, -29.5717426], [-68.650855, -29.571437], [-68.650737, -29.5712644], [-68.6506217, -29.5711267], [-68.6505439, -29.5710124], [-68.6505063, -29.5708561], [-68.6504312, -29.5707255], [-68.6503373, -29.5705925], [-68.6502086, -29.5704945], [-68.6500718, -29.5703779], [-68.649935, -29.5702962], [-68.6498036, -29.5702262], [-68.6497312, -29.5701399], [-68.6497177, -29.5700303], [-68.649648, -29.5691928], [-68.6496453, -29.5689805], [-68.649581, -29.5687285], [-68.6494871, -29.5685069]]}, "properties": {"osm_id": 460211764, "nombre": "", "highway": "unclassified", "surface": ""}}, {"type": "Feature", "geometry": {"type": "LineString", "coordinates": [[-68.6609535, -29.5768443], [-68.6607658, -29.5767744], [-68.6605834, -29.5767464], [-68.6603366, -29.576723], [-68.6599718, -29.5766647], [-68.6596017, -29.5766834], [-68.6591538, -29.5766904], [-68.65862, -29.5766554], [-68.6582767, -29.5766251], [-68.6580836, -29.5765481], [-68.6578153, -29.5764151], [-68.6575096, -29.5762098], [-68.6573674, -29.5760675], [-68.6572145, -29.5759229], [-68.6570429, -29.5758296], [-68.6568363, -29.5757853], [-68.6565708, -29.5757316], [-68.6561846, -29.575657], [-68.6558681, -29.575524], [-68.6557152, -29.575489], [-68.6554389, -29.575496], [-68.6551358, -29.5754494], [-68.6548247, -29.5753911], [-68.6544465, -29.5752814], [-68.6540576, -29.5751601], [-68.6537572, -29.5750668], [-68.6529069, -29.5748149], [-68.6525877, -29.5747029], [-68.652467, -29.5746166], [-68.6522819, -29.5744953], [-68.6520915, -29.57443], [-68.6519574, -29.574367], [-68.6518608, -29.574304], [-68.6517965, -29.5742224]]}, "properties": {"osm_id": 460211766, "nombre": "", "highway": "unclassified", "surface": ""}}, {"type": "Feature", "geometry": {"type": "LineString", "coordinates": [[-68.6040853, -29.6097537], [-68.6033665, -29.6096161], [-68.6024009, -29.6094972], [-68.6013951, -29.6093293], [-68.6004295, -29.609229], [-68.5994478, -29.6090634], [-68.5985171, -29.6089515], [-68.5962747, -29.6086204], [-68.5933216, -29.6082123], [-68.5920959, -29.608035], [-68.5884749, -29.6075197], [-68.5857122, -29.6071326], [-68.5824828, -29.6066708], [-68.5792883, -29.6062137], [-68.5758148, -29.605738], [-68.5726981, -29.6052996], [-68.5694446, -29.6048308], [-68.567838, -29.6045976], [-68.5659926, -29.6043504], [-68.5632702, -29.6039587], [-68.5595043, -29.6034269], [-68.5558458, -29.6029092], [-68.5532306, -29.6025454], [-68.5503044, -29.602128], [-68.5467129, -29.6016219], [-68.5439073, -29.6012208], [-68.5410883, -29.600815], [-68.5395702, -29.6006074], [-68.5385858, -29.6004558], [-68.5360994, -29.6001107], [-68.5335245, -29.5997538], [-68.5320171, -29.5995276], [-68.5297372, -29.5992011], [-68.5286884, -29.5990682], [-68.5270335, -29.598821], [-68.5236432, -29.5983522]]}, "properties": {"osm_id": 460211767, "nombre": "", "highway": "track", "surface": ""}}, {"type": "Feature", "geometry": {"type": "LineString", "coordinates": [[-68.612486, -29.5504744], [-68.6123519, -29.5504977], [-68.6121856, -29.550493], [-68.6120584, -29.5504472]]}, "properties": {"osm_id": 460211769, "nombre": "", "highway": "unclassified", "surface": ""}}, {"type": "Feature", "geometry": {"type": "LineString", "coordinates": [[-68.6613665, -29.5770391], [-68.6612378, -29.5770193], [-68.6610903, -29.576933], [-68.6609535, -29.5768443]]}, "properties": {"osm_id": 460211770, "nombre": "", "highway": "unclassified", "surface": ""}}, {"type": "Feature", "geometry": {"type": "LineString", "coordinates": [[-68.6139263, -29.5496647], [-68.6135803, -29.5498397], [-68.6132558, -29.5500147], [-68.6129688, -29.5501757], [-68.6127086, -29.5503554], [-68.612486, -29.5504744]]}, "properties": {"osm_id": 460211778, "nombre": "", "highway": "unclassified", "surface": ""}}, {"type": "Feature", "geometry": {"type": "LineString", "coordinates": [[-68.6662656, -29.5928442], [-68.6660993, -29.5926833], [-68.6660189, -29.5925854], [-68.6659143, -29.5923521], [-68.6658687, -29.5920256], [-68.6659196, -29.5917154], [-68.6661208, -29.5913679], [-68.6662522, -29.590983], [-68.6662925, -29.5907475], [-68.6663461, -29.5904676], [-68.6664695, -29.590232], [-68.6667216, -29.5899381], [-68.6669362, -29.5896209], [-68.6670328, -29.5893667], [-68.6671213, -29.5891381], [-68.6671534, -29.5889119], [-68.6671615, -29.5887136], [-68.6672205, -29.588471], [-68.6672473, -29.5883124], [-68.667242, -29.5880582], [-68.6672098, -29.5878623], [-68.6670864, -29.587699], [-68.6668799, -29.587573], [-68.6666224, -29.5874378], [-68.6662522, -29.5872651], [-68.665874, -29.5870762], [-68.6653859, -29.586864], [-68.6651472, -29.5867147], [-68.6649219, -29.5865351], [-68.6646483, -29.5863018], [-68.664482, -29.5861759], [-68.6644203, -29.5860196], [-68.6644551, -29.585854], [-68.6644283, -29.5857444], [-68.6643666, -29.5856161], [-68.6642862, -29.5853898], [-68.664262, -29.5852639], [-68.6643237, -29.5851379], [-68.6644578, -29.584921], [-68.6647797, -29.5844265], [-68.665182, -29.5837757], [-68.6654207, -29.5832952], [-68.66563, -29.582817], [-68.6656729, -29.5824952], [-68.6657024, -29.5823062], [-68.6657989, -29.582087], [-68.6659143, -29.581954], [-68.6660377, -29.581786], [-68.6661369, -29.5816531], [-68.6661476, -29.5813778], [-68.6661248, -29.5811084], [-68.6660041, -29.5808052], [-68.6657895, -29.5803737], [-68.6656125, -29.5799071], [-68.6655267, -29.5794943], [-68.6654355, -29.579226], [-68.6652933, -29.5790207], [-68.665127, -29.5788225], [-68.6649366, -29.5786732], [-68.6647301, -29.5785402], [-68.6645316, -29.5784096], [-68.664376, -29.578223], [-68.6641909, -29.5780037], [-68.6639308, -29.5780002]]}, "properties": {"osm_id": 460211785, "nombre": "", "highway": "unclassified", "surface": ""}}, {"type": "Feature", "geometry": {"type": "LineString", "coordinates": [[-68.5690199, -29.5368921], [-68.5691981, -29.5362632], [-68.5692481, -29.5360865], [-68.5695408, -29.5350538], [-68.5686385, -29.5348445], [-68.5685842, -29.5348748], [-68.5683146, -29.5358614], [-68.5683524, -29.5359011], [-68.5692481, -29.5360865], [-68.5696702, -29.5361689]]}, "properties": {"osm_id": 597165634, "nombre": "", "highway": "residential", "surface": ""}}, {"type": "Feature", "geometry": {"type": "LineString", "coordinates": [[-68.5691981, -29.5362632], [-68.5688168, -29.5361867], [-68.5686534, -29.5361689], [-68.568259, -29.536185], [-68.5681927, -29.5361719], [-68.5667175, -29.5358809]]}, "properties": {"osm_id": 597165635, "nombre": "", "highway": "residential", "surface": ""}}, {"type": "Feature", "geometry": {"type": "LineString", "coordinates": [[-68.5681927, -29.5361719], [-68.5680224, -29.5367622]]}, "properties": {"osm_id": 597165636, "nombre": "", "highway": "residential", "surface": ""}}, {"type": "Feature", "geometry": {"type": "LineString", "coordinates": [[-68.5691344, -29.5369071], [-68.5687128, -29.5385309]]}, "properties": {"osm_id": 597165637, "nombre": "", "highway": "residential", "surface": ""}}, {"type": "Feature", "geometry": {"type": "LineString", "coordinates": [[-68.5717933, -29.5327631], [-68.5717901, -29.5319879], [-68.5717589, -29.5315843], [-68.571742, -29.5315121], [-68.5714133, -29.5311211], [-68.571348, -29.5310845], [-68.5705527, -29.5308042]]}, "properties": {"osm_id": 597165638, "nombre": "", "highway": "residential", "surface": ""}}, {"type": "Feature", "geometry": {"type": "LineString", "coordinates": [[-68.5718969, -29.5277123], [-68.5716482, -29.5293491], [-68.5715943, -29.5293991], [-68.5704436, -29.5292768]]}, "properties": {"osm_id": 597165639, "nombre": "", "highway": "residential", "surface": ""}}, {"type": "Feature", "geometry": {"type": "LineString", "coordinates": [[-68.5642136, -29.5220021], [-68.5626533, -29.521727]]}, "properties": {"osm_id": 597165641, "nombre": "", "highway": "residential", "surface": ""}}, {"type": "Feature", "geometry": {"type": "LineString", "coordinates": [[-68.5631561, -29.526929], [-68.5626639, -29.5268613], [-68.5625831, -29.5268251], [-68.5625591, -29.5267648], [-68.5627282, -29.525832]]}, "properties": {"osm_id": 597165642, "nombre": "", "highway": "residential", "surface": ""}}, {"type": "Feature", "geometry": {"type": "LineString", "coordinates": [[-68.5629468, -29.5279559], [-68.562268, -29.527821], [-68.5618283, -29.5277336], [-68.5616739, -29.5277116], [-68.5586658, -29.5272833], [-68.5576798, -29.5271542], [-68.5563557, -29.5269808], [-68.5561607, -29.526983], [-68.5556435, -29.5269999], [-68.5550318, -29.5270527], [-68.5547516, -29.5270527], [-68.5536915, -29.5269511], [-68.5521691, -29.5267723], [-68.5519734, -29.5267128], [-68.5515293, -29.5265732], [-68.5496192, -29.5261221], [-68.5494558, -29.5261018], [-68.5493017, -29.5260978], [-68.5489748, -29.5260978], [-68.548816, -29.5260815], [-68.5487133, -29.5260571], [-68.5485505, -29.5260178]]}, "properties": {"osm_id": 597165643, "nombre": "", "highway": "residential", "surface": ""}}, {"type": "Feature", "geometry": {"type": "LineString", "coordinates": [[-68.5616552, -29.5343563], [-68.5593102, -29.5338622], [-68.5586516, -29.5337234]]}, "properties": {"osm_id": 597165644, "nombre": "", "highway": "residential", "surface": ""}}, {"type": "Feature", "geometry": {"type": "LineString", "coordinates": [[-68.5559313, -29.5253838], [-68.5555443, -29.5266066]]}, "properties": {"osm_id": 597165645, "nombre": "", "highway": "residential", "surface": ""}}, {"type": "Feature", "geometry": {"type": "LineString", "coordinates": [[-68.5540664, -29.5244742], [-68.5540065, -29.5249621], [-68.5538343, -29.5262835]]}, "properties": {"osm_id": 597165646, "nombre": "", "highway": "residential", "surface": ""}}, {"type": "Feature", "geometry": {"type": "LineString", "coordinates": [[-68.5590004, -29.5211254], [-68.5578926, -29.5210116]]}, "properties": {"osm_id": 597165647, "nombre": "", "highway": "residential", "surface": ""}}, {"type": "Feature", "geometry": {"type": "LineString", "coordinates": [[-68.5543136, -29.5215215], [-68.5540721, -29.522513], [-68.5536596, -29.5244131]]}, "properties": {"osm_id": 597165648, "nombre": "", "highway": "service", "surface": ""}}, {"type": "Feature", "geometry": {"type": "LineString", "coordinates": [[-68.5326225, -29.5574688], [-68.5324862, -29.5580532], [-68.5318935, -29.5579564]]}, "properties": {"osm_id": 597165649, "nombre": "", "highway": "residential", "surface": ""}}, {"type": "Feature", "geometry": {"type": "LineString", "coordinates": [[-69.2820703, -28.9913774], [-69.2820562, -28.9913355], [-69.2820131, -28.9912078], [-69.2818652, -28.9909706], [-69.2817173, -28.9908844], [-69.281705, -28.9907335], [-69.2818652, -28.9906472], [-69.2822966, -28.990561], [-69.2829498, -28.9903993], [-69.2836646, -28.990022], [-69.2843177, -28.9896231], [-69.2845149, -28.9894938], [-69.2845889, -28.9893213], [-69.284441, -28.9892458], [-69.2841575, -28.9892242], [-69.2837262, -28.9891164], [-69.2832579, -28.9889655], [-69.2829991, -28.9888469], [-69.2828388, -28.9885128], [-69.2824691, -28.9883942], [-69.2815448, -28.9882109], [-69.2806575, -28.9878767], [-69.2801152, -28.9877366], [-69.2796222, -28.9878013], [-69.2790553, -28.9875964], [-69.27855, -28.9875749], [-69.2780694, -28.9874886], [-69.2776997, -28.9875857], [-69.2775271, -28.987424], [-69.2774778, -28.9872299], [-69.2773423, -28.9872191], [-69.2770834, -28.9874563], [-69.276763, -28.9874994], [-69.2763317, -28.9875964], [-69.275925, -28.9875318], [-69.2755676, -28.9876288], [-69.2753211, -28.9874994], [-69.2749021, -28.9875857], [-69.2747172, -28.987424], [-69.2741749, -28.9877474], [-69.2738915, -28.9877797], [-69.2736203, -28.9878444], [-69.2735341, -28.98806], [-69.2733246, -28.9881031], [-69.2732999, -28.9878875], [-69.2733246, -28.9877474], [-69.2733246, -28.9875857], [-69.2732013, -28.9875318], [-69.2729179, -28.9875964], [-69.2726344, -28.9876288], [-69.2724619, -28.9875749], [-69.272314, -28.9874671], [-69.2722893, -28.9873377], [-69.2723386, -28.9870682], [-69.2726467, -28.986098], [-69.2743351, -28.9811928], [-69.2744954, -28.9806429], [-69.2746556, -28.9804165], [-69.275013, -28.9800608], [-69.2757278, -28.9793815], [-69.2776504, -28.9781309], [-69.2784761, -28.9776565], [-69.2786609, -28.977484], [-69.2788212, -28.9772792], [-69.2788212, -28.9770312], [-69.2785993, -28.9768156], [-69.2784884, -28.9766108], [-69.2784884, -28.9764814], [-69.2785747, -28.9762657], [-69.2786733, -28.9761364], [-69.2788088, -28.9759639], [-69.2788088, -28.9758021], [-69.2786609, -28.9756512], [-69.2783652, -28.9755218], [-69.278094, -28.9753709], [-69.2780571, -28.9752199], [-69.2780447, -28.975069], [-69.278094, -28.9749181], [-69.278168, -28.9747132], [-69.2782173, -28.974476], [-69.2783405, -28.9742496], [-69.2786486, -28.973883], [-69.27908, -28.9730636], [-69.2796346, -28.9722657], [-69.2798441, -28.9720393], [-69.2799427, -28.9718021], [-69.2799184, -28.9716993], [-69.2798687, -28.9714894], [-69.2795729, -28.9709827], [-69.2793141, -28.9707347], [-69.279006, -28.9705945], [-69.2785993, -28.9706161], [-69.2782542, -28.9705514], [-69.2777613, -28.9704112], [-69.2775271, -28.9702926], [-69.2774408, -28.9701093], [-69.2774162, -28.9698937], [-69.2775025, -28.9696457], [-69.2778475, -28.9690311], [-69.2781557, -28.9682548], [-69.2782666, -28.9675432], [-69.2782912, -28.9664757], [-69.2779585, -28.9650848], [-69.2778352, -28.9647182], [-69.2776873, -28.964578], [-69.2773546, -28.9644702], [-69.2771451, -28.9643084], [-69.2768986, -28.9639957], [-69.2765658, -28.9635536], [-69.2759866, -28.9620979], [-69.2759496, -28.9618715], [-69.2760729, -28.961548], [-69.2764426, -28.9607177], [-69.2764672, -28.9605128], [-69.276381, -28.960254], [-69.2759373, -28.9598982], [-69.275469, -28.959661], [-69.274101, -28.9591218], [-69.2710076, -28.9576768], [-69.2689372, -28.9568789], [-69.2683702, -28.956674], [-69.2679512, -28.956426], [-69.2678033, -28.9561456], [-69.2678773, -28.9559731], [-69.2680745, -28.9558868], [-69.2684195, -28.9558976], [-69.268666, -28.9557574], [-69.2689372, -28.9556927], [-69.269122, -28.9556172], [-69.2693069, -28.9555741], [-69.2698245, -28.9554878], [-69.2699354, -28.9554123], [-69.2702312, -28.9553692], [-69.2705516, -28.9553153], [-69.2707242, -28.9552398], [-69.2709953, -28.9552721], [-69.2711309, -28.9550996], [-69.2714636, -28.9551319], [-69.2716238, -28.954927], [-69.271895, -28.9547114], [-69.2720182, -28.954582], [-69.2724003, -28.9546035], [-69.2725605, -28.9545173], [-69.2725358, -28.9543232], [-69.2726344, -28.9541506], [-69.2730411, -28.953784], [-69.2732753, -28.9536006], [-69.2732136, -28.9534173], [-69.2729672, -28.9532124], [-69.2725112, -28.9530183], [-69.2719443, -28.9528026], [-69.2717101, -28.9527918], [-69.2706009, -28.9528673], [-69.2704037, -28.9528134], [-69.2702435, -28.9527703], [-69.269997, -28.9528673], [-69.2698491, -28.9528134], [-69.269652, -28.952684], [-69.2693685, -28.9527379], [-69.269122, -28.9526948], [-69.2690974, -28.9525222], [-69.2691097, -28.9523281], [-69.2692699, -28.9521664], [-69.2694548, -28.9519831], [-69.2698122, -28.9518213], [-69.2699724, -28.9516811], [-69.2699601, -28.9515301], [-69.2699354, -28.9512497], [-69.2700217, -28.9505596], [-69.2701572, -28.9500096], [-69.2701326, -28.9498586], [-69.2699724, -28.9498909], [-69.2698122, -28.9500419], [-69.2697251, -28.9500456], [-69.2697048, -28.9499744], [-69.2697373, -28.9498784], [-69.2701853, -28.9491478], [-69.2704965, -28.9485], [-69.2705448, -28.9482466], [-69.2705394, -28.9478382], [-69.2705072, -28.947242], [-69.2705662, -28.9467913], [-69.2707164, -28.9464581], [-69.2711295, -28.9459135], [-69.2714299, -28.9453784], [-69.2717579, -28.9443324], [-69.2722132, -28.9428169], [-69.2726686, -28.9412941], [-69.2728312, -28.9408743], [-69.2728149, -28.9406964], [-69.2726116, -28.9405684], [-69.2720425, -28.9403762], [-69.271701, -28.9402909], [-69.2713432, -28.9403051], [-69.2710505, -28.9404118], [-69.2707578, -28.9406609], [-69.2704813, -28.9409099], [-69.2701642, -28.9410807], [-69.2697252, -28.9411945], [-69.2688714, -28.9414792], [-69.2679445, -28.9419772], [-69.2675623, -28.9422192], [-69.2673428, -28.9423401], [-69.2671964, -28.9423259], [-69.2671233, -28.9422192], [-69.2671639, -28.9420057], [-69.2670501, -28.941899], [-69.2667899, -28.9418207], [-69.2664809, -28.941593], [-69.2661232, -28.9412515], [-69.2653832, -28.9403478], [-69.2648547, -28.9395935], [-69.2642205, -28.9385333], [-69.2632529, -28.9365836], [-69.2625943, -28.9354877], [-69.2623016, -28.9350394], [-69.2612283, -28.9337514], [-69.2597973, -28.9320222], [-69.258659, -28.9308054], [-69.2580979, -28.9302289], [-69.2560245, -28.9282791], [-69.2554472, -28.927724], [-69.2549187, -28.9271618], [-69.2544634, -28.9266138], [-69.2539755, -28.9259235], [-69.2533495, -28.9250837], [-69.252951, -28.9245571], [-69.2523819, -28.9239593], [-69.2518452, -28.9235537], [-69.2515525, -28.9233402], [-69.2513736, -28.923269], [-69.2511541, -28.923269], [-69.2508533, -28.9233829], [-69.2505605, -28.9235323], [-69.2502678, -28.9236319], [-69.2500402, -28.9236675], [-69.249845, -28.9236391], [-69.2496743, -28.9234683], [-69.2494954, -28.9230199], [-69.2486579, -28.920771], [-69.248479, -28.920045], [-69.2477879, -28.9182943], [-69.247422, -28.9173833], [-69.2472187, -28.9168495], [-69.2468935, -28.916579], [-69.246243, -28.9161022], [-69.245438, -28.9154616], [-69.2442835, -28.9145933], [-69.2438281, -28.9141947], [-69.2429988, -28.9129563], [-69.2413075, -28.9103726], [-69.2406001, -28.9091128], [-69.2402342, -28.9083654], [-69.2398033, -28.9075113], [-69.2389333, -28.9056891], [-69.2383804, -28.9044933], [-69.2378438, -28.9036676], [-69.2375348, -28.9032548], [-69.2373234, -28.9030554], [-69.2366729, -28.902728], [-69.2362582, -28.9023792], [-69.2360631, -28.9020162], [-69.235437, -28.9005641], [-69.2348678, -28.8996173], [-69.2344288, -28.899297], [-69.2336319, -28.898578], [-69.2333636, -28.8981367], [-69.2329245, -28.8973109], [-69.2318675, -28.895033], [-69.2306804, -28.8926411], [-69.2293144, -28.8899145], [-69.2279484, -28.8871523], [-69.2267125, -28.8844114], [-69.2254441, -28.8815636], [-69.2245659, -28.8794134], [-69.2239724, -28.8778542], [-69.2233951, -28.8760742], [-69.2227202, -28.8741019], [-69.2225576, -28.8736391], [-69.2222161, -28.8722934], [-69.2220697, -28.8716312], [-69.2219722, -28.8708409], [-69.2218177, -28.8689468], [-69.2218095, -28.8682846], [-69.2217201, -28.8669745], [-69.2215656, -28.8656144], [-69.2214599, -28.8634497], [-69.2214193, -28.8616837], [-69.2214355, -28.8609645], [-69.2214111, -28.8596685], [-69.2212973, -28.859056], [-69.221029, -28.8582727], [-69.2203948, -28.856001], [-69.2200939, -28.8547476], [-69.2196955, -28.8536652], [-69.2194516, -28.8527038], [-69.2194516, -28.8524545], [-69.2193784, -28.8515857], [-69.2193621, -28.8505958], [-69.2193621, -28.8497127], [-69.2193784, -28.8493566], [-69.2192239, -28.8484663], [-69.2190125, -28.8478539], [-69.2187279, -28.8472841], [-69.2183702, -28.8468995], [-69.2179717, -28.846522], [-69.2178091, -28.8464437], [-69.2167602, -28.8462443], [-69.214508, -28.8458098], [-69.2135323, -28.8455891], [-69.2130444, -28.8453612], [-69.2123451, -28.845062], [-69.2114182, -28.8446205], [-69.2094099, -28.8437872], [-69.2082065, -28.8432245], [-69.2074828, -28.8428328], [-69.2071983, -28.8427117], [-69.2069625, -28.8425906], [-69.2067348, -28.8422416], [-69.2062144, -28.8416077], [-69.204637, -28.8401192], [-69.2040191, -28.8393713], [-69.2033442, -28.8384667], [-69.2023359, -28.8372701], [-69.2005959, -28.8352972], [-69.1982624, -28.8323554], [-69.1970346, -28.8309308], [-69.195449, -28.8290075], [-69.1944977, -28.8276897], [-69.1937578, -28.8268065], [-69.1927577, -28.8256026], [-69.1918633, -28.8243489], [-69.1907738, -28.8228458], [-69.1900176, -28.8219553], [-69.1892533, -28.8212073], [-69.1883101, -28.8202171], [-69.1879279, -28.8198396], [-69.1879198, -28.8196971], [-69.1878954, -28.8195048], [-69.1877816, -28.819405], [-69.187619, -28.8194478], [-69.1872205, -28.819519], [-69.1869685, -28.8195332], [-69.1864156, -28.8194905], [-69.1855815, -28.8194196], [-69.1854631, -28.8194156], [-69.1845536, -28.8195546], [-69.1835291, -28.8196259], [-69.1830982, -28.819576], [-69.1820574, -28.8194335], [-69.1812768, -28.8193338], [-69.1806914, -28.8193124], [-69.180171, -28.8193908], [-69.1793498, -28.8194905], [-69.1789189, -28.8196259], [-69.1787562, -28.8197683], [-69.1786587, -28.8200319], [-69.1786343, -28.8202314], [-69.1786912, -28.8205662], [-69.1787888, -28.8210008], [-69.1788375, -28.8212999], [-69.1787481, -28.8216205], [-69.178553, -28.8219055], [-69.1782521, -28.8220479], [-69.1776342, -28.8221548], [-69.1770569, -28.8222616], [-69.1765527, -28.8224184], [-69.1762438, -28.8225181], [-69.1759267, -28.8225537], [-69.175699, -28.8224112], [-69.1755526, -28.8221192], [-69.1751786, -28.8216561], [-69.1748696, -28.8212216], [-69.1746013, -28.8208369], [-69.1739102, -28.8203739], [-69.1727149, -28.8197113], [-69.1720807, -28.8191984], [-69.1714303, -28.8187354], [-69.1707391, -28.8182652], [-69.1696821, -28.8176953], [-69.1687958, -28.8172536], [-69.1685031, -28.8171396], [-69.1681941, -28.816876], [-69.1679583, -28.8167692], [-69.1677245, -28.8166854], [-69.1674602, -28.8172191], [-69.1675297, -28.8179048], [-69.1674649, -28.8180793], [-69.1669508, -28.8184161], [-69.1665109, -28.8184404], [-69.1660181, -28.8184725], [-69.1655152, -28.8185053], [-69.1649363, -28.818907], [-69.1646584, -28.8190978], [-69.1643389, -28.8192722], [-69.1642462, -28.8194994], [-69.1642231, -28.8204692], [-69.164098, -28.8210494], [-69.1638294, -28.8218081], [-69.1635099, -28.8226115], [-69.1629958, -28.8230984], [-69.162329, -28.8233581], [-69.1612314, -28.8232607], [-69.1603005, -28.8229807], [-69.1594623, -28.8229523], [-69.1587167, -28.8224086], [-69.1580591, -28.8221003], [-69.1574445, -28.8218059], [-69.1573135, -28.8217432], [-69.1565632, -28.821585], [-69.1560538, -28.8212036], [-69.1547895, -28.8206639], [-69.1545116, -28.8202501], [-69.154595, -28.8195522], [-69.1546413, -28.8192154], [-69.1544792, -28.8186352], [-69.1547478, -28.8177993], [-69.1541782, -28.816505], [-69.153905, -28.8161925], [-69.1538957, -28.8149509], [-69.1536641, -28.814395], [-69.153641, -28.8140379], [-69.1532612, -28.8134941], [-69.1526962, -28.8125], [-69.1522702, -28.8122849], [-69.1514458, -28.8119197], [-69.1509827, -28.8114531], [-69.1500348, -28.8106988], [-69.1491768, -28.8100962], [-69.1487315, -28.8091723], [-69.1484761, -28.8079557], [-69.1483516, -28.8074679], [-69.1470286, -28.8054765], [-69.1464785, -28.8048567], [-69.1463999, -28.8042024], [-69.1458105, -28.8030431], [-69.1447298, -28.8005466], [-69.1446124, -28.8003917], [-69.1417504, -28.7955357], [-69.1397619, -28.7906531], [-69.1394468, -28.7892947], [-69.1381109, -28.7886576], [-69.1359014, -28.7872803], [-69.1296373, -28.7827835], [-69.123232, -28.7770661]]}, "properties": {"osm_id": 646049422, "nombre": "Camino a Parque Nacional San Guillermo", "highway": "track", "surface": "unpaved"}}, {"type": "Feature", "geometry": {"type": "LineString", "coordinates": [[-68.5636925, -29.5240465], [-68.5623031, -29.5238004]]}, "properties": {"osm_id": 775455313, "nombre": "", "highway": "residential", "surface": ""}}, {"type": "Feature", "geometry": {"type": "LineString", "coordinates": [[-68.5607658, -29.5254628], [-68.5608539, -29.5250551]]}, "properties": {"osm_id": 775455314, "nombre": "", "highway": "service", "surface": ""}}, {"type": "Feature", "geometry": {"type": "LineString", "coordinates": [[-68.5589191, -29.5217177], [-68.5579538, -29.5215929], [-68.5578458, -29.5221986]]}, "properties": {"osm_id": 775455315, "nombre": "", "highway": "residential", "surface": ""}}, {"type": "Feature", "geometry": {"type": "LineString", "coordinates": [[-68.5550112, -29.5216491], [-68.5547596, -29.522812], [-68.5552873, -29.5229014]]}, "properties": {"osm_id": 775455316, "nombre": "", "highway": "service", "surface": ""}}, {"type": "Feature", "geometry": {"type": "LineString", "coordinates": [[-68.5530541, -29.5243211], [-68.5532838, -29.5232183]]}, "properties": {"osm_id": 775455317, "nombre": "", "highway": "residential", "surface": ""}}, {"type": "Feature", "geometry": {"type": "LineString", "coordinates": [[-68.5364854, -29.5238442], [-68.5362664, -29.5231614], [-68.536173, -29.5229054], [-68.5358134, -29.5223487], [-68.5356079, -29.522113], [-68.5349735, -29.5216158]]}, "properties": {"osm_id": 775455318, "nombre": "", "highway": "unclassified", "surface": ""}}, {"type": "Feature", "geometry": {"type": "LineString", "coordinates": [[-68.536173, -29.5229054], [-68.5363411, -29.5230477], [-68.5364392, -29.5231127], [-68.5369192, -29.5233354]]}, "properties": {"osm_id": 775455319, "nombre": "", "highway": "unclassified", "surface": ""}}, {"type": "Feature", "geometry": {"type": "LineString", "coordinates": [[-68.5538343, -29.5262835], [-68.5555443, -29.5266066], [-68.5562321, -29.5267366]]}, "properties": {"osm_id": 775455320, "nombre": "", "highway": "residential", "surface": ""}}, {"type": "Feature", "geometry": {"type": "LineString", "coordinates": [[-68.5566766, -29.5336748], [-68.5542441, -29.5330729]]}, "properties": {"osm_id": 775455321, "nombre": "", "highway": "residential", "surface": ""}}, {"type": "Feature", "geometry": {"type": "LineString", "coordinates": [[-68.5550248, -29.5305841], [-68.5561325, -29.5308455], [-68.5562866, -29.5308699], [-68.5564594, -29.5308658], [-68.5565995, -29.5308739], [-68.5570292, -29.5309552]]}, "properties": {"osm_id": 775455322, "nombre": "", "highway": "unclassified", "surface": ""}}, {"type": "Feature", "geometry": {"type": "LineString", "coordinates": [[-68.5570787, -29.5323828], [-68.5589579, -29.5326861]]}, "properties": {"osm_id": 775455323, "nombre": "", "highway": "residential", "surface": ""}}, {"type": "Feature", "geometry": {"type": "LineString", "coordinates": [[-68.5513705, -29.5466677], [-68.5519295, -29.5466302], [-68.5537088, -29.5463987], [-68.5541265, -29.5463465], [-68.5553311, -29.546251], [-68.5557319, -29.5462522], [-68.5572954, -29.5462605], [-68.5581873, -29.5462605], [-68.5584685, -29.5462513], [-68.5586683, -29.546228], [-68.5589252, -29.5461874], [-68.559272, -29.5461383], [-68.5609566, -29.546163], [-68.5612182, -29.546163], [-68.5614657, -29.5461143], [-68.5617879, -29.5460208], [-68.5619747, -29.5460046], [-68.5632229, -29.5459623]]}, "properties": {"osm_id": 775455324, "nombre": "", "highway": "residential", "surface": ""}}, {"type": "Feature", "geometry": {"type": "LineString", "coordinates": [[-68.5661064, -29.5365126], [-68.5662825, -29.5358684], [-68.5663733, -29.5355364], [-68.5664561, -29.5352334], [-68.5664585, -29.5351477], [-68.5663903, -29.5351251], [-68.5647392, -29.5348309], [-68.5647023, -29.5348533], [-68.5646753, -29.534903], [-68.5645718, -29.535225]]}, "properties": {"osm_id": 775455325, "nombre": "", "highway": "residential", "surface": ""}}, {"type": "Feature", "geometry": {"type": "LineString", "coordinates": [[-68.5662825, -29.5358684], [-68.5644882, -29.5355777], [-68.5636144, -29.5354362], [-68.5616762, -29.5351668]]}, "properties": {"osm_id": 775455326, "nombre": "", "highway": "residential", "surface": ""}}, {"type": "Feature", "geometry": {"type": "LineString", "coordinates": [[-68.5663733, -29.5355364], [-68.5645718, -29.535225], [-68.5644882, -29.5355777]]}, "properties": {"osm_id": 775455327, "nombre": "", "highway": "residential", "surface": ""}}, {"type": "Feature", "geometry": {"type": "LineString", "coordinates": [[-68.5635175, -29.5292829], [-68.5634276, -29.5297477], [-68.5639348, -29.5298285]]}, "properties": {"osm_id": 775455328, "nombre": "", "highway": "residential", "surface": ""}}, {"type": "Feature", "geometry": {"type": "LineString", "coordinates": [[-68.5680197, -29.5299863], [-68.5681654, -29.5297542]]}, "properties": {"osm_id": 775455329, "nombre": "", "highway": "residential", "surface": ""}}, {"type": "Feature", "geometry": {"type": "LineString", "coordinates": [[-68.5683988, -29.5368112], [-68.5682891, -29.537224]]}, "properties": {"osm_id": 775455330, "nombre": "", "highway": "residential", "surface": ""}}, {"type": "Feature", "geometry": {"type": "LineString", "coordinates": [[-68.5769244, -29.5358309], [-68.5773068, -29.534075], [-68.5775251, -29.5333299], [-68.5770209, -29.5331759]]}, "properties": {"osm_id": 775455331, "nombre": "", "highway": "residential", "surface": ""}}, {"type": "Feature", "geometry": {"type": "LineString", "coordinates": [[-68.5663806, -29.5218666], [-68.5665654, -29.5215089]]}, "properties": {"osm_id": 775455332, "nombre": "", "highway": "residential", "surface": ""}}, {"type": "Feature", "geometry": {"type": "LineString", "coordinates": [[-68.8196973, -28.8170495], [-68.8194138, -28.8168839], [-68.8184752, -28.816663], [-68.812752, -28.8160799], [-68.803183, -28.8143982], [-68.8027067, -28.8141527], [-68.8008573, -28.8139685], [-68.7968644, -28.8139685], [-68.7924091, -28.8132811], [-68.7907528, -28.8126975], [-68.788926, -28.8123648], [-68.7871894, -28.812082], [-68.7865553, -28.8117069]]}, "properties": {"osm_id": 805589873, "nombre": "Camino a Parque Nacional San Guillermo", "highway": "track", "surface": "unpaved"}}, {"type": "Feature", "geometry": {"type": "LineString", "coordinates": [[-68.7865553, -28.8117069], [-68.7860174, -28.8112789], [-68.7853551, -28.8110388], [-68.7851864, -28.8109776], [-68.784033, -28.8111031], [-68.7831948, -28.8110529], [-68.7824784, -28.8103875], [-68.7821417, -28.809107], [-68.7811674, -28.8086927], [-68.7801628, -28.8077411], [-68.7793979, -28.8070166], [-68.7780869, -28.8057549], [-68.7773276, -28.8046877], [-68.7765324, -28.8031748], [-68.7761284, -28.802883]]}, "properties": {"osm_id": 805589874, "nombre": "Camino a Parque Nacional San Guillermo", "highway": "track", "surface": "unpaved"}}, {"type": "Feature", "geometry": {"type": "LineString", "coordinates": [[-68.7761284, -28.802883], [-68.7759062, -28.8027721], [-68.7752313, -28.8025297], [-68.7747011, -28.8024077], [-68.7743009, -28.8022577], [-68.7741159, -28.8021983], [-68.7737509, -28.8017347], [-68.7729635, -28.8015509], [-68.7717564, -28.8016326], [-68.7704665, -28.8018233], [-68.7695961, -28.8016235], [-68.7689304, -28.801914], [-68.768516, -28.8022137], [-68.7682363, -28.802191], [-68.7680549, -28.8023113], [-68.7679487, -28.8025587], [-68.7678607, -28.8027176], [-68.7675472, -28.8028833], [-68.7671328, -28.8027947], [-68.7663738, -28.8028492], [-68.7660164, -28.8027675], [-68.7657755, -28.8028901], [-68.7655864, -28.8030694], [-68.7645218, -28.8030376], [-68.7636282, -28.8030535], [-68.7629107, -28.8029559], [-68.7625281, -28.8027242], [-68.7613449, -28.8024417], [-68.7605903, -28.8017034], [-68.7597295, -28.801193], [-68.758125, -28.8007275], [-68.7568685, -28.7998897], [-68.7563703, -28.7990615], [-68.7558172, -28.7979732], [-68.7555131, -28.796763], [-68.7551541, -28.7960568], [-68.7549123, -28.7960118], [-68.75459, -28.7960439], [-68.7543885, -28.7962237], [-68.7538134, -28.7967566], [-68.7535973, -28.796702], [-68.7530551, -28.796442], [-68.7521393, -28.7962301], [-68.7514726, -28.7956491], [-68.7510953, -28.795434], [-68.7505312, -28.7952542], [-68.7501209, -28.7952125], [-68.7499744, -28.7951611], [-68.7497472, -28.7951707], [-68.7494578, -28.7950776], [-68.7488278, -28.7950359], [-68.7484541, -28.7950134], [-68.7478717, -28.794747], [-68.7472379, -28.7946732], [-68.7466738, -28.7943264], [-68.7462379, -28.7942719], [-68.7459558, -28.7940793], [-68.7458239, -28.793983], [-68.7453917, -28.793999], [-68.7450034, -28.793922], [-68.7449961, -28.7936491], [-68.7445492, -28.7932285], [-68.7438312, -28.7928337], [-68.7430949, -28.7927149], [-68.7427652, -28.7923489], [-68.7419703, -28.7916844], [-68.7414867, -28.7914179], [-68.740798, -28.7906603], [-68.7404354, -28.7901594], [-68.7403621, -28.7897774], [-68.7401936, -28.7892316], [-68.7397284, -28.7888175], [-68.7390983, -28.787986], [-68.738765, -28.7875879], [-68.738014, -28.7866247], [-68.7374242, -28.78579], [-68.7371568, -28.7854304], [-68.736948, -28.7853759], [-68.7364388, -28.7854625], [-68.7353728, -28.785225], [-68.7349333, -28.7850002], [-68.7343655, -28.7849296], [-68.7337354, -28.7845283], [-68.7326731, -28.783655], [-68.7318635, -28.7823996], [-68.7312957, -28.7812149], [-68.7311052, -28.7802806], [-68.7307352, -28.7798183], [-68.7298927, -28.7791119], [-68.728878, -28.7784023], [-68.7283505, -28.7781712], [-68.7273614, -28.7775097], [-68.7265042, -28.776858], [-68.7261172, -28.7763959], [-68.7260367, -28.7761484], [-68.726148, -28.7757253], [-68.7262079, -28.7753367], [-68.7261289, -28.7751119], [-68.7255601, -28.7742781], [-68.7250057, -28.7739662], [-68.7245628, -28.773423], [-68.7241125, -28.7725955], [-68.7238462, -28.7718401], [-68.7235291, -28.7713372], [-68.7226722, -28.7701872], [-68.7218323, -28.7694573], [-68.7214304, -28.7690456], [-68.7213239, -28.768808], [-68.7213723, -28.7685555], [-68.7214643, -28.7681757], [-68.7214909, -28.7676813], [-68.7214595, -28.7674457], [-68.7208422, -28.7663954], [-68.7203677, -28.7661365], [-68.7198618, -28.7659477], [-68.7196173, -28.7655594], [-68.71946, -28.7651732], [-68.7192857, -28.7648782], [-68.7189347, -28.7648145], [-68.7184917, -28.7646533], [-68.7180584, -28.7644411], [-68.7174605, -28.7643477], [-68.7163979, -28.763779], [-68.7160662, -28.7634819], [-68.7158774, -28.7631594], [-68.7156063, -28.7629111], [-68.7154151, -28.7627117], [-68.7148535, -28.7625334], [-68.7143536, -28.7623615], [-68.7138029, -28.7622077], [-68.7133611, -28.762127], [-68.7129932, -28.7619955], [-68.7125079, -28.7614522], [-68.7120195, -28.7605602], [-68.7118736, -28.7604012], [-68.7115752, -28.7602537], [-68.7114427, -28.7602362], [-68.7107722, -28.7599327], [-68.7102191, -28.7598776], [-68.7096582, -28.759739], [-68.709446, -28.7595364], [-68.7088034, -28.7590333], [-68.7086098, -28.7588126], [-68.708139, -28.7586131], [-68.7076004, -28.7581823], [-68.7071743, -28.7580009], [-68.7066285, -28.757934], [-68.7056723, -28.7578545], [-68.7051979, -28.7577738], [-68.7043652, -28.7574449], [-68.7041691, -28.7571202], [-68.7039657, -28.7569632], [-68.7037406, -28.7567021], [-68.7035349, -28.7565706], [-68.7033388, -28.7565685], [-68.7026925, -28.7563881], [-68.7022277, -28.7560804], [-68.7018235, -28.7557281], [-68.7015257, -28.7555392], [-68.7009496, -28.7552697], [-68.7007414, -28.7549365], [-68.7006712, -28.7543848], [-68.7006833, -28.7538203], [-68.7006785, -28.7535868], [-68.7005623, -28.7533831], [-68.7003432, -28.7531634], [-68.7001992, -28.7529969], [-68.7000794, -28.7526488], [-68.700077, -28.7522053], [-68.7001543, -28.751807], [-68.700156, -28.7515279], [-68.7000413, -28.7512622], [-68.6997127, -28.7510206], [-68.6994183, -28.7508165], [-68.6991547, -28.7505419], [-68.6988893, -28.7503573], [-68.6985522, -28.7503003], [-68.6980968, -28.7501593], [-68.6976415, -28.7498486], [-68.6970887, -28.7494885], [-68.6967669, -28.7492784], [-68.6962328, -28.7490908], [-68.6957193, -28.7486406], [-68.6951785, -28.7480343], [-68.6947283, -28.7475961], [-68.6940042, -28.7470393], [-68.6934206, -28.7465786], [-68.6928129, -28.7462034], [-68.6921882, -28.7459618], [-68.6918715, -28.7457352], [-68.6914076, -28.7448243], [-68.691204, -28.7442645], [-68.6909951, -28.7437707], [-68.690978, -28.7430594], [-68.6906699, -28.7421229], [-68.6905261, -28.7415046], [-68.6903498, -28.7405726], [-68.6900999, -28.7400293], [-68.6895745, -28.7390823], [-68.6891722, -28.7386575], [-68.6887529, -28.7381127], [-68.6885115, -28.737721], [-68.6882171, -28.7370592], [-68.6877173, -28.7364183], [-68.6871918, -28.7358194], [-68.686894, -28.7354887], [-68.6865705, -28.7348463], [-68.6862778, -28.7343796], [-68.6861357, -28.7340133], [-68.6862692, -28.7335736], [-68.6864455, -28.7329357], [-68.6864592, -28.7323969], [-68.6863001, -28.7319046], [-68.6860793, -28.7312051], [-68.6860108, -28.730974], [-68.6861494, -28.7304982], [-68.6860553, -28.7299458], [-68.6856613, -28.7293326], [-68.6850731, -28.7287191], [-68.6843905, -28.7284028], [-68.6840177, -28.7279613], [-68.6837175, -28.7272778], [-68.6835596, -28.7268324], [-68.6832846, -28.7263916], [-68.6830056, -28.7260224], [-68.6827934, -28.7259683], [-68.6822713, -28.7257312], [-68.6814942, -28.7254805], [-68.6808712, -28.7251488], [-68.6800033, -28.7245919], [-68.6789798, -28.724017], [-68.6777268, -28.7234901], [-68.6764499, -28.7229273], [-68.6758063, -28.7226526], [-68.6748221, -28.7223779], [-68.6741717, -28.7222323], [-68.6734733, -28.7223629], [-68.6726842, -28.7223118], [-68.6722101, -28.7222188], [-68.6719431, -28.7219005], [-68.6714382, -28.7215988], [-68.6708048, -28.7214427], [-68.6697522, -28.7214187], [-68.6689682, -28.7214457], [-68.6681261, -28.7213691], [-68.6675766, -28.7212851], [-68.6672737, -28.7212836], [-68.6669057, -28.721201], [-68.6660293, -28.721147], [-68.6652864, -28.7210959], [-68.6649526, -28.7210134], [-68.6647284, -28.7208798], [-68.6643741, -28.7208483], [-68.6635337, -28.7209849], [-68.6630989, -28.7210419], [-68.6625803, -28.7209789], [-68.6618203, -28.7207492], [-68.6613821, -28.7206366], [-68.6608121, -28.7199926], [-68.6603791, -28.7199086], [-68.6591004, -28.7198485], [-68.6579245, -28.7196699], [-68.6575942, -28.7195273], [-68.6573973, -28.7192736], [-68.6572227, -28.7191655], [-68.6565056, -28.7189719], [-68.6561256, -28.7189719], [-68.6558791, -28.7190425], [-68.6553759, -28.7190575], [-68.6546741, -28.7190019], [-68.6539055, -28.7186161], [-68.6531883, -28.7182484], [-68.6524078, -28.7177005], [-68.6512901, -28.7168388], [-68.650768, -28.716498], [-68.6502374, -28.7162879], [-68.6497753, -28.7161948], [-68.6490461, -28.7162098], [-68.6487072, -28.7162609], [-68.6483546, -28.716408], [-68.6480157, -28.716444], [-68.6478171, -28.716441], [-68.6476186, -28.716486], [-68.6470708, -28.716453], [-68.6466549, -28.7164425], [-68.6459976, -28.7161903], [-68.6459001, -28.7161603], [-68.6456878, -28.7162293], [-68.6455149, -28.7162579], [-68.6452291, -28.7161228], [-68.6451469, -28.7161107], [-68.6449895, -28.7161678], [-68.6443869, -28.7161213], [-68.6441935, -28.7161378], [-68.6439162, -28.7163149], [-68.6433685, -28.7165611], [-68.6428225, -28.7165491], [-68.6423603, -28.7164545], [-68.6413864, -28.716477], [-68.6401112, -28.7162969], [-68.6395874, -28.7163134], [-68.638913, -28.716477], [-68.6383396, -28.7165971], [-68.6378261, -28.7167697], [-68.6376173, -28.7169064], [-68.6373845, -28.7169439], [-68.6368625, -28.7169033], [-68.6363661, -28.7167127], [-68.6356797, -28.7166196], [-68.6352278, -28.7166106], [-68.6343651, -28.7163885], [-68.6338482, -28.7163239], [-68.6334888, -28.7163194], [-68.6329188, -28.7163434], [-68.6317566, -28.7162984], [-68.6308853, -28.7161783], [-68.6302948, -28.7160057], [-68.629658, -28.7158841], [-68.629427, -28.7159201], [-68.6291018, -28.7159997], [-68.6287115, -28.7160282], [-68.6285164, -28.7161182], [-68.6284137, -28.7162383], [-68.6283503, -28.7166181], [-68.6281466, -28.717109], [-68.6276246, -28.7177365], [-68.6272052, -28.7180637], [-68.6267653, -28.7182469], [-68.6265308, -28.7182349], [-68.6256836, -28.7179917], [-68.6243724, -28.71775], [-68.6234207, -28.7176659], [-68.6228559, -28.7175924], [-68.6221096, -28.7176329], [-68.6213804, -28.7176809], [-68.6204407, -28.7176644], [-68.6199289, -28.7175774], [-68.6192562, -28.7174002], [-68.6181265, -28.7173011], [-68.6177945, -28.7172216], [-68.6173306, -28.717052], [-68.616699, -28.7168688], [-68.6165296, -28.7168298], [-68.6160297, -28.7168898], [-68.6156754, -28.7169994], [-68.6152424, -28.7170535], [-68.6146929, -28.7171645], [-68.614277, -28.7172276], [-68.6140442, -28.7173267], [-68.6138337, -28.7174648], [-68.6136403, -28.7177605], [-68.613048, -28.7181928], [-68.6125208, -28.7184945], [-68.6122316, -28.7187272], [-68.6116308, -28.7191055], [-68.6112405, -28.7193547], [-68.6108057, -28.71985], [-68.6104121, -28.7200992], [-68.609967, -28.7202598], [-68.6087962, -28.7208438], [-68.6080859, -28.7212731], [-68.6078223, -28.7216048], [-68.6076443, -28.7219035], [-68.6074765, -28.7222968], [-68.6071171, -28.7226315], [-68.6067371, -28.7227396], [-68.6062407, -28.7227081], [-68.6057769, -28.7226015], [-68.6051829, -28.7225445], [-68.6042141, -28.7222908], [-68.6037896, -28.7222458], [-68.6031306, -28.7220611], [-68.6023005, -28.7218015], [-68.6017425, -28.7215433], [-68.6014378, -28.7212821], [-68.6008267, -28.7212491], [-68.6002262, -28.7211363], [-68.5993053, -28.72068], [-68.5986977, -28.720307], [-68.598417, -28.7201089], [-68.5981517, -28.7197666], [-68.5979429, -28.7194754], [-68.5976309, -28.7192362], [-68.597447, -28.7190685], [-68.5968781, -28.7188392], [-68.5964376, -28.7184189], [-68.5960987, -28.7180219], [-68.5954838, -28.7176249], [-68.5949561, -28.7174041], [-68.5942251, -28.7172067], [-68.5934384, -28.7168904], [-68.5925354, -28.7163936], [-68.5911581, -28.715417], [-68.5902189, -28.7149585], [-68.5896185, -28.7145105], [-68.5892119, -28.714088], [-68.588476, -28.7135806], [-68.5868777, -28.7121183], [-68.5863505, -28.7117279], [-68.5860595, -28.7112656], [-68.5853748, -28.7108963], [-68.5845977, -28.7102627], [-68.5842383, -28.7100165], [-68.583735, -28.7097253], [-68.582708, -28.7088366], [-68.581729, -28.708218], [-68.5808937, -28.7077286], [-68.5799488, -28.7068309], [-68.5797092, -28.7066837], [-68.5792025, -28.7062904], [-68.5788842, -28.7061012], [-68.578042, -28.7052665], [-68.5774464, -28.7049663], [-68.5769637, -28.7045909], [-68.5764673, -28.7042997], [-68.5758271, -28.7038072], [-68.5753376, -28.703576], [-68.5750603, -28.7033749], [-68.5743996, -28.7028344], [-68.5738861, -28.7025851], [-68.5726845, -28.7021407], [-68.5722121, -28.7019786], [-68.5712536, -28.7014591], [-68.5708325, -28.7010928], [-68.5702779, -28.7009607], [-68.5699903, -28.7009937], [-68.5695556, -28.7012609], [-68.569381, -28.701309], [-68.5689531, -28.701282], [-68.5684533, -28.7016663], [-68.5668306, -28.7025821], [-68.5655845, -28.7031947], [-68.5647526, -28.7033809], [-68.5643316, -28.703597], [-68.564044, -28.703549], [-68.563931, -28.7034019], [-68.5639139, -28.7031707], [-68.5634318, -28.7029963], [-68.5610589, -28.7021377], [-68.5607987, -28.7018945], [-68.5608192, -28.701351], [-68.560494, -28.7009487], [-68.5602099, -28.7009877], [-68.5594807, -28.7014381], [-68.5592513, -28.7014441], [-68.5589056, -28.701333], [-68.5533792, -28.6993324], [-68.539093, -28.6940459], [-68.5283655, -28.6900763]]}, "properties": {"osm_id": 805589883, "nombre": "Camino a Parque Nacional San Guillermo", "highway": "track", "surface": "unpaved"}}, {"type": "Feature", "geometry": {"type": "LineString", "coordinates": [[-68.8203657, -28.8174755], [-68.8201659, -28.817341], [-68.8200443, -28.8172522], [-68.8196973, -28.8170495]]}, "properties": {"osm_id": 805589884, "nombre": "Camino a Parque Nacional San Guillermo", "highway": "track", "surface": "unpaved"}}, {"type": "Feature", "geometry": {"type": "LineString", "coordinates": [[-68.5593284, -29.5251541], [-68.5586658, -29.5272833], [-68.5570787, -29.5323828], [-68.5566766, -29.5336748], [-68.5563441, -29.5348085], [-68.5561068, -29.5356175]]}, "properties": {"osm_id": 865987899, "nombre": "Mariano Moreno", "highway": "residential", "surface": ""}}, {"type": "Feature", "geometry": {"type": "LineString", "coordinates": [[-69.123232, -28.7770661], [-69.1216602, -28.7756195], [-69.1175602, -28.7721751], [-69.1141415, -28.7692242], [-69.1112728, -28.7674905], [-69.1057714, -28.7655701], [-69.102103, -28.7644446], [-69.0964531, -28.7627233], [-69.0928593, -28.7615785], [-69.0892656, -28.7607746], [-69.0835508, -28.7601251], [-69.080522, -28.7593781], [-69.0772339, -28.758964], [-69.0745849, -28.7581845], [-69.0722231, -28.7575186], [-69.0708801, -28.757405], [-69.0699353, -28.7574699], [-69.0672307, -28.7568041], [-69.0637759, -28.7557241], [-69.0608798, -28.7550298], [-69.0603211, -28.7548959], [-69.05908, -28.7543194], [-69.0554214, -28.7521431], [-69.0533652, -28.7508114], [-69.0527446, -28.7501131], [-69.0515591, -28.7491954], [-69.0481783, -28.7467999], [-69.0464278, -28.74533], [-69.0438529, -28.7428044], [-69.041315, -28.7398808], [-69.0388791, -28.7374607], [-69.0379806, -28.7364374], [-69.0371192, -28.7351217], [-69.0347666, -28.7336273], [-69.0323585, -28.7323765], [-69.0260694, -28.7300293], [-69.0195057, -28.7275128], [-69.0187647, -28.726993], [-69.0161527, -28.7265544], [-69.0154673, -28.7267169], [-69.0149301, -28.7265707], [-69.0111882, -28.7264732], [-69.0104102, -28.7262945], [-69.0080575, -28.7264894], [-69.0065906, -28.7263243], [-69.0043897, -28.7267981], [-69.0022409, -28.7278215], [-68.9989991, -28.7288286], [-68.9939352, -28.7309824], [-68.9929293, -28.731417], [-68.9911869, -28.732706], [-68.9893433, -28.7346466], [-68.9882692, -28.7366911], [-68.9862782, -28.73908], [-68.9862782, -28.7405731], [-68.9860162, -28.7442023], [-68.9858066, -28.7452819], [-68.983868, -28.7470275], [-68.9828725, -28.7481932], [-68.9817918, -28.7486927], [-68.9787005, -28.7492727], [-68.9754979, -28.7495425], [-68.9740439, -28.7498813], [-68.9731008, -28.7497493], [-68.9715617, -28.7498526], [-68.9630082, -28.7502718], [-68.9562262, -28.7508356], [-68.9480815, -28.7529731], [-68.9438217, -28.7525503], [-68.9385705, -28.7537012], [-68.9381145, -28.7545675], [-68.937584, -28.7560581], [-68.9375083, -28.7564525], [-68.9375888, -28.7568719], [-68.9375177, -28.7576898], [-68.9375793, -28.7583873], [-68.9373046, -28.7598696], [-68.9364142, -28.7616424], [-68.9360306, -28.7627343], [-68.9357701, -28.7643535], [-68.9355996, -28.7653333], [-68.9357417, -28.766118], [-68.9366794, -28.7665705], [-68.9369873, -28.7667366], [-68.9377593, -28.767542], [-68.9379913, -28.7680734], [-68.9382424, -28.7689286], [-68.9395211, -28.7700329], [-68.9403073, -28.7706847], [-68.9414298, -28.7712659], [-68.9416713, -28.7715399], [-68.9417045, -28.7718471], [-68.9415955, -28.7729805], [-68.9414866, -28.7741221], [-68.9415103, -28.7744044], [-68.9418844, -28.7749191], [-68.9431727, -28.7768785], [-68.9433006, -28.7772355], [-68.9432721, -28.7779163], [-68.9430401, -28.7787134], [-68.9430259, -28.7796058], [-68.94322, -28.7800044], [-68.9443946, -28.7812331], [-68.9447545, -28.7815402], [-68.9448351, -28.7819512], [-68.9449014, -28.7829184], [-68.9447924, -28.7843712], [-68.9439494, -28.7850893], [-68.9438026, -28.7854878], [-68.9435895, -28.7865338], [-68.9426517, -28.7887877], [-68.941856, -28.7902322], [-68.9415245, -28.7905559], [-68.9405489, -28.7911121], [-68.9403026, -28.7916102], [-68.9393554, -28.7920875], [-68.939038, -28.792046], [-68.9384981, -28.7907095], [-68.9380198, -28.7901741], [-68.937925, -28.7895847], [-68.9378019, -28.7889205], [-68.9378824, -28.7878953], [-68.937764, -28.7870942], [-68.9377072, -28.7866293], [-68.93676, -28.7859154], [-68.9366842, -28.7855252], [-68.9365184, -28.7850271], [-68.9361632, -28.7846618], [-68.9356517, -28.7845165], [-68.9348229, -28.7839354], [-68.9346855, -28.7835452], [-68.9340319, -28.782578], [-68.9334068, -28.7822044], [-68.9328621, -28.7820342], [-68.9324548, -28.7815319], [-68.9321896, -28.781395], [-68.9315028, -28.7812497], [-68.931195, -28.7812497], [-68.930352, -28.7806893], [-68.9301909, -28.7805025], [-68.9301018, -28.7800782], [-68.9298606, -28.779453], [-68.9297032, -28.7789569], [-68.9295492, -28.7788454], [-68.9292645, -28.7787309], [-68.9289028, -28.7785342], [-68.9283871, -28.778364], [-68.9278345, -28.7778885], [-68.9269671, -28.7765764], [-68.9268231, -28.7765411], [-68.9264012, -28.7763826], [-68.925517, -28.7759511], [-68.9249109, -28.77564], [-68.9247401, -28.775637], [-68.9244152, -28.7756165], [-68.9242712, -28.7754785], [-68.9240736, -28.7755901], [-68.9234775, -28.7756341], [-68.9231326, -28.7754991], [-68.9225432, -28.7755578], [-68.9222652, -28.7756458], [-68.9218834, -28.7758543], [-68.9214112, -28.7762417], [-68.9207481, -28.7763768], [-68.9201018, -28.7764589], [-68.9195224, -28.7763034], [-68.9193717, -28.7762505], [-68.9186651, -28.7762946], [-68.9182934, -28.7762564], [-68.9181406, -28.7762821], [-68.9180489, -28.7762975], [-68.9175398, -28.776227], [-68.9174059, -28.7762505], [-68.9168466, -28.776591], [-68.9162003, -28.7767994], [-68.9157549, -28.7768787], [-68.9151319, -28.7771634], [-68.914787, -28.7772486], [-68.9145861, -28.7774863], [-68.9145224, -28.7779002], [-68.9146095, -28.7781233], [-68.9145526, -28.7782495], [-68.91401, -28.778728], [-68.9135245, -28.7790538], [-68.9128044, -28.7789452], [-68.9125466, -28.7790097], [-68.9120978, -28.7794677], [-68.91163, -28.7796974], [-68.911207, -28.779905], [-68.9103095, -28.7804627], [-68.9093584, -28.7811613], [-68.908779, -28.7813756], [-68.908655, -28.7814144], [-68.9076437, -28.7817307], [-68.9073724, -28.782215], [-68.9072351, -28.7827522], [-68.9067897, -28.7830604], [-68.9064816, -28.7832717], [-68.9059173, -28.7836222], [-68.9047996, -28.7837675], [-68.9040371, -28.7840249], [-68.9026636, -28.7848301], [-68.9022279, -28.7852369], [-68.9012854, -28.7864863], [-68.9010107, -28.7870342], [-68.9004897, -28.7877855], [-68.9000303, -28.788844], [-68.8999885, -28.7894465], [-68.8999356, -28.7902096], [-68.8999214, -28.7906215], [-68.8999557, -28.7908156], [-68.9000054, -28.7909494], [-68.8999462, -28.7910843], [-68.899456, -28.7915471], [-68.8989232, -28.7919622], [-68.8984094, -28.7922507], [-68.8979642, -28.7923357], [-68.8973058, -28.7924914], [-68.8969293, -28.7927612], [-68.8966736, -28.7929272], [-68.8963539, -28.7930642], [-68.8960934, -28.7932489], [-68.8960223, -28.793427], [-68.895975, -28.7935456], [-68.8956316, -28.793913], [-68.895248, -28.7943571], [-68.894791, -28.7949215], [-68.8946794, -28.7951021], [-68.8946264, -28.7955793], [-68.8947103, -28.7961151], [-68.8946983, -28.7964257], [-68.8947856, -28.796957], [-68.8948438, -28.7975437], [-68.8948592, -28.7980224], [-68.8947719, -28.7986002], [-68.8946434, -28.7991517], [-68.8946398, -28.7993979], [-68.8946489, -28.7999699], [-68.8945358, -28.8007232], [-68.8945153, -28.8013084], [-68.8944879, -28.8017586], [-68.8947276, -28.8018877], [-68.894714, -28.8020232], [-68.8947063, -28.8021005], [-68.8946046, -28.8022109], [-68.8945852, -28.8025228], [-68.8943939, -28.8027117], [-68.8941033, -28.8028178], [-68.8936286, -28.8028581], [-68.893384, -28.8029855], [-68.8932285, -28.8031009], [-68.8927979, -28.8034205], [-68.8925267, -28.8037707], [-68.8922676, -28.804471], [-68.8922167, -28.8049909], [-68.8921441, -28.8061092], [-68.8920448, -28.8068435], [-68.891822, -28.8074928], [-68.891265, -28.8080955], [-68.8906619, -28.8086663], [-68.8902745, -28.8092541], [-68.8897562, -28.8097188], [-68.8888044, -28.8101008], [-68.8878309, -28.8104382], [-68.8870462, -28.810869], [-68.8863657, -28.8113761], [-68.8858735, -28.8117016], [-68.8852905, -28.812087], [-68.8847553, -28.8124498], [-68.8839464, -28.8125008], [-68.8835952, -28.8124732], [-68.8833825, -28.8125017], [-68.8830721, -28.8125432], [-68.8824522, -28.812592], [-68.8823188, -28.8125685], [-68.8820308, -28.8125177], [-68.8816239, -28.812505], [-68.8815626, -28.8125227], [-68.8811468, -28.8126429], [-68.8804784, -28.8130991], [-68.8803424, -28.8132329], [-68.880103, -28.8134684], [-68.8798488, -28.8140286], [-68.8794661, -28.8145145], [-68.8791222, -28.8149134], [-68.8790285, -28.8150034], [-68.8788171, -28.8152062], [-68.8784926, -28.8154248], [-68.8780034, -28.8156073], [-68.8777418, -28.8158598], [-68.8773204, -28.8161038], [-68.8768797, -28.8162735], [-68.8767537, -28.8164072], [-68.8764752, -28.8167361], [-68.8762645, -28.8169186], [-68.8761992, -28.8172284], [-68.8759957, -28.8178204], [-68.8756494, -28.8182808], [-68.8754266, -28.818423], [-68.875153, -28.818476], [-68.8748163, -28.8186373], [-68.8745524, -28.8190234], [-68.8741479, -28.8192653], [-68.8737265, -28.8193948], [-68.8732664, -28.8195242], [-68.8727699, -28.8194945], [-68.8722154, -28.8196791], [-68.8716026, -28.8200207], [-68.8711159, -28.8201586], [-68.8709681, -28.8202605], [-68.8710747, -28.8207209], [-68.8710892, -28.8210349], [-68.8709536, -28.8212047], [-68.8706678, -28.8212768], [-68.8702804, -28.8212301], [-68.868033, -28.8215484], [-68.8677569, -28.8215951], [-68.8667349, -28.8217903], [-68.8659938, -28.8218454], [-68.8651172, -28.8219812], [-68.8641775, -28.821994], [-68.8634752, -28.822291], [-68.8628019, -28.822622], [-68.8618478, -28.8226559], [-68.8615087, -28.8225965], [-68.8606999, -28.8228257], [-68.8595035, -28.8229233], [-68.8587963, -28.8226644], [-68.8580747, -28.8219685], [-68.8576, -28.8217903], [-68.8567475, -28.8215738], [-68.855682, -28.821001], [-68.8553235, -28.8208058], [-68.8548925, -28.8208779], [-68.8538317, -28.8211792], [-68.8530132, -28.821141], [-68.8523641, -28.8210943], [-68.851904, -28.8214126], [-68.8514439, -28.8215908], [-68.8508869, -28.8215908], [-68.8503977, -28.8214168], [-68.8500296, -28.8212344], [-68.8495016, -28.8210137], [-68.8489979, -28.8209118], [-68.8486346, -28.8207039], [-68.8486158, -28.8206654], [-68.8485184, -28.8204663], [-68.8485038, -28.820148], [-68.848436, -28.8200801], [-68.8478161, -28.8204069], [-68.8470944, -28.820636], [-68.8460724, -28.8211622], [-68.8455541, -28.8211622], [-68.8452538, -28.8210816], [-68.845031, -28.8211283], [-68.8442561, -28.8215272], [-68.8435295, -28.8217987], [-68.842585, -28.8223801], [-68.8423138, -28.822431], [-68.8420619, -28.8221637], [-68.8420043, -28.8222093], [-68.8419602, -28.8222443], [-68.8419021, -28.822622], [-68.8414953, -28.8230803], [-68.8408026, -28.823738], [-68.840512, -28.8238186], [-68.8400452, -28.8238848], [-68.8394918, -28.8240842], [-68.8391836, -28.8241395], [-68.8386022, -28.8243942], [-68.8384516, -28.8240413], [-68.8383185, -28.8240536], [-68.8380208, -28.8243021], [-68.8374989, -28.8245875], [-68.8371206, -28.8248821], [-68.8370225, -28.8251153], [-68.8368789, -28.8251736], [-68.8367388, -28.8250877], [-68.8365567, -28.8249158], [-68.8364306, -28.8248729], [-68.8363732, -28.824795], [-68.8356307, -28.8249239], [-68.8354906, -28.8248135], [-68.8354135, -28.8242427], [-68.8351543, -28.8239911], [-68.829235, -28.8222604], [-68.8282263, -28.8218492], [-68.8280091, -28.8217203], [-68.8277009, -28.8216528], [-68.8257465, -28.8207015], [-68.8243875, -28.8199404], [-68.823743, -28.8195415], [-68.8230985, -28.8194494], [-68.8219847, -28.81867], [-68.8203657, -28.8174755]]}, "properties": {"osm_id": 895225201, "nombre": "Camino a Parque Nacional San Guillermo", "highway": "track", "surface": "unpaved"}}, {"type": "Feature", "geometry": {"type": "LineString", "coordinates": [[-68.5680197, -29.5299863], [-68.5675506, -29.5321134], [-68.567224, -29.5339406], [-68.5667175, -29.5358809], [-68.5665379, -29.5365688], [-68.5662002, -29.5376996]]}, "properties": {"osm_id": 922218942, "nombre": "", "highway": "residential", "surface": ""}}, {"type": "Feature", "geometry": {"type": "LineString", "coordinates": [[-68.5378121, -29.5326975], [-68.5375359, -29.5327364], [-68.5372368, -29.5327531]]}, "properties": {"osm_id": 981392372, "nombre": "", "highway": "service", "surface": "pebblestone"}}, {"type": "Feature", "geometry": {"type": "LineString", "coordinates": [[-68.5378121, -29.5326975], [-68.5378607, -29.5326753], [-68.5378782, -29.532632], [-68.5378822, -29.5323721], [-68.5379065, -29.5323244], [-68.537935, -29.5322811], [-68.5379959, -29.5322201]]}, "properties": {"osm_id": 981392373, "nombre": "", "highway": "service", "surface": "pebblestone"}}, {"type": "Feature", "geometry": {"type": "LineString", "coordinates": [[-68.5367653, -29.5331597], [-68.5372368, -29.5327531], [-68.5373592, -29.5324962], [-68.5374168, -29.5324035], [-68.5374458, -29.5323673], [-68.5375235, -29.5323241], [-68.5377169, -29.5322823], [-68.5379959, -29.5322201], [-68.5381939, -29.5321666]]}, "properties": {"osm_id": 981392374, "nombre": "", "highway": "service", "surface": ""}}, {"type": "Feature", "geometry": {"type": "LineString", "coordinates": [[-68.5373242, -29.5494367], [-68.5350284, -29.5493091], [-68.5346603, -29.5492796], [-68.5336875, -29.5491647], [-68.5333419, -29.5491167], [-68.5326745, -29.548966], [-68.5324526, -29.5489339], [-68.5317141, -29.5489056], [-68.5315137, -29.5489191], [-68.5310792, -29.5489751]]}, "properties": {"osm_id": 996528068, "nombre": "", "highway": "residential", "surface": ""}}, {"type": "Feature", "geometry": {"type": "LineString", "coordinates": [[-68.5472927, -29.5201771], [-68.5452687, -29.5197273], [-68.5449298, -29.5196254], [-68.5447819, -29.5195503], [-68.5446587, -29.5194591], [-68.5439439, -29.518746], [-68.5438083, -29.5186816], [-68.5436727, -29.5186816], [-68.5435248, -29.5187084], [-68.5429148, -29.5190999], [-68.5423602, -29.5195503], [-68.5417317, -29.5199149], [-68.540832, -29.5205316], [-68.5404253, -29.5208962], [-68.5401911, -29.521175], [-68.5401357, -29.5213091], [-68.5400556, -29.521604], [-68.5399077, -29.5220008], [-68.5398337, -29.5221456], [-68.5397413, -29.5222689], [-68.5396982, -29.52236], [-68.539692, -29.5224244], [-68.5396194, -29.5225456]]}, "properties": {"osm_id": 996528080, "nombre": "", "highway": "residential", "surface": ""}}, {"type": "Feature", "geometry": {"type": "LineString", "coordinates": [[-68.6990145, -29.2124172], [-68.6989421, -29.2121597], [-68.6989099, -29.211839], [-68.6989474, -29.2116493], [-68.6990252, -29.2114503], [-68.6991057, -29.21105], [-68.6992827, -29.2108089], [-68.6994624, -29.2106824], [-68.6997119, -29.2105373], [-68.6998862, -29.2103922], [-68.6999801, -29.2101932], [-68.7000981, -29.2098724], [-68.7002108, -29.2097085], [-68.7004763, -29.2095002], [-68.7008759, -29.2092309], [-68.7012541, -29.2090437], [-68.7015116, -29.2088891], [-68.7016323, -29.2087791], [-68.7016699, -29.208655], [-68.701745, -29.2083858], [-68.7018845, -29.2080299], [-68.7020534, -29.207749], [-68.7021902, -29.2075968], [-68.7024155, -29.2074165], [-68.7026247, -29.2072222], [-68.7028098, -29.2069483], [-68.7029439, -29.2067399], [-68.7031317, -29.2065503], [-68.7037995, -29.2060329], [-68.7041134, -29.2058152], [-68.7046632, -29.2053727], [-68.705146, -29.2049302], [-68.7058648, -29.2043449], [-68.7062913, -29.2039796], [-68.7063959, -29.203694], [-68.7066534, -29.2031953], [-68.7070289, -29.2026825], [-68.707214, -29.2023056], [-68.7072971, -29.2021136], [-68.7073642, -29.2020246], [-68.7074849, -29.2018373], [-68.7076378, -29.2015095], [-68.7077022, -29.2013363], [-68.7078255, -29.2012099], [-68.708429, -29.2008189], [-68.7087643, -29.2006105], [-68.7089548, -29.20047], [-68.7094107, -29.2000977], [-68.7100384, -29.199606], [-68.7112319, -29.1985711], [-68.7116826, -29.1983066], [-68.7120473, -29.1981895], [-68.7124094, -29.1981684]]}, "properties": {"osm_id": 999580786, "nombre": "", "highway": "unclassified", "surface": ""}}, {"type": "Feature", "geometry": {"type": "LineString", "coordinates": [[-68.7678711, -29.0724894], [-68.7698329, -29.0705179], [-68.7735558, -29.0666919], [-68.7769675, -29.0630908], [-68.7801034, -29.05975], [-68.7811756, -29.0586876]]}, "properties": {"osm_id": 999583764, "nombre": "", "highway": "unclassified", "surface": ""}}, {"type": "Feature", "geometry": {"type": "LineString", "coordinates": [[-68.7261224, -29.218399], [-68.7260932, -29.2185409], [-68.7260812, -29.2188093], [-68.7260715, -29.2189654], [-68.7260692, -29.2191301], [-68.7260476, -29.2192114], [-68.7260173, -29.21928], [-68.7259174, -29.2194717], [-68.7257377, -29.2199842], [-68.7257051, -29.2201326], [-68.7257067, -29.2201838], [-68.7257178, -29.2202135], [-68.7257416, -29.2202447], [-68.7258462, -29.2203415], [-68.7259046, -29.2203969]]}, "properties": {"osm_id": 1029384576, "nombre": "", "highway": "unclassified", "surface": ""}}, {"type": "Feature", "geometry": {"type": "LineString", "coordinates": [[-68.5329451, -29.5653684], [-68.5325947, -29.5655975], [-68.5324673, -29.5656406], [-68.532262, -29.5656653], [-68.5320143, -29.5656837], [-68.531986, -29.5656991], [-68.5319541, -29.5657361], [-68.5315365, -29.5671151]]}, "properties": {"osm_id": 1066762506, "nombre": "", "highway": "residential", "surface": ""}}, {"type": "Feature", "geometry": {"type": "LineString", "coordinates": [[-68.5477549, -29.5464641], [-68.5474617, -29.5492327]]}, "properties": {"osm_id": 1066762507, "nombre": "", "highway": "residential", "surface": ""}}, {"type": "Feature", "geometry": {"type": "LineString", "coordinates": [[-68.5586992, -29.5475343], [-68.5585903, -29.5480505], [-68.5585049, -29.5488811], [-68.5583801, -29.5496106]]}, "properties": {"osm_id": 1066762508, "nombre": "", "highway": "residential", "surface": ""}}, {"type": "Feature", "geometry": {"type": "LineString", "coordinates": [[-68.5612417, -29.5363973], [-68.5580859, -29.5359066], [-68.5561068, -29.5356175], [-68.5536309, -29.5352558], [-68.5518001, -29.5349883], [-68.55159, -29.5349843], [-68.5514078, -29.5350005], [-68.5513724, -29.5350179], [-68.5512584, -29.5350737], [-68.5508194, -29.5353134], [-68.5506466, -29.5353743], [-68.5504925, -29.5353947], [-68.5479941, -29.53548], [-68.5477498, -29.5354842], [-68.5476015, -29.5354838], [-68.5473344, -29.5353968], [-68.5473099, -29.5353949], [-68.5472801, -29.5354023], [-68.5472589, -29.535418], [-68.5471961, -29.5355026], [-68.5471119, -29.5355616], [-68.5465697, -29.5356466], [-68.5454069, -29.5358457], [-68.5450425, -29.5359133]]}, "properties": {"osm_id": 1066762509, "nombre": "", "highway": "unclassified", "surface": ""}}, {"type": "Feature", "geometry": {"type": "LineString", "coordinates": [[-68.5556165, -29.5286975], [-68.5536261, -29.5283936]]}, "properties": {"osm_id": 1066762510, "nombre": "", "highway": "residential", "surface": ""}}, {"type": "Feature", "geometry": {"type": "LineString", "coordinates": [[-68.5487833, -29.5280076], [-68.5533179, -29.5287715], [-68.553472, -29.5288447], [-68.5535374, -29.5289666], [-68.5535537, -29.5290662], [-68.5535374, -29.5291941], [-68.5534346, -29.5295436], [-68.5526314, -29.531689], [-68.5513724, -29.5350179]]}, "properties": {"osm_id": 1066762511, "nombre": "", "highway": "residential", "surface": ""}}, {"type": "Feature", "geometry": {"type": "LineString", "coordinates": [[-68.5505392, -29.5298077], [-68.5497673, -29.5313104], [-68.5481202, -29.534517], [-68.5480262, -29.534634], [-68.5476199, -29.5351046], [-68.5474726, -29.5351515], [-68.5473092, -29.5351719], [-68.5471317, -29.5352202], [-68.5470969, -29.5352716], [-68.5470995, -29.5353182], [-68.5471559, -29.5353602], [-68.5472589, -29.535418]]}, "properties": {"osm_id": 1066762512, "nombre": "", "highway": "residential", "surface": ""}}, {"type": "Feature", "geometry": {"type": "LineString", "coordinates": [[-68.5542726, -29.532982], [-68.5527248, -29.5328227]]}, "properties": {"osm_id": 1066762513, "nombre": "", "highway": "residential", "surface": ""}}, {"type": "Feature", "geometry": {"type": "LineString", "coordinates": [[-68.5614077, -29.5355765], [-68.5611588, -29.5355775], [-68.560958, -29.5355734], [-68.5599539, -29.5354068], [-68.5563441, -29.5348085]]}, "properties": {"osm_id": 1066762514, "nombre": "", "highway": "residential", "surface": ""}}, {"type": "Feature", "geometry": {"type": "LineString", "coordinates": [[-68.561847, -29.5334039], [-68.5593186, -29.5330572], [-68.5586744, -29.5329689]]}, "properties": {"osm_id": 1066762515, "nombre": "", "highway": "residential", "surface": ""}}, {"type": "Feature", "geometry": {"type": "LineString", "coordinates": [[-68.5956035, -29.5480715], [-68.5949619, -29.5473312], [-68.5949123, -29.5472326], [-68.5942713, -29.5456869], [-68.5941979, -29.5455891], [-68.593942, -29.5454812], [-68.5934046, -29.5453668], [-68.5930507, -29.5452991], [-68.5917412, -29.544985], [-68.5916634, -29.5449542], [-68.5916209, -29.5449111], [-68.5915643, -29.5448064], [-68.5914935, -29.5447141], [-68.591359, -29.5446278], [-68.5911891, -29.5445724], [-68.59109, -29.5445724], [-68.590998, -29.5446094], [-68.590821, -29.5447141], [-68.5907078, -29.5447572], [-68.5905025, -29.5448064], [-68.5903185, -29.5448064], [-68.5893841, -29.5447941], [-68.5883365, -29.5446833], [-68.5880463, -29.544671], [-68.5877844, -29.5446771], [-68.5868033, -29.5447331]]}, "properties": {"osm_id": 1066762516, "nombre": "", "highway": "residential", "surface": ""}}, {"type": "Feature", "geometry": {"type": "LineString", "coordinates": [[-68.6052783, -29.5490525], [-68.6051902, -29.5491231], [-68.6051406, -29.5492031], [-68.6043478, -29.5511305], [-68.6043408, -29.5512352], [-68.6043761, -29.5512967], [-68.6044894, -29.551383], [-68.6045389, -29.5514568], [-68.6045389, -29.5515307], [-68.6045209, -29.5516804], [-68.6042558, -29.5525529], [-68.6042133, -29.5527561], [-68.6042487, -29.5552252], [-68.6042275, -29.5553853], [-68.6041709, -29.5555762], [-68.6041001, -29.555724], [-68.6039727, -29.5558779], [-68.6028118, -29.55682], [-68.6026207, -29.5569431], [-68.6005326, -29.5579098], [-68.5991098, -29.5584331], [-68.5986002, -29.5585871], [-68.59831, -29.5586671]]}, "properties": {"osm_id": 1066762517, "nombre": "", "highway": "unclassified", "surface": ""}}, {"type": "Feature", "geometry": {"type": "LineString", "coordinates": [[-68.598199, -29.5463081], [-68.5986685, -29.5445173], [-68.5987252, -29.5444373], [-68.5987889, -29.5444311], [-68.6005656, -29.5449311], [-68.6012174, -29.545119], [-68.6022808, -29.5453891], [-68.6037782, -29.5458019], [-68.6041788, -29.545877], [-68.6045238, -29.5459359], [-68.6047642, -29.5460003]]}, "properties": {"osm_id": 1066762518, "nombre": "", "highway": "residential", "surface": ""}}, {"type": "Feature", "geometry": {"type": "LineString", "coordinates": [[-68.6001928, -29.5463875], [-68.6000504, -29.5457389], [-68.6000504, -29.5456689], [-68.6000879, -29.5455942], [-68.6001952, -29.5454356], [-68.6002489, -29.5453329], [-68.600324, -29.5452396], [-68.6004098, -29.5451416], [-68.6005656, -29.5449311]]}, "properties": {"osm_id": 1066762519, "nombre": "", "highway": "residential", "surface": ""}}, {"type": "Feature", "geometry": {"type": "LineString", "coordinates": [[-68.5857068, -29.542306], [-68.5856684, -29.5432561], [-68.5856493, -29.543872], [-68.5856185, -29.5439364], [-68.5854521, -29.544006], [-68.5851897, -29.5441103]]}, "properties": {"osm_id": 1066762520, "nombre": "", "highway": "residential", "surface": ""}}, {"type": "Feature", "geometry": {"type": "LineString", "coordinates": [[-68.5746187, -29.5125059], [-68.5746356, -29.5123472], [-68.5745801, -29.5122024], [-68.5744507, -29.5120361], [-68.5739639, -29.5116554], [-68.5738098, -29.5115481], [-68.5736558, -29.5114945], [-68.573095, -29.5113014], [-68.5729841, -29.5112478], [-68.5728732, -29.5111674], [-68.5726575, -29.5110172], [-68.5724727, -29.51091], [-68.5722755, -29.5108295], [-68.5721276, -29.5107705], [-68.5720536, -29.5107276], [-68.5719797, -29.5106633], [-68.5719058, -29.5105882], [-68.5718318, -29.510556], [-68.5713142, -29.5103415], [-68.5711417, -29.5102504], [-68.5710492, -29.5101807], [-68.5710122, -29.5101324], [-68.5709321, -29.5099352]]}, "properties": {"osm_id": 1066762521, "nombre": "", "highway": "unclassified", "surface": ""}}, {"type": "Feature", "geometry": {"type": "LineString", "coordinates": [[-69.1598368, -28.734493], [-69.1592789, -28.7356595], [-69.1589999, -28.7360546], [-69.1579914, -28.7387451], [-69.1570473, -28.7404384], [-69.156704, -28.7414168], [-69.1566181, -28.7418683], [-69.1545153, -28.7441824], [-69.1512752, -28.7485471], [-69.1476381, -28.7537581], [-69.1473591, -28.7543036], [-69.1469729, -28.7551313], [-69.1452026, -28.7576426], [-69.1437757, -28.760596], [-69.1426706, -28.7644332], [-69.142499, -28.765148], [-69.1421664, -28.7659568], [-69.1417265, -28.7679883], [-69.1415119, -28.7685055], [-69.1406322, -28.7696999], [-69.1403425, -28.7696999], [-69.1400635, -28.7693143], [-69.139806, -28.7693049], [-69.1392696, -28.7697093], [-69.1388083, -28.7705745], [-69.1384435, -28.7715902], [-69.1383898, -28.7722391], [-69.1389692, -28.7746935], [-69.1394305, -28.7758032], [-69.1398382, -28.7774959], [-69.1406107, -28.778662], [-69.1409755, -28.779513], [-69.1413295, -28.7807308], [-69.1416889, -28.7822071], [-69.1422737, -28.7831145], [-69.1440117, -28.7887328], [-69.1443765, -28.7896073], [-69.1446233, -28.7909048], [-69.1444302, -28.7920237], [-69.1440976, -28.7953522], [-69.1446124, -28.8003917]]}, "properties": {"osm_id": 1121877622, "nombre": "", "highway": "track", "surface": ""}}, {"type": "Feature", "geometry": {"type": "LineString", "coordinates": [[-68.5416751, -29.5227671], [-68.5419476, -29.5216167]]}, "properties": {"osm_id": 1174883614, "nombre": "", "highway": "residential", "surface": ""}}, {"type": "Feature", "geometry": {"type": "LineString", "coordinates": [[-68.5479315, -29.5236402], [-68.5480458, -29.523007]]}, "properties": {"osm_id": 1174883615, "nombre": "", "highway": "residential", "surface": ""}}, {"type": "Feature", "geometry": {"type": "LineString", "coordinates": [[-68.5546642, -29.5215856], [-68.5544733, -29.5225047]]}, "properties": {"osm_id": 1174883616, "nombre": "", "highway": "service", "surface": ""}}, {"type": "Feature", "geometry": {"type": "LineString", "coordinates": [[-68.5648608, -29.5196587], [-68.563313, -29.518474], [-68.5627831, -29.5180684], [-68.5624904, -29.5178668], [-68.5608236, -29.5169965], [-68.5597991, -29.5165401], [-68.5596397, -29.5164649], [-68.5589819, -29.5160448], [-68.558612, -29.5158608], [-68.5582908, -29.5157511], [-68.5571443, -29.5155707]]}, "properties": {"osm_id": 1174883617, "nombre": "", "highway": "residential", "surface": ""}}, {"type": "Feature", "geometry": {"type": "LineString", "coordinates": [[-68.5648556, -29.5258567], [-68.5639337, -29.5256681]]}, "properties": {"osm_id": 1174883618, "nombre": "", "highway": "residential", "surface": ""}}, {"type": "Feature", "geometry": {"type": "LineString", "coordinates": [[-68.562268, -29.527821], [-68.562337, -29.5275105]]}, "properties": {"osm_id": 1174883619, "nombre": "", "highway": "residential", "surface": ""}}, {"type": "Feature", "geometry": {"type": "LineString", "coordinates": [[-68.5646102, -29.5268529], [-68.5652101, -29.5269695]]}, "properties": {"osm_id": 1174895147, "nombre": "", "highway": "residential", "surface": ""}}, {"type": "Feature", "geometry": {"type": "LineString", "coordinates": [[-68.5626637, -29.5357105], [-68.5628422, -29.535693], [-68.5631963, -29.535735], [-68.5633862, -29.5358001], [-68.5640961, -29.5358644], [-68.5640467, -29.5362442]]}, "properties": {"osm_id": 1174895148, "nombre": "", "highway": "service", "surface": ""}}, {"type": "Feature", "geometry": {"type": "LineString", "coordinates": [[-68.5625539, -29.5360633], [-68.5624048, -29.5368421], [-68.5622747, -29.5377512], [-68.5622097, -29.5378184], [-68.5621487, -29.5378325], [-68.5620715, -29.5378325], [-68.5609797, -29.5376932]]}, "properties": {"osm_id": 1174895149, "nombre": "", "highway": "residential", "surface": ""}}, {"type": "Feature", "geometry": {"type": "LineString", "coordinates": [[-68.5618862, -29.5477592], [-68.5619003, -29.5478297], [-68.5619003, -29.5479127], [-68.561851, -29.5481995], [-68.5617801, -29.5487356]]}, "properties": {"osm_id": 1174895150, "nombre": "", "highway": "residential", "surface": ""}}, {"type": "Feature", "geometry": {"type": "LineString", "coordinates": [[-68.5593186, -29.5330572], [-68.5593102, -29.5338622]]}, "properties": {"osm_id": 1174895151, "nombre": "", "highway": "residential", "surface": ""}}, {"type": "Feature", "geometry": {"type": "LineString", "coordinates": [[-68.5613811, -29.5290187], [-68.5613853, -29.5288364], [-68.5614016, -29.5287763], [-68.5615683, -29.5281855], [-68.5616739, -29.5277116]]}, "properties": {"osm_id": 1174895152, "nombre": "", "highway": "residential", "surface": ""}}, {"type": "Feature", "geometry": {"type": "LineString", "coordinates": [[-68.5576798, -29.5271542], [-68.5580923, -29.525727]]}, "properties": {"osm_id": 1174895153, "nombre": "", "highway": "residential", "surface": ""}}, {"type": "Feature", "geometry": {"type": "LineString", "coordinates": [[-68.553472, -29.5288447], [-68.5554837, -29.529121]]}, "properties": {"osm_id": 1174895156, "nombre": "", "highway": "residential", "surface": ""}}, {"type": "Feature", "geometry": {"type": "LineString", "coordinates": [[-68.5361105, -29.5335143], [-68.536301, -29.533512], [-68.5364113, -29.5334741], [-68.5364646, -29.5334326], [-68.5365692, -29.5331946], [-68.5365841, -29.5331245]]}, "properties": {"osm_id": 1218648355, "nombre": "", "highway": "service", "surface": ""}}, {"type": "Feature", "geometry": {"type": "LineString", "coordinates": [[-69.1574445, -28.8218059], [-69.157284, -28.8222436], [-69.1572042, -28.8225144], [-69.1571914, -28.8228035], [-69.1571639, -28.8228963], [-69.1571103, -28.8230203], [-69.1569863, -28.8231971], [-69.156946, -28.8232699], [-69.1569246, -28.8233257], [-69.1569205, -28.8233921], [-69.1569641, -28.8235002], [-69.1570037, -28.8236964], [-69.1570164, -28.8239015], [-69.1570164, -28.8241112], [-69.1569607, -28.8246132], [-69.1569299, -28.8247515], [-69.1568269, -28.8250541], [-69.1566972, -28.8252685], [-69.1565564, -28.8255341], [-69.1565035, -28.8256527], [-69.1563593, -28.8258724], [-69.1562292, -28.8260581], [-69.1561745, -28.8261662], [-69.1561306, -28.8262819], [-69.1561005, -28.8263965], [-69.1561078, -28.8265116], [-69.1561266, -28.8266555], [-69.1561709, -28.8267959], [-69.1562554, -28.8270015], [-69.1566004, -28.8278501], [-69.15683, -28.828385], [-69.1570144, -28.8287774], [-69.1571465, -28.8291357], [-69.1572381, -28.8295562], [-69.157292, -28.8297702], [-69.1573074, -28.830068], [-69.1573061, -28.8301867], [-69.1572813, -28.8303423], [-69.1572265, -28.8305779], [-69.1566818, -28.8326756], [-69.1564249, -28.8338589], [-69.1564143, -28.8339609], [-69.1564257, -28.8341031], [-69.1564827, -28.8345701], [-69.156498, -28.8349072], [-69.1564833, -28.8351733], [-69.1564257, -28.8356779], [-69.156401, -28.8361942], [-69.1564176, -28.8364932], [-69.1564136, -28.8366307], [-69.1563787, -28.8368398], [-69.1563197, -28.8370548], [-69.1562567, -28.8372663], [-69.1561534, -28.8375171], [-69.1561286, -28.8376428], [-69.1561072, -28.8379042], [-69.1560763, -28.8380657], [-69.1560408, -28.8382178], [-69.1559214, -28.8386378], [-69.1556217, -28.839671], [-69.1553313, -28.8407877], [-69.1551939, -28.8413357], [-69.1550852, -28.841694], [-69.1548774, -28.8423941], [-69.1547681, -28.8427824], [-69.154646, -28.843096], [-69.1545293, -28.8433968], [-69.1544127, -28.8436975], [-69.1542926, -28.8439706], [-69.154121, -28.8442825], [-69.1538373, -28.8447271], [-69.1531308, -28.845746], [-69.1525143, -28.846528], [-69.1523869, -28.8466742], [-69.1522408, -28.8468293], [-69.1519967, -28.8470848], [-69.1518324, -28.8472874], [-69.1516493, -28.8474824], [-69.1512564, -28.8478724], [-69.1511102, -28.848058], [-69.1508514, -28.8484679], [-69.1505919, -28.8489325], [-69.150335, -28.8493613], [-69.1501312, -28.8496702], [-69.1499937, -28.8499122], [-69.1497879, -28.8503033], [-69.1497168, -28.8504261], [-69.1496598, -28.8505794], [-69.1495894, -28.8507491], [-69.1494769, -28.8509676], [-69.1494513, -28.8510305], [-69.1494452, -28.8511191], [-69.1494513, -28.8512607], [-69.1494513, -28.8517288], [-69.1494673, -28.8524312], [-69.1494895, -28.8527765], [-69.1494848, -28.8530367], [-69.1494606, -28.8533116], [-69.1494533, -28.8535588], [-69.1494566, -28.8539341], [-69.1494526, -28.854458], [-69.1494566, -28.8549173], [-69.1494365, -28.8553055], [-69.1494083, -28.8555005], [-69.1493353, -28.8559186], [-69.1492313, -28.856456], [-69.1491616, -28.8569194], [-69.1491213, -28.8572623], [-69.1490677, -28.8575842], [-69.1489464, -28.8581699], [-69.1488585, -28.8589102], [-69.1487995, -28.859225], [-69.1487324, -28.8594494], [-69.1485669, -28.8599901], [-69.1483194, -28.8604953], [-69.1482161, -28.8606621], [-69.1481148, -28.8608165], [-69.1480538, -28.8609657], [-69.1479009, -28.8614038], [-69.1476099, -28.8620862], [-69.1472586, -28.8629084], [-69.147111, -28.8632219], [-69.1468629, -28.8636854], [-69.1465836, -28.8642059], [-69.1460663, -28.8651481], [-69.1459758, -28.8653237], [-69.1457418, -28.865871], [-69.1454541, -28.8664635], [-69.1453555, -28.8666996], [-69.1453173, -28.8668229], [-69.1452878, -28.8669586], [-69.1452777, -28.8671623], [-69.1452784, -28.8673538], [-69.1452831, -28.8676697], [-69.1453059, -28.867961], [-69.1452871, -28.8682922], [-69.1451879, -28.8693022], [-69.1451383, -28.8697402], [-69.1450833, -28.8702394], [-69.1450019, -28.8706878], [-69.1449599, -28.8712635], [-69.1448861, -28.8718612], [-69.1448084, -28.8722359], [-69.1447574, -28.872526], [-69.1447359, -28.8727291], [-69.1447158, -28.8733398], [-69.144685, -28.8740362], [-69.144668, -28.8751069], [-69.1446253, -28.8755934], [-69.144575, -28.8759258], [-69.1445066, -28.8762816], [-69.1444141, -28.8767326], [-69.1443068, -28.8770943], [-69.1441841, -28.8774348], [-69.1440647, -28.8777343], [-69.144001, -28.8779122], [-69.1439956, -28.8780114], [-69.144007, -28.8781212], [-69.1440399, -28.8782592], [-69.1441821, -28.878561], [-69.1443014, -28.8789286], [-69.1443993, -28.879329], [-69.1444369, -28.8795592], [-69.1444563, -28.8802521], [-69.1444369, -28.8804347], [-69.1444094, -28.8805832], [-69.1443691, -28.8806672], [-69.1443651, -28.8807124], [-69.1443732, -28.880762], [-69.1443876, -28.8807993], [-69.1444141, -28.8808436], [-69.1444858, -28.8809255], [-69.1446608, -28.8811081], [-69.1448513, -28.8813665], [-69.145043, -28.8817963], [-69.1451664, -28.8820364], [-69.1456204, -28.8829946], [-69.1459389, -28.8837186], [-69.1461763, -28.8842799], [-69.1463882, -28.8847214], [-69.1466913, -28.8853819], [-69.1467348, -28.8854712], [-69.1467751, -28.8855757], [-69.1468918, -28.8859485], [-69.1470493, -28.8865245], [-69.1471352, -28.8868673], [-69.1471841, -28.8870581], [-69.1472626, -28.8874175], [-69.1473122, -28.8878038], [-69.1474215, -28.8882676], [-69.1475911, -28.889025], [-69.1477085, -28.889551], [-69.1477896, -28.8899591], [-69.1478929, -28.8905831], [-69.1479304, -28.8909295], [-69.1479895, -28.8914426], [-69.1480672, -28.8919158], [-69.1482161, -28.8926521], [-69.1482899, -28.892962], [-69.148314, -28.8931194], [-69.1483502, -28.8934998], [-69.1483609, -28.8937276], [-69.1483663, -28.8939753], [-69.1483844, -28.8941368], [-69.1484132, -28.8942565], [-69.14855, -28.8946775], [-69.1488317, -28.8957201], [-69.1490239, -28.8962797]]}, "properties": {"osm_id": 1224056622, "nombre": "", "highway": "track", "surface": ""}}]}